BANKNIFTYWK20600PE,2020/04/28,14:00,695.35,695.35,551.15,551.15,20
BANKNIFTYWK20600PE,2020/04/28,14:06,551.15,551.15,551.15,551.15,20
BANKNIFTYWK20600PE,2020/04/28,14:11,551.15,625,551.15,625,100
BANKNIFTYWK20600PE,2020/04/28,14:12,625,625,595.05,595.05,20
BANKNIFTYWK20600PE,2020/04/28,14:20,595.05,605.4,595.05,605.4,20
BANKNIFTYWK20600PE,2020/04/28,14:29,605.4,605.4,585.85,585.85,20
BANKNIFTYWK20600PE,2020/04/28,14:41,585.85,585.85,566.25,566.25,20
BANKNIFTYWK20600PE,2020/04/28,14:44,566.25,612.45,566.25,612.45,20
BANKNIFTYWK20600PE,2020/04/28,14:45,612.45,612.45,612.45,612.45,20
BANKNIFTYWK20600PE,2020/04/28,14:46,612.45,612.45,600.25,600.25,20
BANKNIFTYWK20600PE,2020/04/28,14:49,600.25,600.25,554.3,554.3,20
BANKNIFTYWK20600PE,2020/04/28,14:56,554.3,555.25,552.55,555.25,40
BANKNIFTYWK20600PE,2020/04/28,14:59,555.25,587.35,555.25,573.5,60
BANKNIFTYWK20600PE,2020/04/28,15:01,573.5,573.5,573.5,573.5,20
BANKNIFTYWK20600PE,2020/04/28,15:05,573.5,586.4,573.5,586.4,40
BANKNIFTYWK20600PE,2020/04/28,15:06,586.4,586.4,578.5,578.5,300
BANKNIFTYWK20600PE,2020/04/28,15:08,578.5,578.5,576.8,576.8,20
BANKNIFTYWK20600PE,2020/04/28,15:09,576.8,576.8,575.85,575.85,20
BANKNIFTYWK20600PE,2020/04/28,15:10,575.85,575.85,574.7,574.7,20
BANKNIFTYWK20600PE,2020/04/28,15:11,574.7,574.7,555,555,20
BANKNIFTYWK20600PE,2020/04/28,15:12,555,558,545,558,60
BANKNIFTYWK20600PE,2020/04/28,15:13,558,564.45,522.9,534.65,120
BANKNIFTYWK20600PE,2020/04/28,15:14,534.65,534.75,534.65,534.75,100
BANKNIFTYWK20600PE,2020/04/28,15:16,534.75,555.7,534.75,555.7,20
BANKNIFTYWK20600PE,2020/04/28,15:17,554.5,554.6,552.45,554.6,60
BANKNIFTYWK20600PE,2020/04/28,15:19,554.6,554.6,553.3,554.55,20
BANKNIFTYWK20600PE,2020/04/28,15:20,554.55,560.45,554.55,560.45,120
BANKNIFTYWK20600PE,2020/04/28,15:22,560.45,560.45,540,540,20
BANKNIFTYWK20600PE,2020/04/28,15:24,540,546.85,540,546.85,20
BANKNIFTYWK20600PE,2020/04/28,15:26,546.85,546.85,514.6,514.6,160
BANKNIFTYWK20600PE,2020/04/28,15:29,514.6,519.95,514.6,514.6,60
BANKNIFTYWK20600PE,2020/04/29,09:16,731.25,731.25,553.4,553.4,440
BANKNIFTYWK20600PE,2020/04/29,09:17,553.4,585.35,553.4,585.35,40
BANKNIFTYWK20600PE,2020/04/29,09:18,585.35,590,560.1,590,120
BANKNIFTYWK20600PE,2020/04/29,09:19,590,597.5,580,580,40
BANKNIFTYWK20600PE,2020/04/29,09:20,580,580,553.25,553.25,60
BANKNIFTYWK20600PE,2020/04/29,09:21,553.25,553.25,525.3,525.35,80
BANKNIFTYWK20600PE,2020/04/29,09:22,525.35,525.35,514.05,515,260
BANKNIFTYWK20600PE,2020/04/29,09:23,515,515,500,500,80
BANKNIFTYWK20600PE,2020/04/29,09:24,500,515,500,515,80
BANKNIFTYWK20600PE,2020/04/29,09:25,515,515,500,500,140
BANKNIFTYWK20600PE,2020/04/29,09:26,500,514.1,500,514.1,60
BANKNIFTYWK20600PE,2020/04/29,09:27,514.1,526.75,514.1,516.65,600
BANKNIFTYWK20600PE,2020/04/29,09:28,516.65,527,516.65,527,60
BANKNIFTYWK20600PE,2020/04/29,09:29,535,540.8,527,540.8,240
BANKNIFTYWK20600PE,2020/04/29,09:30,540.8,540.8,500.05,500.05,280
BANKNIFTYWK20600PE,2020/04/29,09:31,500.05,500.05,500,500,220
BANKNIFTYWK20600PE,2020/04/29,09:32,500,500,495,495,40
BANKNIFTYWK20600PE,2020/04/29,09:34,495,495,483.6,492.6,240
BANKNIFTYWK20600PE,2020/04/29,09:35,492.6,492.6,478.75,479,240
BANKNIFTYWK20600PE,2020/04/29,09:36,479,482.7,479,479,640
BANKNIFTYWK20600PE,2020/04/29,09:37,479,482.75,472.1,472.1,140
BANKNIFTYWK20600PE,2020/04/29,09:38,472.1,474.75,471.75,474.75,40
BANKNIFTYWK20600PE,2020/04/29,09:39,474.75,476.7,465.5,473.85,100
BANKNIFTYWK20600PE,2020/04/29,09:40,473.5,478.8,473.5,478.8,100
BANKNIFTYWK20600PE,2020/04/29,09:41,478.8,478.8,475,475,200
BANKNIFTYWK20600PE,2020/04/29,09:42,475,475,471.35,471.4,100
BANKNIFTYWK20600PE,2020/04/29,09:43,471.4,475.4,468.45,468.45,40
BANKNIFTYWK20600PE,2020/04/29,09:45,468.45,485,468.45,485,100
BANKNIFTYWK20600PE,2020/04/29,09:46,485,498,485,498,40
BANKNIFTYWK20600PE,2020/04/29,09:47,498,504.05,498,498.8,140
BANKNIFTYWK20600PE,2020/04/29,09:48,498.8,500,486.15,492.85,940
BANKNIFTYWK20600PE,2020/04/29,09:49,492.85,492.85,490.25,490.25,40
BANKNIFTYWK20600PE,2020/04/29,09:50,490.25,490.25,480,480,40
BANKNIFTYWK20600PE,2020/04/29,09:51,480,480,480,480,60
BANKNIFTYWK20600PE,2020/04/29,09:52,480,480,480,480,80
BANKNIFTYWK20600PE,2020/04/29,09:53,480,480,470,470,60
BANKNIFTYWK20600PE,2020/04/29,09:54,470,470,470,470,20
BANKNIFTYWK20600PE,2020/04/29,09:55,470,480,470,480,120
BANKNIFTYWK20600PE,2020/04/29,09:58,480,497.2,480,488.05,120
BANKNIFTYWK20600PE,2020/04/29,09:59,488.05,488.45,488.05,488.45,40
BANKNIFTYWK20600PE,2020/04/29,10:00,488.45,503.75,488.45,503.75,40
BANKNIFTYWK20600PE,2020/04/29,10:01,503.75,503.75,490,494.05,80
BANKNIFTYWK20600PE,2020/04/29,10:03,494.05,494.05,480.9,481,200
BANKNIFTYWK20600PE,2020/04/29,10:04,481,487.7,477.85,487.7,40
BANKNIFTYWK20600PE,2020/04/29,10:06,487.7,500,487.7,500,240
BANKNIFTYWK20600PE,2020/04/29,10:07,500,500,499.3,499.3,40
BANKNIFTYWK20600PE,2020/04/29,10:08,499.3,499.3,487.7,487.7,80
BANKNIFTYWK20600PE,2020/04/29,10:09,490,490,487.7,490,300
BANKNIFTYWK20600PE,2020/04/29,10:12,490,490,490,490,100
BANKNIFTYWK20600PE,2020/04/29,10:13,490,490,480,480,40
BANKNIFTYWK20600PE,2020/04/29,10:14,480,480,480,480,40
BANKNIFTYWK20600PE,2020/04/29,10:15,480,480,476.2,476.2,40
BANKNIFTYWK20600PE,2020/04/29,10:16,476.2,476.2,470,470,60
BANKNIFTYWK20600PE,2020/04/29,10:17,470,470,470,470,20
BANKNIFTYWK20600PE,2020/04/29,10:18,470,470,468.3,468.3,20
BANKNIFTYWK20600PE,2020/04/29,10:21,468.3,476.2,468.3,476.2,20
BANKNIFTYWK20600PE,2020/04/29,10:24,476.2,506.85,476.2,506.85,140
BANKNIFTYWK20600PE,2020/04/29,10:25,506.85,517.8,505,505,160
BANKNIFTYWK20600PE,2020/04/29,10:26,505,509.3,505,509.3,20
BANKNIFTYWK20600PE,2020/04/29,10:28,509.3,509.3,500,500,20
BANKNIFTYWK20600PE,2020/04/29,10:30,500,500,489.55,489.55,20
BANKNIFTYWK20600PE,2020/04/29,10:32,489.55,497.85,489.55,497.85,20
BANKNIFTYWK20600PE,2020/04/29,10:33,497.85,497.85,495.25,495.25,20
BANKNIFTYWK20600PE,2020/04/29,10:35,495.25,512,495.25,512,80
BANKNIFTYWK20600PE,2020/04/29,10:36,512,512,510,510,20
BANKNIFTYWK20600PE,2020/04/29,10:37,510,510,500.95,500.95,20
BANKNIFTYWK20600PE,2020/04/29,10:38,500.95,500.95,495,495,80
BANKNIFTYWK20600PE,2020/04/29,10:39,495,501,495,501,20
BANKNIFTYWK20600PE,2020/04/29,10:40,501,501,492,492,80
BANKNIFTYWK20600PE,2020/04/29,10:41,492,493,489.55,491,100
BANKNIFTYWK20600PE,2020/04/29,10:42,491,496.2,491,496.2,20
BANKNIFTYWK20600PE,2020/04/29,10:45,496.2,496.2,484.1,484.1,40
BANKNIFTYWK20600PE,2020/04/29,10:46,484.1,486.45,482.55,486.45,60
BANKNIFTYWK20600PE,2020/04/29,10:47,486.45,486.5,486.45,486.5,20
BANKNIFTYWK20600PE,2020/04/29,10:50,486.5,486.5,480.05,482.6,40
BANKNIFTYWK20600PE,2020/04/29,10:51,482.6,482.6,480.1,480.1,20
BANKNIFTYWK20600PE,2020/04/29,10:55,480.1,480.1,475,475,20
BANKNIFTYWK20600PE,2020/04/29,10:56,475,475,475,475,500
BANKNIFTYWK20600PE,2020/04/29,10:58,475,480,475,478.6,60
BANKNIFTYWK20600PE,2020/04/29,10:59,478.6,478.6,475.6,475.6,20
BANKNIFTYWK20600PE,2020/04/29,11:03,475.6,475.6,456,459.3,1000
BANKNIFTYWK20600PE,2020/04/29,11:04,459.3,470.05,459.3,470.05,20
BANKNIFTYWK20600PE,2020/04/29,11:06,470.05,489.9,470.05,489.9,80
BANKNIFTYWK20600PE,2020/04/29,11:07,489.9,489.9,471.1,471.1,100
BANKNIFTYWK20600PE,2020/04/29,11:08,471.1,471.1,471.1,471.1,20
BANKNIFTYWK20600PE,2020/04/29,11:09,471.1,471.1,471.1,471.1,20
BANKNIFTYWK20600PE,2020/04/29,11:11,460.9,460.9,460.9,460.9,20
BANKNIFTYWK20600PE,2020/04/29,11:14,460.9,467.25,450,455.55,400
BANKNIFTYWK20600PE,2020/04/29,11:15,455.55,455.55,437.35,440.6,120
BANKNIFTYWK20600PE,2020/04/29,11:16,440.6,443.75,440.6,443.75,40
BANKNIFTYWK20600PE,2020/04/29,11:20,443.75,443.75,438.85,438.85,20
BANKNIFTYWK20600PE,2020/04/29,11:21,438.85,443.1,438.85,443.1,20
BANKNIFTYWK20600PE,2020/04/29,11:22,443.1,453.45,443.1,453.45,20
BANKNIFTYWK20600PE,2020/04/29,11:23,453.45,453.45,450,450,20
BANKNIFTYWK20600PE,2020/04/29,11:25,450,450,440,440,20
BANKNIFTYWK20600PE,2020/04/29,11:28,445,445,440,445,40
BANKNIFTYWK20600PE,2020/04/29,11:29,445,445,438,438,60
BANKNIFTYWK20600PE,2020/04/29,11:30,438,444.6,438,444.6,20
BANKNIFTYWK20600PE,2020/04/29,11:32,444.6,445.6,444.6,445.6,100
BANKNIFTYWK20600PE,2020/04/29,11:33,445.6,448.6,445.6,448.6,40
BANKNIFTYWK20600PE,2020/04/29,11:34,448.6,448.6,441.15,441.15,20
BANKNIFTYWK20600PE,2020/04/29,11:35,441.15,441.4,441.15,441.4,60
BANKNIFTYWK20600PE,2020/04/29,11:36,441.4,445,441.4,445,20
BANKNIFTYWK20600PE,2020/04/29,11:37,445,445,445,445,20
BANKNIFTYWK20600PE,2020/04/29,11:39,445,447.45,445,446.9,40
BANKNIFTYWK20600PE,2020/04/29,11:40,446.9,446.9,446.15,446.15,20
BANKNIFTYWK20600PE,2020/04/29,11:41,446.15,446.15,439.9,439.9,60
BANKNIFTYWK20600PE,2020/04/29,11:42,439.9,449.4,439.9,449.4,40
BANKNIFTYWK20600PE,2020/04/29,11:49,440.8,441,440.8,441,260
BANKNIFTYWK20600PE,2020/04/29,11:50,441,444.5,441,441,2320
BANKNIFTYWK20600PE,2020/04/29,11:51,441,441,430,430,40
BANKNIFTYWK20600PE,2020/04/29,11:52,430,430,430,430,20
BANKNIFTYWK20600PE,2020/04/29,11:53,430,430,430,430,20
BANKNIFTYWK20600PE,2020/04/29,11:54,430,436,430,436,20
BANKNIFTYWK20600PE,2020/04/29,11:56,436,438,436,438,1500
BANKNIFTYWK20600PE,2020/04/29,11:57,438,441.9,438,441.9,20
BANKNIFTYWK20600PE,2020/04/29,11:58,441.9,442.35,440,440,100
BANKNIFTYWK20600PE,2020/04/29,12:01,440,440,432.85,432.85,20
BANKNIFTYWK20600PE,2020/04/29,12:02,432.85,432.85,432.85,432.85,20
BANKNIFTYWK20600PE,2020/04/29,12:03,432.85,432.85,426.3,427,40
BANKNIFTYWK20600PE,2020/04/29,12:04,427,428.7,427,428.7,180
BANKNIFTYWK20600PE,2020/04/29,12:06,428.7,439.2,428.7,432.85,60
BANKNIFTYWK20600PE,2020/04/29,12:11,432.85,438,432.85,433.3,40
BANKNIFTYWK20600PE,2020/04/29,12:15,433.3,441,433.3,441,20
BANKNIFTYWK20600PE,2020/04/29,12:17,441,441,439,439,20
BANKNIFTYWK20600PE,2020/04/29,12:18,439,439,435,435,40
BANKNIFTYWK20600PE,2020/04/29,12:23,435,435,432.8,432.8,40
BANKNIFTYWK20600PE,2020/04/29,12:26,432.8,438.7,432.8,438.7,20
BANKNIFTYWK20600PE,2020/04/29,12:31,438.7,459.4,438.7,459.4,20
BANKNIFTYWK20600PE,2020/04/29,12:33,449,449,438,438,120
BANKNIFTYWK20600PE,2020/04/29,12:34,438,438,437,437,1960
BANKNIFTYWK20600PE,2020/04/29,12:35,437,437,435,435,1320
BANKNIFTYWK20600PE,2020/04/29,12:36,435,435,431,431,800
BANKNIFTYWK20600PE,2020/04/29,12:38,428.7,433.15,428.7,433.15,40
BANKNIFTYWK20600PE,2020/04/29,12:39,433.15,433.15,423.55,425.95,100
BANKNIFTYWK20600PE,2020/04/29,12:40,425.95,425.95,413.25,413.25,20
BANKNIFTYWK20600PE,2020/04/29,12:41,413.25,416.65,410.25,416.65,500
BANKNIFTYWK20600PE,2020/04/29,12:42,416.65,422.05,416.65,422.05,40
BANKNIFTYWK20600PE,2020/04/29,12:45,422.05,422.05,421.65,421.9,220
BANKNIFTYWK20600PE,2020/04/29,12:46,421.9,448.05,421.9,437.95,3480
BANKNIFTYWK20600PE,2020/04/29,12:47,437.95,445.45,436.15,437.4,5200
BANKNIFTYWK20600PE,2020/04/29,12:48,437.4,437.4,437.4,437.4,200
BANKNIFTYWK20600PE,2020/04/29,12:49,437.4,440.1,437.4,439.5,320
BANKNIFTYWK20600PE,2020/04/29,12:50,439.5,444.05,437.05,437.05,120
BANKNIFTYWK20600PE,2020/04/29,12:51,437.05,437.05,435.85,435.85,40
BANKNIFTYWK20600PE,2020/04/29,12:52,435.85,435.85,431.55,431.55,40
BANKNIFTYWK20600PE,2020/04/29,12:54,431.55,435.85,431.55,432.65,40
BANKNIFTYWK20600PE,2020/04/29,12:55,433.2,437.25,433.2,435.9,240
BANKNIFTYWK20600PE,2020/04/29,12:56,435.9,435.9,430,430,1360
BANKNIFTYWK20600PE,2020/04/29,12:57,430,430,423,423,360
BANKNIFTYWK20600PE,2020/04/29,12:58,423,423,413,418.3,1020
BANKNIFTYWK20600PE,2020/04/29,12:59,418.3,418.3,410,413,2080
BANKNIFTYWK20600PE,2020/04/29,13:01,413,418.65,413,418.65,40
BANKNIFTYWK20600PE,2020/04/29,13:02,418.65,420,418.65,420,280
BANKNIFTYWK20600PE,2020/04/29,13:03,420,425.5,420,420,240
BANKNIFTYWK20600PE,2020/04/29,13:04,420,420.45,420,420.45,120
BANKNIFTYWK20600PE,2020/04/29,13:07,420.45,424.9,420.45,424.9,900
BANKNIFTYWK20600PE,2020/04/29,13:08,424.9,424.9,420,420.5,2280
BANKNIFTYWK20600PE,2020/04/29,13:09,420,420,418,418,1120
BANKNIFTYWK20600PE,2020/04/29,13:10,418,423.9,418,423.9,20
BANKNIFTYWK20600PE,2020/04/29,13:12,423.9,426.25,422.4,426.25,100
BANKNIFTYWK20600PE,2020/04/29,13:15,426.25,426.25,426.25,426.25,40
BANKNIFTYWK20600PE,2020/04/29,13:17,426.25,431.95,426.25,431.95,20
BANKNIFTYWK20600PE,2020/04/29,13:18,431.95,434.7,431.95,434.2,80
BANKNIFTYWK20600PE,2020/04/29,13:19,434.2,435.9,434.2,435.9,40
BANKNIFTYWK20600PE,2020/04/29,13:22,435.9,435.9,435.55,435.55,60
BANKNIFTYWK20600PE,2020/04/29,13:24,435.55,438.4,435.55,438.4,20
BANKNIFTYWK20600PE,2020/04/29,13:26,438.4,438.4,434.2,434.2,40
BANKNIFTYWK20600PE,2020/04/29,13:27,434.2,434.2,432.95,432.95,20
BANKNIFTYWK20600PE,2020/04/29,13:28,432.95,434.9,432.95,434.9,180
BANKNIFTYWK20600PE,2020/04/29,13:30,434.9,435,432.3,432.3,80
BANKNIFTYWK20600PE,2020/04/29,13:31,432.3,432.3,432.25,432.25,160
BANKNIFTYWK20600PE,2020/04/29,13:32,432.25,432.25,425,425,60
BANKNIFTYWK20600PE,2020/04/29,13:34,425,425,415,415,20
BANKNIFTYWK20600PE,2020/04/29,13:39,415,437.35,415,435.65,80
BANKNIFTYWK20600PE,2020/04/29,13:40,435.65,442.75,435.65,438,60
BANKNIFTYWK20600PE,2020/04/29,13:41,438,438,431.6,431.6,900
BANKNIFTYWK20600PE,2020/04/29,13:42,431.6,431.6,426.95,429.35,280
BANKNIFTYWK20600PE,2020/04/29,13:43,429.35,429.35,428.4,429.35,860
BANKNIFTYWK20600PE,2020/04/29,13:44,429.35,429.8,428.5,429.8,1320
BANKNIFTYWK20600PE,2020/04/29,13:45,429.8,430,429,430,160
BANKNIFTYWK20600PE,2020/04/29,13:46,431.45,431.45,430,430,860
BANKNIFTYWK20600PE,2020/04/29,13:47,430,431.6,430,431.6,960
BANKNIFTYWK20600PE,2020/04/29,13:48,431.6,434,430.25,434,440
BANKNIFTYWK20600PE,2020/04/29,13:49,434,436.25,434,435.3,1180
BANKNIFTYWK20600PE,2020/04/29,13:50,432.05,435.3,432.05,432.05,20
BANKNIFTYWK20600PE,2020/04/29,13:51,432.05,435.95,432,432,80
BANKNIFTYWK20600PE,2020/04/29,13:52,432,433.05,432,433.05,20
BANKNIFTYWK20600PE,2020/04/29,13:54,433.05,433.05,429.55,429.55,20
BANKNIFTYWK20600PE,2020/04/29,13:55,429.55,429.55,422.45,422.45,100
BANKNIFTYWK20600PE,2020/04/29,13:57,422.45,436.5,422.45,436.5,40
BANKNIFTYWK20600PE,2020/04/29,13:58,436.5,436.5,434.25,434.25,20
BANKNIFTYWK20600PE,2020/04/29,14:01,434.25,435.65,434.25,435.65,20
BANKNIFTYWK20600PE,2020/04/29,14:03,435.65,435.65,423.35,423.35,40
BANKNIFTYWK20600PE,2020/04/29,14:04,423.35,423.35,423,423,120
BANKNIFTYWK20600PE,2020/04/29,14:05,423,423,412.75,412.75,40
BANKNIFTYWK20600PE,2020/04/29,14:06,412.65,412.65,412.65,412.65,20
BANKNIFTYWK20600PE,2020/04/29,14:08,412.65,412.65,405.95,408.6,160
BANKNIFTYWK20600PE,2020/04/29,14:09,408.6,408.6,399,399,100
BANKNIFTYWK20600PE,2020/04/29,14:10,399,399,391,391,100
BANKNIFTYWK20600PE,2020/04/29,14:11,391,391.9,380,380,260
BANKNIFTYWK20600PE,2020/04/29,14:12,380,386.95,380,386.95,40
BANKNIFTYWK20600PE,2020/04/29,14:14,386.95,387.9,386.95,387.85,760
BANKNIFTYWK20600PE,2020/04/29,14:15,387.85,391.05,387.7,387.7,1360
BANKNIFTYWK20600PE,2020/04/29,14:16,387.7,387.7,380.85,385,760
BANKNIFTYWK20600PE,2020/04/29,14:17,385,387.35,385,387.35,340
BANKNIFTYWK20600PE,2020/04/29,14:18,387.35,387.35,382.35,382.35,3080
BANKNIFTYWK20600PE,2020/04/29,14:19,383.25,384,366.55,366.55,1680
BANKNIFTYWK20600PE,2020/04/29,14:20,366.55,367.55,359.4,362.65,840
BANKNIFTYWK20600PE,2020/04/29,14:21,362.65,362.65,350,350,140
BANKNIFTYWK20600PE,2020/04/29,14:22,350,352,347.3,350,240
BANKNIFTYWK20600PE,2020/04/29,14:23,350,351.4,346,348.1,840
BANKNIFTYWK20600PE,2020/04/29,14:24,348.1,350.25,348.1,348.35,900
BANKNIFTYWK20600PE,2020/04/29,14:25,348.35,348.35,346,346.2,80
BANKNIFTYWK20600PE,2020/04/29,14:26,346.2,346.2,338.3,339.55,1320
BANKNIFTYWK20600PE,2020/04/29,14:27,339.65,342.3,339.65,341,280
BANKNIFTYWK20600PE,2020/04/29,14:28,341,341,334.2,334.2,1360
BANKNIFTYWK20600PE,2020/04/29,14:29,335.15,336,332.65,336,260
BANKNIFTYWK20600PE,2020/04/29,14:30,336,336,326.9,326.9,60
BANKNIFTYWK20600PE,2020/04/29,14:31,326.9,339.95,326.9,334.45,1980
BANKNIFTYWK20600PE,2020/04/29,14:32,334.45,334.85,330,330,140
BANKNIFTYWK20600PE,2020/04/29,14:33,330,330,325.1,325.1,120
BANKNIFTYWK20600PE,2020/04/29,14:34,325.1,325.1,315.7,319,1020
BANKNIFTYWK20600PE,2020/04/29,14:35,319,319,300.15,308,160
BANKNIFTYWK20600PE,2020/04/29,14:36,308,308.85,300,300,740
BANKNIFTYWK20600PE,2020/04/29,14:37,300,301,289.85,296.5,680
BANKNIFTYWK20600PE,2020/04/29,14:38,296.5,302.25,295.2,300,240
BANKNIFTYWK20600PE,2020/04/29,14:39,300,300,290.45,299.45,480
BANKNIFTYWK20600PE,2020/04/29,14:40,299.45,308.8,299.25,299.4,2060
BANKNIFTYWK20600PE,2020/04/29,14:41,303.65,305.45,293.95,295.25,200
BANKNIFTYWK20600PE,2020/04/29,14:42,295.25,295.25,284.2,286,1400
BANKNIFTYWK20600PE,2020/04/29,14:43,286,291.35,286,291.05,260
BANKNIFTYWK20600PE,2020/04/29,14:44,286.45,292,274.8,275.6,860
BANKNIFTYWK20600PE,2020/04/29,14:45,277.65,280.3,270,277,360
BANKNIFTYWK20600PE,2020/04/29,14:46,277,277,270.65,270.65,80
BANKNIFTYWK20600PE,2020/04/29,14:47,270.65,270.65,263.55,263.7,100
BANKNIFTYWK20600PE,2020/04/29,14:48,263.7,263.7,249.9,252.3,80
BANKNIFTYWK20600PE,2020/04/29,14:49,252.3,252.3,242.85,244.95,300
BANKNIFTYWK20600PE,2020/04/29,14:50,244.95,274.3,244.95,251.45,1060
BANKNIFTYWK20600PE,2020/04/29,14:51,251.45,266.15,251.45,258,500
BANKNIFTYWK20600PE,2020/04/29,14:52,258,261.7,250,253.15,780
BANKNIFTYWK20600PE,2020/04/29,14:53,253.15,254.9,245,249.65,1120
BANKNIFTYWK20600PE,2020/04/29,14:54,249.65,253.15,249.3,249.65,1780
BANKNIFTYWK20600PE,2020/04/29,14:55,249.65,258.4,249.65,258.4,300
BANKNIFTYWK20600PE,2020/04/29,14:56,258.4,258.4,252.7,252.7,160
BANKNIFTYWK20600PE,2020/04/29,14:57,252.7,267.55,252.7,267.55,40
BANKNIFTYWK20600PE,2020/04/29,14:58,267.55,271.45,266.45,266.45,200
BANKNIFTYWK20600PE,2020/04/29,14:59,266.45,266.45,258.5,258.9,80
BANKNIFTYWK20600PE,2020/04/29,15:00,258.9,258.9,253.55,253.9,800
BANKNIFTYWK20600PE,2020/04/29,15:01,253.9,263.35,253.9,263.35,700
BANKNIFTYWK20600PE,2020/04/29,15:02,263.35,263.95,258.9,258.9,180
BANKNIFTYWK20600PE,2020/04/29,15:03,258.9,266.55,257.55,263.85,460
BANKNIFTYWK20600PE,2020/04/29,15:04,263.85,265.8,258.1,258.1,420
BANKNIFTYWK20600PE,2020/04/29,15:05,258.1,268.2,258.1,266.55,660
BANKNIFTYWK20600PE,2020/04/29,15:06,266.55,269.7,264.05,267.85,440
BANKNIFTYWK20600PE,2020/04/29,15:07,267.4,276.05,265.2,267.45,860
BANKNIFTYWK20600PE,2020/04/29,15:08,265,268.8,261.5,265.5,500
BANKNIFTYWK20600PE,2020/04/29,15:09,265.5,277.7,265.3,265.3,160
BANKNIFTYWK20600PE,2020/04/29,15:10,265.3,274,265.15,265.65,120
BANKNIFTYWK20600PE,2020/04/29,15:11,265.65,275.25,265,271.9,420
BANKNIFTYWK20600PE,2020/04/29,15:12,271.9,275.15,269.3,271.65,540
BANKNIFTYWK20600PE,2020/04/29,15:13,271.65,273.65,271.4,272.55,180
BANKNIFTYWK20600PE,2020/04/29,15:14,272.55,284.05,272.55,283.95,80
BANKNIFTYWK20600PE,2020/04/29,15:15,283.95,283.95,279.6,279.6,220
BANKNIFTYWK20600PE,2020/04/29,15:16,279.6,284.05,274.65,277.25,200
BANKNIFTYWK20600PE,2020/04/29,15:17,277.25,284.4,277.25,284.4,80
BANKNIFTYWK20600PE,2020/04/29,15:18,284.4,292,284.4,292,560
BANKNIFTYWK20600PE,2020/04/29,15:19,292,295,292,295,100
BANKNIFTYWK20600PE,2020/04/29,15:20,295,306,295,306,120
BANKNIFTYWK20600PE,2020/04/29,15:21,306,312.65,299.8,312,480
BANKNIFTYWK20600PE,2020/04/29,15:22,312,312,305.1,309.95,980
BANKNIFTYWK20600PE,2020/04/29,15:23,309.95,314.95,304.7,314.95,1920
BANKNIFTYWK20600PE,2020/04/29,15:24,314.95,314.95,308.3,312.6,1480
BANKNIFTYWK20600PE,2020/04/29,15:25,313.05,314.95,309.05,314.95,1480
BANKNIFTYWK20600PE,2020/04/29,15:26,314.95,314.95,311.35,314.95,160
BANKNIFTYWK20600PE,2020/04/29,15:27,314.95,323.95,313.3,319.8,1020
BANKNIFTYWK20600PE,2020/04/29,15:28,319.8,319.8,312.55,315.15,200
BANKNIFTYWK20600PE,2020/04/29,15:29,315.15,319.8,315.15,319.25,240
BANKNIFTYWK20600PE,2020/04/30,09:15,120.7,156.4,120.65,142.8,260
BANKNIFTYWK20600PE,2020/04/30,09:16,142.8,144.35,126.1,126.1,480
BANKNIFTYWK20600PE,2020/04/30,09:17,126.1,132.7,126.1,128.35,500
BANKNIFTYWK20600PE,2020/04/30,09:18,129.45,130.75,126.05,130.75,720
BANKNIFTYWK20600PE,2020/04/30,09:19,128.1,131.55,127.85,130.1,1000
BANKNIFTYWK20600PE,2020/04/30,09:20,129.1,131.2,118.35,118.85,1820
BANKNIFTYWK20600PE,2020/04/30,09:21,119.9,126.7,119.9,120.2,2760
BANKNIFTYWK20600PE,2020/04/30,09:22,120.2,125.25,119.2,120.75,1040
BANKNIFTYWK20600PE,2020/04/30,09:23,120.75,123.25,117.85,118.45,780
BANKNIFTYWK20600PE,2020/04/30,09:24,118.45,119.2,114.35,114.35,700
BANKNIFTYWK20600PE,2020/04/30,09:25,114.35,117.5,111,111,600
BANKNIFTYWK20600PE,2020/04/30,09:26,110.95,111,107.75,107.95,320
BANKNIFTYWK20600PE,2020/04/30,09:27,107.95,109.35,105.05,107.5,680
BANKNIFTYWK20600PE,2020/04/30,09:28,107.5,115,106.2,115,520
BANKNIFTYWK20600PE,2020/04/30,09:29,115,115,112.3,112.3,380
BANKNIFTYWK20600PE,2020/04/30,09:30,112.3,114.25,112.3,113.9,120
BANKNIFTYWK20600PE,2020/04/30,09:31,113.9,113.9,109.5,112.5,300
BANKNIFTYWK20600PE,2020/04/30,09:32,112.5,113.2,109.9,110.3,180
BANKNIFTYWK20600PE,2020/04/30,09:33,111.6,111.6,108.35,108.45,480
BANKNIFTYWK20600PE,2020/04/30,09:34,108.45,111.1,107.85,111.1,340
BANKNIFTYWK20600PE,2020/04/30,09:35,111.1,111.1,103.65,108.7,800
BANKNIFTYWK20600PE,2020/04/30,09:36,108.7,110.65,105.95,110.65,500
BANKNIFTYWK20600PE,2020/04/30,09:37,110.65,111.7,107.8,111.7,600
BANKNIFTYWK20600PE,2020/04/30,09:38,111.7,114.95,108.05,114.95,1060
BANKNIFTYWK20600PE,2020/04/30,09:39,114.95,119.85,114.4,119.35,2240
BANKNIFTYWK20600PE,2020/04/30,09:40,119.9,128.55,119.05,125.1,1840
BANKNIFTYWK20600PE,2020/04/30,09:41,125.85,125.85,122.65,124.35,660
BANKNIFTYWK20600PE,2020/04/30,09:42,124.35,126.9,122.7,122.7,440
BANKNIFTYWK20600PE,2020/04/30,09:43,122.7,122.7,118.1,118.85,120
BANKNIFTYWK20600PE,2020/04/30,09:44,118.85,121.2,115.6,115.6,1640
BANKNIFTYWK20600PE,2020/04/30,09:45,115.6,119.85,115.6,119.4,180
BANKNIFTYWK20600PE,2020/04/30,09:46,119.4,121.1,119.4,121.1,60
BANKNIFTYWK20600PE,2020/04/30,09:47,121.1,124.45,121.1,123.25,280
BANKNIFTYWK20600PE,2020/04/30,09:48,123.25,126.05,122.6,124.5,480
BANKNIFTYWK20600PE,2020/04/30,09:49,124.5,124.5,120.9,120.9,200
BANKNIFTYWK20600PE,2020/04/30,09:50,120.9,123.25,120.9,123.25,260
BANKNIFTYWK20600PE,2020/04/30,09:51,123.25,123.65,119.85,121.1,320
BANKNIFTYWK20600PE,2020/04/30,09:52,121.1,122.75,121.1,122.5,200
BANKNIFTYWK20600PE,2020/04/30,09:53,122.5,124.05,122.25,124.05,80
BANKNIFTYWK20600PE,2020/04/30,09:54,124.05,124.65,123.7,124.15,120
BANKNIFTYWK20600PE,2020/04/30,09:55,124.15,124.15,123.3,123.3,60
BANKNIFTYWK20600PE,2020/04/30,09:56,123.3,124.8,123.3,124.8,40
BANKNIFTYWK20600PE,2020/04/30,09:57,124.8,126,124.8,124.8,260
BANKNIFTYWK20600PE,2020/04/30,09:58,124.8,124.8,120.05,120.05,140
BANKNIFTYWK20600PE,2020/04/30,09:59,120,120,116.7,116.7,220
BANKNIFTYWK20600PE,2020/04/30,10:00,116.7,116.7,116.05,116.55,80
BANKNIFTYWK20600PE,2020/04/30,10:01,116.55,116.55,115,115,20
BANKNIFTYWK20600PE,2020/04/30,10:02,115,115,110.05,110.3,60
BANKNIFTYWK20600PE,2020/04/30,10:03,110.3,110.3,109,109,120
BANKNIFTYWK20600PE,2020/04/30,10:04,109,110.65,107,110.3,240
BANKNIFTYWK20600PE,2020/04/30,10:05,110.3,110.3,107.5,109.3,260
BANKNIFTYWK20600PE,2020/04/30,10:06,109.3,112.15,109.25,111.6,480
BANKNIFTYWK20600PE,2020/04/30,10:07,111.6,119.4,111.6,115.65,1140
BANKNIFTYWK20600PE,2020/04/30,10:08,115.65,117.8,115.65,117.8,80
BANKNIFTYWK20600PE,2020/04/30,10:09,117.8,120.4,117.8,119,320
BANKNIFTYWK20600PE,2020/04/30,10:10,119,119,117.85,117.85,200
BANKNIFTYWK20600PE,2020/04/30,10:11,117.85,117.85,117.3,117.3,100
BANKNIFTYWK20600PE,2020/04/30,10:12,117.3,117.45,115.8,116.3,100
BANKNIFTYWK20600PE,2020/04/30,10:13,116.3,117.5,115,115.35,240
BANKNIFTYWK20600PE,2020/04/30,10:14,115.35,116.1,115.35,116,220
BANKNIFTYWK20600PE,2020/04/30,10:15,116,118.9,116,118,180
BANKNIFTYWK20600PE,2020/04/30,10:16,118,120.1,118,120.1,280
BANKNIFTYWK20600PE,2020/04/30,10:17,120.1,120.1,119.05,119.45,60
BANKNIFTYWK20600PE,2020/04/30,10:18,119.45,120.35,119.05,119.05,60
BANKNIFTYWK20600PE,2020/04/30,10:19,119.05,120.65,118.4,119.7,180
BANKNIFTYWK20600PE,2020/04/30,10:20,119.7,120,117.95,117.95,80
BANKNIFTYWK20600PE,2020/04/30,10:21,117.95,118.15,116.35,116.35,80
BANKNIFTYWK20600PE,2020/04/30,10:22,116.35,117.1,116.05,116.05,60
BANKNIFTYWK20600PE,2020/04/30,10:23,116.05,117.75,116.05,117.75,100
BANKNIFTYWK20600PE,2020/04/30,10:24,117.75,118.35,117.75,118.35,20
BANKNIFTYWK20600PE,2020/04/30,10:25,118.35,121,118.35,121,20
BANKNIFTYWK20600PE,2020/04/30,10:27,121,121,120.5,120.5,20
BANKNIFTYWK20600PE,2020/04/30,10:28,120.5,125,120.5,125,200
BANKNIFTYWK20600PE,2020/04/30,10:29,125,125,122.45,122.45,60
BANKNIFTYWK20600PE,2020/04/30,10:30,122.45,124.9,122.45,124.3,180
BANKNIFTYWK20600PE,2020/04/30,10:31,124.3,124.3,120.85,120.85,40
BANKNIFTYWK20600PE,2020/04/30,10:33,120.85,123.15,120.85,123.15,360
BANKNIFTYWK20600PE,2020/04/30,10:34,123.15,125.15,123.15,125.15,100
BANKNIFTYWK20600PE,2020/04/30,10:35,125.15,125.95,125,125.6,120
BANKNIFTYWK20600PE,2020/04/30,10:36,125.6,125.6,123.45,123.45,40
BANKNIFTYWK20600PE,2020/04/30,10:37,123.45,123.45,122.4,123.4,100
BANKNIFTYWK20600PE,2020/04/30,10:38,123.4,124.95,123.4,124.95,60
BANKNIFTYWK20600PE,2020/04/30,10:39,124.95,124.95,123.75,123.75,200
BANKNIFTYWK20600PE,2020/04/30,10:40,123.75,124.8,123.75,124.8,60
BANKNIFTYWK20600PE,2020/04/30,10:41,124.8,127.95,124.8,127.95,20
BANKNIFTYWK20600PE,2020/04/30,10:42,126.65,126.65,126.35,126.35,120
BANKNIFTYWK20600PE,2020/04/30,10:43,126.35,126.45,126.05,126.05,40
BANKNIFTYWK20600PE,2020/04/30,10:46,126.05,126.05,122.55,122.55,20
BANKNIFTYWK20600PE,2020/04/30,10:47,122.55,123.85,122.55,123.85,80
BANKNIFTYWK20600PE,2020/04/30,10:48,123.85,124.4,122.75,122.75,80
BANKNIFTYWK20600PE,2020/04/30,10:49,122.95,123.75,122,123.2,260
BANKNIFTYWK20600PE,2020/04/30,10:50,123.2,124.5,121.75,121.75,320
BANKNIFTYWK20600PE,2020/04/30,10:51,121.75,121.75,120.15,120.15,100
BANKNIFTYWK20600PE,2020/04/30,10:52,120.15,121.65,120.15,120.9,60
BANKNIFTYWK20600PE,2020/04/30,10:53,120.9,121.45,120.05,121.45,40
BANKNIFTYWK20600PE,2020/04/30,10:54,121.45,121.45,120,120,80
BANKNIFTYWK20600PE,2020/04/30,10:55,120,121.75,120,121.75,80
BANKNIFTYWK20600PE,2020/04/30,10:57,121.75,123,121.75,123,20
BANKNIFTYWK20600PE,2020/04/30,10:58,123,124.1,122.75,122.75,220
BANKNIFTYWK20600PE,2020/04/30,11:01,122.75,123.55,122.75,123.5,40
BANKNIFTYWK20600PE,2020/04/30,11:02,123.5,125,123.5,125,20
BANKNIFTYWK20600PE,2020/04/30,11:04,125,125,123.5,123.5,160
BANKNIFTYWK20600PE,2020/04/30,11:06,123.5,123.5,121.1,121.1,100
BANKNIFTYWK20600PE,2020/04/30,11:07,121.1,121.35,121.1,121.35,20
BANKNIFTYWK20600PE,2020/04/30,11:08,121.35,121.35,112.45,114.95,320
BANKNIFTYWK20600PE,2020/04/30,11:09,114.95,116.55,114.95,115.75,280
BANKNIFTYWK20600PE,2020/04/30,11:10,115.75,115.9,115.05,115.05,300
BANKNIFTYWK20600PE,2020/04/30,11:11,115.05,115.05,112,112.2,120
BANKNIFTYWK20600PE,2020/04/30,11:12,112.2,112.25,111.8,111.8,60
BANKNIFTYWK20600PE,2020/04/30,11:13,111.8,113.25,111.8,113.25,60
BANKNIFTYWK20600PE,2020/04/30,11:14,115.35,116.15,113.25,116.15,160
BANKNIFTYWK20600PE,2020/04/30,11:15,116.15,119.25,116.15,119.25,60
BANKNIFTYWK20600PE,2020/04/30,11:16,119.25,119.5,119.25,119.5,60
BANKNIFTYWK20600PE,2020/04/30,11:18,119.5,119.5,118.95,118.95,280
BANKNIFTYWK20600PE,2020/04/30,11:19,118.95,120.3,118.95,120.25,160
BANKNIFTYWK20600PE,2020/04/30,11:20,120.25,120.25,119.1,119.1,160
BANKNIFTYWK20600PE,2020/04/30,11:21,119.1,122.4,116.85,122.4,420
BANKNIFTYWK20600PE,2020/04/30,11:22,122.4,122.4,118.85,118.85,240
BANKNIFTYWK20600PE,2020/04/30,11:23,118.85,119.7,118.85,119.05,80
BANKNIFTYWK20600PE,2020/04/30,11:24,119.05,121.2,118.8,121.2,40
BANKNIFTYWK20600PE,2020/04/30,11:25,121.2,122,121.2,122,160
BANKNIFTYWK20600PE,2020/04/30,11:27,120.45,120.6,118.8,119.75,280
BANKNIFTYWK20600PE,2020/04/30,11:28,119.75,120.2,119.75,120.2,80
BANKNIFTYWK20600PE,2020/04/30,11:29,120.2,120.4,120.2,120.4,20
BANKNIFTYWK20600PE,2020/04/30,11:30,120.4,122.55,120.4,122.55,340
BANKNIFTYWK20600PE,2020/04/30,11:32,122.55,123.4,121.55,122.55,100
BANKNIFTYWK20600PE,2020/04/30,11:33,122.55,125.65,121,125.65,100
BANKNIFTYWK20600PE,2020/04/30,11:34,125.65,125.65,120.55,120.55,60
BANKNIFTYWK20600PE,2020/04/30,11:35,120.55,122.75,120.55,122.75,40
BANKNIFTYWK20600PE,2020/04/30,11:36,122.75,124.7,122.55,122.55,40
BANKNIFTYWK20600PE,2020/04/30,11:37,122.55,122.55,122.55,122.55,40
BANKNIFTYWK20600PE,2020/04/30,11:38,122.55,123.4,122.55,123.4,80
BANKNIFTYWK20600PE,2020/04/30,11:39,123.4,123.4,122,123,260
BANKNIFTYWK20600PE,2020/04/30,11:41,123,123,118.4,118.9,280
BANKNIFTYWK20600PE,2020/04/30,11:42,118.9,120.65,118.9,120.65,100
BANKNIFTYWK20600PE,2020/04/30,11:43,120.65,120.65,120.5,120.5,20
BANKNIFTYWK20600PE,2020/04/30,11:44,120.5,122.35,120.5,121.15,40
BANKNIFTYWK20600PE,2020/04/30,11:45,121.7,121.85,121.7,121.85,80
BANKNIFTYWK20600PE,2020/04/30,11:46,121.85,123,121.85,122.25,180
BANKNIFTYWK20600PE,2020/04/30,11:48,122.25,124.05,122.25,124.05,40
BANKNIFTYWK20600PE,2020/04/30,11:50,124.05,124.05,122.15,122.15,40
BANKNIFTYWK20600PE,2020/04/30,11:51,122.15,122.4,122.15,122.4,40
BANKNIFTYWK20600PE,2020/04/30,11:52,122.4,123.2,122.4,123.2,80
BANKNIFTYWK20600PE,2020/04/30,11:53,123.2,123.2,120.4,120.4,220
BANKNIFTYWK20600PE,2020/04/30,11:55,120.4,120.4,118.2,119.2,140
BANKNIFTYWK20600PE,2020/04/30,11:56,119.2,122,119.2,120.85,280
BANKNIFTYWK20600PE,2020/04/30,11:57,120.85,122.9,120.75,122.65,240
BANKNIFTYWK20600PE,2020/04/30,11:58,122.65,122.65,121.45,121.45,20
BANKNIFTYWK20600PE,2020/04/30,11:59,121.45,123,120.6,120.85,420
BANKNIFTYWK20600PE,2020/04/30,12:00,120.85,121.55,120.85,121,320
BANKNIFTYWK20600PE,2020/04/30,12:01,121,122,119.85,121.9,200
BANKNIFTYWK20600PE,2020/04/30,12:02,121.9,125,121.85,125,180
BANKNIFTYWK20600PE,2020/04/30,12:03,125,125,124.1,124.1,20
BANKNIFTYWK20600PE,2020/04/30,12:04,124.1,125.8,124.1,125.8,100
BANKNIFTYWK20600PE,2020/04/30,12:05,125.8,125.8,125.6,125.6,20
BANKNIFTYWK20600PE,2020/04/30,12:06,125.6,125.95,125.6,125.95,60
BANKNIFTYWK20600PE,2020/04/30,12:07,125.95,125.95,123.75,125,120
BANKNIFTYWK20600PE,2020/04/30,12:09,125,127.75,125,127.7,120
BANKNIFTYWK20600PE,2020/04/30,12:10,127.7,127.7,126.25,126.25,140
BANKNIFTYWK20600PE,2020/04/30,12:11,126.25,126.4,125.95,125.95,80
BANKNIFTYWK20600PE,2020/04/30,12:12,125.95,128.7,125.95,128.7,120
BANKNIFTYWK20600PE,2020/04/30,12:13,128.7,129.25,128.7,129.25,160
BANKNIFTYWK20600PE,2020/04/30,12:14,129.25,129.25,123.05,123.05,160
BANKNIFTYWK20600PE,2020/04/30,12:15,123.05,124.2,123.05,124.2,160
BANKNIFTYWK20600PE,2020/04/30,12:16,124.2,124.2,124.2,124.2,40
BANKNIFTYWK20600PE,2020/04/30,12:18,124.2,125.15,124.2,124.6,80
BANKNIFTYWK20600PE,2020/04/30,12:19,124.6,127.05,124.6,126.95,80
BANKNIFTYWK20600PE,2020/04/30,12:21,126.8,126.95,126.4,126.4,40
BANKNIFTYWK20600PE,2020/04/30,12:22,126.4,126.4,123.75,123.75,100
BANKNIFTYWK20600PE,2020/04/30,12:23,123.75,123.75,123.45,123.45,60
BANKNIFTYWK20600PE,2020/04/30,12:24,123.45,125.5,123.45,125.2,60
BANKNIFTYWK20600PE,2020/04/30,12:25,125.2,127.8,125.2,127.8,60
BANKNIFTYWK20600PE,2020/04/30,12:26,127.8,128,127.8,128,280
BANKNIFTYWK20600PE,2020/04/30,12:27,128,128,127.65,127.65,20
BANKNIFTYWK20600PE,2020/04/30,12:28,127.65,128.45,127.6,127.6,60
BANKNIFTYWK20600PE,2020/04/30,12:29,127.6,127.65,126.8,126.8,340
BANKNIFTYWK20600PE,2020/04/30,12:30,126.8,133.15,126.8,133.15,200
BANKNIFTYWK20600PE,2020/04/30,12:31,133.15,145.95,131.9,144.2,1120
BANKNIFTYWK20600PE,2020/04/30,12:32,144.2,144.35,144.2,144.35,20
BANKNIFTYWK20600PE,2020/04/30,12:33,143.45,145.1,139.6,145.1,160
BANKNIFTYWK20600PE,2020/04/30,12:34,145.1,150.65,145.1,150.65,160
BANKNIFTYWK20600PE,2020/04/30,12:35,150.65,150.65,140.5,141.25,340
BANKNIFTYWK20600PE,2020/04/30,12:36,141.25,142.2,141.25,142.2,20
BANKNIFTYWK20600PE,2020/04/30,12:37,142.2,143.4,142.2,142.3,260
BANKNIFTYWK20600PE,2020/04/30,12:38,142.3,144,142.3,144,160
BANKNIFTYWK20600PE,2020/04/30,12:39,144,148,143.8,148,140
BANKNIFTYWK20600PE,2020/04/30,12:40,148.9,156,148.9,154.15,240
BANKNIFTYWK20600PE,2020/04/30,12:41,154.15,155.35,150.05,154.25,440
BANKNIFTYWK20600PE,2020/04/30,12:42,154.25,154.25,147.6,147.6,120
BANKNIFTYWK20600PE,2020/04/30,12:43,147.6,147.6,144,144,160
BANKNIFTYWK20600PE,2020/04/30,12:44,144,144,143.5,143.75,80
BANKNIFTYWK20600PE,2020/04/30,12:45,143.75,147.95,142.2,147.95,100
BANKNIFTYWK20600PE,2020/04/30,12:46,147.95,147.95,144.45,147.2,120
BANKNIFTYWK20600PE,2020/04/30,12:47,147.2,157.3,147.2,157.3,120
BANKNIFTYWK20600PE,2020/04/30,12:48,157.3,157.3,157,157,40
BANKNIFTYWK20600PE,2020/04/30,12:49,157,157,150.95,150.95,100
BANKNIFTYWK20600PE,2020/04/30,12:50,150.95,155.5,150.95,155.5,80
BANKNIFTYWK20600PE,2020/04/30,12:51,155.5,155.5,154.3,154.45,40
BANKNIFTYWK20600PE,2020/04/30,12:52,154.45,162.25,154.45,161,340
BANKNIFTYWK20600PE,2020/04/30,12:53,161,168,157.1,168,280
BANKNIFTYWK20600PE,2020/04/30,12:54,168,168,162.85,163.45,160
BANKNIFTYWK20600PE,2020/04/30,12:55,163.45,168.3,162.95,162.95,380
BANKNIFTYWK20600PE,2020/04/30,12:56,162.95,162.95,156.6,161.75,180
BANKNIFTYWK20600PE,2020/04/30,12:57,161.75,164.8,161.45,162.75,180
BANKNIFTYWK20600PE,2020/04/30,12:58,162.75,163.6,162,163.6,180
BANKNIFTYWK20600PE,2020/04/30,12:59,163.6,168,163.6,166.75,120
BANKNIFTYWK20600PE,2020/04/30,13:00,166.75,166.75,166,166.45,120
BANKNIFTYWK20600PE,2020/04/30,13:01,166.45,166.45,166.45,166.45,20
BANKNIFTYWK20600PE,2020/04/30,13:02,166.45,171,166.45,171,180
BANKNIFTYWK20600PE,2020/04/30,13:03,171,171,171,171,40
BANKNIFTYWK20600PE,2020/04/30,13:04,171,185,171,180.25,300
BANKNIFTYWK20600PE,2020/04/30,13:05,180.25,192.75,180.25,192.75,220
BANKNIFTYWK20600PE,2020/04/30,13:06,192.75,200,192.6,194.95,380
BANKNIFTYWK20600PE,2020/04/30,13:07,193.95,217.5,193.95,208.9,1260
BANKNIFTYWK20600PE,2020/04/30,13:08,208.9,219.55,208.9,217.35,540
BANKNIFTYWK20600PE,2020/04/30,13:09,217.35,220,211.25,220,120
BANKNIFTYWK20600PE,2020/04/30,13:10,220,220,210.3,217.3,280
BANKNIFTYWK20600PE,2020/04/30,13:11,217.3,217.3,195.25,195.7,400
BANKNIFTYWK20600PE,2020/04/30,13:12,199.1,201.75,195.7,196.9,440
BANKNIFTYWK20600PE,2020/04/30,13:13,196.9,196.9,190.55,190.55,20
BANKNIFTYWK20600PE,2020/04/30,13:14,190.55,190.55,186.45,186.45,40
BANKNIFTYWK20600PE,2020/04/30,13:15,186.45,190,186.45,190,20
BANKNIFTYWK20600PE,2020/04/30,13:16,190,190,185.1,185.1,680
BANKNIFTYWK20600PE,2020/04/30,13:17,185.1,190,185.1,190,320
BANKNIFTYWK20600PE,2020/04/30,13:18,190,193.15,190,191.95,120
BANKNIFTYWK20600PE,2020/04/30,13:19,191.95,191.95,189.9,189.9,220
BANKNIFTYWK20600PE,2020/04/30,13:20,189.9,195,189.9,195,80
BANKNIFTYWK20600PE,2020/04/30,13:22,195,195,189.5,191.5,120
BANKNIFTYWK20600PE,2020/04/30,13:23,191.5,191.5,185.1,185.1,100
BANKNIFTYWK20600PE,2020/04/30,13:24,185.1,187.1,185.1,186.4,100
BANKNIFTYWK20600PE,2020/04/30,13:25,186.4,186.4,181.1,181.1,60
BANKNIFTYWK20600PE,2020/04/30,13:26,181.1,185.05,181.1,184.45,100
BANKNIFTYWK20600PE,2020/04/30,13:28,184.45,184.45,181.15,181.15,20
BANKNIFTYWK20600PE,2020/04/30,13:29,181.15,181.15,167.75,168.15,160
BANKNIFTYWK20600PE,2020/04/30,13:30,168.15,168.15,162.3,163.75,280
BANKNIFTYWK20600PE,2020/04/30,13:31,163.75,166.5,163.75,166.15,140
BANKNIFTYWK20600PE,2020/04/30,13:32,166.15,170.4,166.15,170.4,40
BANKNIFTYWK20600PE,2020/04/30,13:33,170.4,175.5,170.4,175.5,40
BANKNIFTYWK20600PE,2020/04/30,13:34,175.5,176.65,175.25,175.25,100
BANKNIFTYWK20600PE,2020/04/30,13:35,177,180.05,175.25,180.05,80
BANKNIFTYWK20600PE,2020/04/30,13:36,180.05,192.65,180.05,191.2,220
BANKNIFTYWK20600PE,2020/04/30,13:37,191.2,192.65,187.35,190.35,200
BANKNIFTYWK20600PE,2020/04/30,13:38,190.35,191.55,189,189,80
BANKNIFTYWK20600PE,2020/04/30,13:39,191.65,193.6,187.95,187.95,400
BANKNIFTYWK20600PE,2020/04/30,13:40,187.95,189,187.95,189,60
BANKNIFTYWK20600PE,2020/04/30,13:41,189,193.35,189,193.25,120
BANKNIFTYWK20600PE,2020/04/30,13:42,189.8,193.25,187.1,190.05,180
BANKNIFTYWK20600PE,2020/04/30,13:43,190.05,191.15,190.05,190.95,120
BANKNIFTYWK20600PE,2020/04/30,13:44,190.95,190.95,184.65,184.65,140
BANKNIFTYWK20600PE,2020/04/30,13:45,184.65,197.4,184.65,194.6,280
BANKNIFTYWK20600PE,2020/04/30,13:46,194.6,194.6,186.85,186.85,120
BANKNIFTYWK20600PE,2020/04/30,13:47,186.85,186.85,185,185,20
BANKNIFTYWK20600PE,2020/04/30,13:48,185,190,183.45,184.2,880
BANKNIFTYWK20600PE,2020/04/30,13:49,185.05,185.05,175.85,180.15,860
BANKNIFTYWK20600PE,2020/04/30,13:50,180.15,182.55,179.9,181.85,180
BANKNIFTYWK20600PE,2020/04/30,13:51,181.85,186.9,181.85,186.9,120
BANKNIFTYWK20600PE,2020/04/30,13:53,186.9,193.2,186.9,193.2,120
BANKNIFTYWK20600PE,2020/04/30,13:55,193.2,193.2,186.7,188.05,300
BANKNIFTYWK20600PE,2020/04/30,13:56,188.05,190.55,188.05,188.5,80
BANKNIFTYWK20600PE,2020/04/30,13:57,188.5,188.5,188.4,188.5,60
BANKNIFTYWK20600PE,2020/04/30,13:58,188.5,191.15,188.5,191.15,120
BANKNIFTYWK20600PE,2020/04/30,13:59,191.15,192.4,191.15,191.95,60
BANKNIFTYWK20600PE,2020/04/30,14:00,191.95,191.95,190.45,190.45,20
BANKNIFTYWK20600PE,2020/04/30,14:02,190.45,190.45,179.2,179.2,220
BANKNIFTYWK20600PE,2020/04/30,14:03,179.2,179.2,173,174.75,140
BANKNIFTYWK20600PE,2020/04/30,14:04,174.75,180.85,174.75,177.7,80
BANKNIFTYWK20600PE,2020/04/30,14:05,176.2,177.7,163.2,163.2,460
BANKNIFTYWK20600PE,2020/04/30,14:06,163.2,166.35,163.2,166.35,40
BANKNIFTYWK20600PE,2020/04/30,14:07,166.35,171.35,166.35,171.35,40
BANKNIFTYWK20600PE,2020/04/30,14:08,171.35,175.15,170.25,174.8,220
BANKNIFTYWK20600PE,2020/04/30,14:09,174.8,180.95,174.8,178.7,280
BANKNIFTYWK20600PE,2020/04/30,14:10,178.7,181.9,172.8,181.9,280
BANKNIFTYWK20600PE,2020/04/30,14:11,181.9,181.9,177.3,177.5,240
BANKNIFTYWK20600PE,2020/04/30,14:12,177.5,181.7,177.5,181.3,80
BANKNIFTYWK20600PE,2020/04/30,14:13,181.3,182.15,181,181.65,60
BANKNIFTYWK20600PE,2020/04/30,14:14,181.65,187.4,181.65,187,120
BANKNIFTYWK20600PE,2020/04/30,14:15,187,187.65,183.85,187.65,160
BANKNIFTYWK20600PE,2020/04/30,14:16,187.65,193.4,187.65,193.4,100
BANKNIFTYWK20600PE,2020/04/30,14:18,193.4,199,193.4,199,160
BANKNIFTYWK20600PE,2020/04/30,14:19,199,199,197,197.8,40
BANKNIFTYWK20600PE,2020/04/30,14:20,197.8,197.8,196.3,197.4,100
BANKNIFTYWK20600PE,2020/04/30,14:21,197.4,197.8,197.3,197.3,40
BANKNIFTYWK20600PE,2020/04/30,14:22,197.3,197.3,193.75,196.1,60
BANKNIFTYWK20600PE,2020/04/30,14:23,196.1,198.25,196.05,196.05,160
BANKNIFTYWK20600PE,2020/04/30,14:25,196.05,196.95,196.05,196.95,40
BANKNIFTYWK20600PE,2020/04/30,14:26,196.95,196.95,192.45,192.45,20
BANKNIFTYWK20600PE,2020/04/30,14:27,192.45,198.65,192.45,198.65,200
BANKNIFTYWK20600PE,2020/04/30,14:28,198.65,208,198.65,208,60
BANKNIFTYWK20600PE,2020/04/30,14:29,208,214.7,205.2,213.4,300
BANKNIFTYWK20600PE,2020/04/30,14:30,213.4,221,211.2,221,320
BANKNIFTYWK20600PE,2020/04/30,14:31,223,225,209.95,210.45,1040
BANKNIFTYWK20600PE,2020/04/30,14:32,210.45,216.35,210.45,216.35,80
BANKNIFTYWK20600PE,2020/04/30,14:33,216.35,220.55,209.25,209.25,160
BANKNIFTYWK20600PE,2020/04/30,14:34,209.25,210.25,205,205.15,160
BANKNIFTYWK20600PE,2020/04/30,14:35,203.5,211.45,203.5,210.75,240
BANKNIFTYWK20600PE,2020/04/30,14:36,210.75,213.45,208.55,208.75,280
BANKNIFTYWK20600PE,2020/04/30,14:37,208.75,212.15,208.75,212.15,40
BANKNIFTYWK20600PE,2020/04/30,14:38,212.15,212.15,206.45,206.45,300
BANKNIFTYWK20600PE,2020/04/30,14:39,206.45,210.8,206.45,208.8,100
BANKNIFTYWK20600PE,2020/04/30,14:40,208.8,208.8,199.4,204.05,380
BANKNIFTYWK20600PE,2020/04/30,14:41,204.05,208.15,204.05,207.7,240
BANKNIFTYWK20600PE,2020/04/30,14:42,207.7,207.7,202.75,202.75,220
BANKNIFTYWK20600PE,2020/04/30,14:44,202.75,203.7,202.75,203.5,60
BANKNIFTYWK20600PE,2020/04/30,14:45,203.5,215.75,203.5,212.65,140
BANKNIFTYWK20600PE,2020/04/30,14:46,212.65,220,212.65,220,40
BANKNIFTYWK20600PE,2020/04/30,14:47,220,220,214.45,217.75,120
BANKNIFTYWK20600PE,2020/04/30,14:48,217.75,225.95,217.75,222.7,180
BANKNIFTYWK20600PE,2020/04/30,14:49,219.65,222.7,213.5,213.5,160
BANKNIFTYWK20600PE,2020/04/30,14:50,213.5,222.65,212.45,222.65,320
BANKNIFTYWK20600PE,2020/04/30,14:51,222.65,222.9,219.25,221.95,140
BANKNIFTYWK20600PE,2020/04/30,14:52,221.95,221.95,216,216,140
BANKNIFTYWK20600PE,2020/04/30,14:53,216,228.65,216,224.15,480
BANKNIFTYWK20600PE,2020/04/30,14:54,224.15,230.35,224.15,230.35,160
BANKNIFTYWK20600PE,2020/04/30,14:55,230.35,230.4,228.35,230,100
BANKNIFTYWK20600PE,2020/04/30,14:56,230,239.05,230,239.05,80
BANKNIFTYWK20600PE,2020/04/30,14:57,239.05,241.25,237.8,241.25,880
BANKNIFTYWK20600PE,2020/04/30,14:58,243.1,245.95,238.85,238.85,600
BANKNIFTYWK20600PE,2020/04/30,14:59,238.85,245.1,238.85,245.1,80
BANKNIFTYWK20600PE,2020/04/30,15:00,245.1,245.35,234.55,234.55,440
BANKNIFTYWK20600PE,2020/04/30,15:01,234.55,234.55,224.9,225.5,540
BANKNIFTYWK20600PE,2020/04/30,15:02,225.5,225.5,216.95,217.65,340
BANKNIFTYWK20600PE,2020/04/30,15:03,214.55,215.15,214.55,214.8,160
BANKNIFTYWK20600PE,2020/04/30,15:04,214.8,215,212.4,212.4,460
BANKNIFTYWK20600PE,2020/04/30,15:05,212.4,212.4,199.7,199.7,1520
BANKNIFTYWK20600PE,2020/04/30,15:06,199.7,199.7,190,193.05,380
BANKNIFTYWK20600PE,2020/04/30,15:07,193.05,193.05,188.75,192.7,480
BANKNIFTYWK20600PE,2020/04/30,15:08,192.7,201.05,192.7,199.85,900
BANKNIFTYWK20600PE,2020/04/30,15:09,199.85,208.35,199.85,208.35,240
BANKNIFTYWK20600PE,2020/04/30,15:10,207.5,209.05,206.75,209.05,160
BANKNIFTYWK20600PE,2020/04/30,15:11,210.45,212.3,208,208,460
BANKNIFTYWK20600PE,2020/04/30,15:12,208,208,205,205,140
BANKNIFTYWK20600PE,2020/04/30,15:13,205,205,203.2,204.75,220
BANKNIFTYWK20600PE,2020/04/30,15:14,204.75,204.75,202.1,203.4,340
BANKNIFTYWK20600PE,2020/04/30,15:15,203.4,205.95,203.4,205.95,500
BANKNIFTYWK20600PE,2020/04/30,15:16,205.95,205.95,204.75,204.8,300
BANKNIFTYWK20600PE,2020/04/30,15:17,204.8,208.05,204.8,208.05,280
BANKNIFTYWK20600PE,2020/04/30,15:18,208.05,208.05,208,208,20
BANKNIFTYWK20600PE,2020/04/30,15:19,208,211.85,208,210.15,400
BANKNIFTYWK20600PE,2020/04/30,15:20,210.15,213.75,209.8,212.8,400
BANKNIFTYWK20600PE,2020/04/30,15:21,212.8,214.55,210.4,210.4,760
BANKNIFTYWK20600PE,2020/04/30,15:22,210.4,210.4,210.4,210.4,20
BANKNIFTYWK20600PE,2020/04/30,15:23,210.4,212.8,210.4,210.8,260
BANKNIFTYWK20600PE,2020/04/30,15:24,210.8,212.75,208.15,208.15,740
BANKNIFTYWK20600PE,2020/04/30,15:25,208.3,209.1,206.7,206.8,1560
BANKNIFTYWK20600PE,2020/04/30,15:26,206.8,208.3,204.7,206.5,760
BANKNIFTYWK20600PE,2020/04/30,15:27,206.5,206.95,204.65,206.95,660
BANKNIFTYWK20600PE,2020/04/30,15:28,206.95,206.95,204.55,205.9,560
BANKNIFTYWK20600PE,2020/04/30,15:29,205.9,214.7,187.15,214.65,820
BANKNIFTYWK20600PE,2020/05/04,09:15,768.05,768.05,602.8,712.1,8840
BANKNIFTYWK20600PE,2020/05/04,09:16,711.7,730.3,704.7,727.4,5660
BANKNIFTYWK20600PE,2020/05/04,09:17,722.55,752.95,720,752.95,3020
BANKNIFTYWK20600PE,2020/05/04,09:18,751.5,834.95,751.5,809.65,3320
BANKNIFTYWK20600PE,2020/05/04,09:19,808.25,866.45,804.5,844.4,3060
BANKNIFTYWK20600PE,2020/05/04,09:20,844.4,887.5,843.65,864.6,4020
BANKNIFTYWK20600PE,2020/05/04,09:21,859.1,864.6,803.15,803.15,3120
BANKNIFTYWK20600PE,2020/05/04,09:22,800.6,825.65,800.2,818.6,1260
BANKNIFTYWK20600PE,2020/05/04,09:23,818.6,848.8,818.6,840.9,2280
BANKNIFTYWK20600PE,2020/05/04,09:24,830.25,845,830.25,835.75,580
BANKNIFTYWK20600PE,2020/05/04,09:25,824.15,846.65,809.2,843.9,2460
BANKNIFTYWK20600PE,2020/05/04,09:26,843.9,849.45,831.65,836.35,820
BANKNIFTYWK20600PE,2020/05/04,09:27,835.1,848,819.55,834.55,780
BANKNIFTYWK20600PE,2020/05/04,09:28,837.15,839.2,812,815.8,420
BANKNIFTYWK20600PE,2020/05/04,09:29,813.9,817.3,803.8,816,840
BANKNIFTYWK20600PE,2020/05/04,09:30,816.95,835.35,816.95,825.6,1000
BANKNIFTYWK20600PE,2020/05/04,09:31,825.05,883.4,825.05,867.45,1280
BANKNIFTYWK20600PE,2020/05/04,09:32,870.45,880,859,865.95,660
BANKNIFTYWK20600PE,2020/05/04,09:33,865.95,877,857.8,871.4,480
BANKNIFTYWK20600PE,2020/05/04,09:34,871.4,884.3,871.4,884.3,500
BANKNIFTYWK20600PE,2020/05/04,09:35,896.4,910.2,883.45,905.1,1880
BANKNIFTYWK20600PE,2020/05/04,09:36,907.65,930,906.6,929.05,1160
BANKNIFTYWK20600PE,2020/05/04,09:37,929.8,931.7,912.7,929.95,560
BANKNIFTYWK20600PE,2020/05/04,09:38,930,938.55,910.3,910.3,480
BANKNIFTYWK20600PE,2020/05/04,09:39,905.75,923.5,902.7,923.5,460
BANKNIFTYWK20600PE,2020/05/04,09:40,912.1,930,912.1,930,160
BANKNIFTYWK20600PE,2020/05/04,09:41,928.4,928.4,895.15,905.15,1020
BANKNIFTYWK20600PE,2020/05/04,09:42,887.55,891.15,885,885.3,520
BANKNIFTYWK20600PE,2020/05/04,09:43,885.1,885.1,885.1,885.1,20
BANKNIFTYWK20600PE,2020/05/04,09:44,899.95,903,897.4,901.45,340
BANKNIFTYWK20600PE,2020/05/04,09:45,920,928,920,928,200
BANKNIFTYWK20600PE,2020/05/04,09:46,913.95,913.95,911.15,911.15,140
BANKNIFTYWK20600PE,2020/05/04,09:47,894.9,928,894.9,926.15,340
BANKNIFTYWK20600PE,2020/05/04,09:48,912.3,912.3,907.25,911.3,160
BANKNIFTYWK20600PE,2020/05/04,09:49,905.8,919.45,900,901.45,120
BANKNIFTYWK20600PE,2020/05/04,09:50,900.6,916.95,900.6,906.55,680
BANKNIFTYWK20600PE,2020/05/04,09:51,913.75,913.75,913.75,913.75,20
BANKNIFTYWK20600PE,2020/05/04,09:52,911.2,916.95,911.2,916.95,40
BANKNIFTYWK20600PE,2020/05/04,09:53,919,954.9,919,949.45,2160
BANKNIFTYWK20600PE,2020/05/04,09:54,949.45,983.55,939,970.5,1420
BANKNIFTYWK20600PE,2020/05/04,09:55,967,972.35,962.3,972.35,420
BANKNIFTYWK20600PE,2020/05/04,09:56,967.6,967.6,951,965,700
BANKNIFTYWK20600PE,2020/05/04,09:57,966,996.85,966,996.85,240
BANKNIFTYWK20600PE,2020/05/04,09:58,983,998.7,983,996.85,220
BANKNIFTYWK20600PE,2020/05/04,09:59,998.7,1038.55,996.9,1007.2,3780
BANKNIFTYWK20600PE,2020/05/04,10:00,1040,1056.85,1040,1045.5,720
BANKNIFTYWK20600PE,2020/05/04,10:01,1045.5,1081.85,1045.5,1081.85,660
BANKNIFTYWK20600PE,2020/05/04,10:02,1081.85,1081.85,1051.85,1063.2,220
BANKNIFTYWK20600PE,2020/05/04,10:03,1065,1065,1065,1065,120
BANKNIFTYWK20600PE,2020/05/04,10:04,1061,1070,1061,1070,80
BANKNIFTYWK20600PE,2020/05/04,10:05,1070,1070,1054.5,1054.5,160
BANKNIFTYWK20600PE,2020/05/04,10:06,1048.55,1048.55,1030.05,1044.6,880
BANKNIFTYWK20600PE,2020/05/04,10:07,1079.75,1100.45,1079.75,1098.2,300
BANKNIFTYWK20600PE,2020/05/04,10:08,1089,1089.05,1089,1089.05,100
BANKNIFTYWK20600PE,2020/05/04,10:10,1082.9,1082.9,1065,1065,280
BANKNIFTYWK20600PE,2020/05/04,10:11,1073.7,1073.7,1053,1060.55,280
BANKNIFTYWK20600PE,2020/05/04,10:12,1045.85,1057.15,1042.25,1052.85,240
BANKNIFTYWK20600PE,2020/05/04,10:13,1074.9,1074.9,1067.15,1067.15,180
BANKNIFTYWK20600PE,2020/05/04,10:14,1058.55,1058.55,1058.55,1058.55,140
BANKNIFTYWK20600PE,2020/05/04,10:15,1078.25,1078.25,1076.8,1076.8,60
BANKNIFTYWK20600PE,2020/05/04,10:16,1070,1070,1070,1070,20
BANKNIFTYWK20600PE,2020/05/04,10:17,1041.05,1041.05,1041.05,1041.05,20
BANKNIFTYWK20600PE,2020/05/04,10:18,1007,1014.45,1007,1014.45,180
BANKNIFTYWK20600PE,2020/05/04,10:20,1030,1030,1030,1030,80
BANKNIFTYWK20600PE,2020/05/04,10:24,1042.8,1042.8,1042.65,1042.65,40
BANKNIFTYWK20600PE,2020/05/04,10:26,1039.75,1041.05,1039.75,1041.05,60
BANKNIFTYWK20600PE,2020/05/04,10:27,1015.95,1015.95,1015.95,1015.95,80
BANKNIFTYWK20600PE,2020/05/04,10:28,1013.8,1013.8,1013.8,1013.8,20
BANKNIFTYWK20600PE,2020/05/04,10:29,1009.55,1009.55,1009.55,1009.55,40
BANKNIFTYWK20600PE,2020/05/04,10:30,1009.6,1009.85,984.15,984.3,480
BANKNIFTYWK20600PE,2020/05/04,10:31,980.15,988,980.15,988,60
BANKNIFTYWK20600PE,2020/05/04,10:32,997.1,997.1,997.1,997.1,80
BANKNIFTYWK20600PE,2020/05/04,10:33,998,998,996,996,120
BANKNIFTYWK20600PE,2020/05/04,10:34,991.95,991.95,987.1,987.1,200
BANKNIFTYWK20600PE,2020/05/04,10:36,999,999,985,985,80
BANKNIFTYWK20600PE,2020/05/04,10:40,975.7,989.6,975.7,989.6,80
BANKNIFTYWK20600PE,2020/05/04,10:42,1004.7,1004.7,1004.7,1004.7,20
BANKNIFTYWK20600PE,2020/05/04,10:44,984,986.4,984,986.4,100
BANKNIFTYWK20600PE,2020/05/04,10:45,985.25,985.25,979.9,979.9,40
BANKNIFTYWK20600PE,2020/05/04,10:48,974.95,974.95,974.95,974.95,80
BANKNIFTYWK20600PE,2020/05/04,10:49,965.1,965.1,965.1,965.1,40
BANKNIFTYWK20600PE,2020/05/04,10:50,962.15,962.15,962.15,962.15,40
BANKNIFTYWK20600PE,2020/05/04,10:51,968.75,968.75,968.75,968.75,20
BANKNIFTYWK20600PE,2020/05/04,10:52,957.6,966.3,957.6,966.3,60
BANKNIFTYWK20600PE,2020/05/04,10:54,986,986,983.8,984.95,60
BANKNIFTYWK20600PE,2020/05/04,10:56,993.75,1009.95,989.2,1009.95,60
BANKNIFTYWK20600PE,2020/05/04,10:57,1009.95,1009.95,1009.95,1009.95,40
BANKNIFTYWK20600PE,2020/05/04,10:58,1014.7,1015,1014.7,1015,100
BANKNIFTYWK20600PE,2020/05/04,11:01,1035.1,1035.1,1013.85,1013.85,40
BANKNIFTYWK20600PE,2020/05/04,11:02,1031.2,1031.2,1031.2,1031.2,20
BANKNIFTYWK20600PE,2020/05/04,11:03,1040,1040,1030.4,1030.4,80
BANKNIFTYWK20600PE,2020/05/04,11:04,1030.65,1030.65,1030.65,1030.65,80
BANKNIFTYWK20600PE,2020/05/04,11:05,1027.45,1027.45,1027.45,1027.45,20
BANKNIFTYWK20600PE,2020/05/04,11:06,1014.1,1014.1,1014.05,1014.05,1060
BANKNIFTYWK20600PE,2020/05/04,11:07,1017,1017,1016.75,1016.75,40
BANKNIFTYWK20600PE,2020/05/04,11:08,1008.05,1008.05,1002,1002,540
BANKNIFTYWK20600PE,2020/05/04,11:09,1012.25,1012.25,1000,1001.5,3160
BANKNIFTYWK20600PE,2020/05/04,11:10,1010.75,1016.7,1010.75,1016.7,180
BANKNIFTYWK20600PE,2020/05/04,11:12,1008.05,1018.7,1008.05,1018.7,300
BANKNIFTYWK20600PE,2020/05/04,11:13,1027.6,1027.6,1027.6,1027.6,80
BANKNIFTYWK20600PE,2020/05/04,11:14,1026.7,1026.7,1015.05,1015.05,300
BANKNIFTYWK20600PE,2020/05/04,11:19,1013,1026.15,1013,1026.15,60
BANKNIFTYWK20600PE,2020/05/04,11:22,1044,1044,1044,1044,20
BANKNIFTYWK20600PE,2020/05/04,11:23,1050.55,1062,1050.55,1062,320
BANKNIFTYWK20600PE,2020/05/04,11:24,1055,1055,1051.7,1051.7,240
BANKNIFTYWK20600PE,2020/05/04,11:25,1078.6,1082.9,1067.05,1071.45,340
BANKNIFTYWK20600PE,2020/05/04,11:26,1086.2,1086.2,1084.2,1086.2,120
BANKNIFTYWK20600PE,2020/05/04,11:27,1070.35,1070.35,1070.35,1070.35,40
BANKNIFTYWK20600PE,2020/05/04,11:28,1070,1070,1070,1070,20
BANKNIFTYWK20600PE,2020/05/04,11:29,1068.15,1068.15,1068.15,1068.15,20
BANKNIFTYWK20600PE,2020/05/04,11:30,1077.7,1079.4,1077.7,1079.4,60
BANKNIFTYWK20600PE,2020/05/04,11:31,1075.25,1075.25,1067.2,1067.2,40
BANKNIFTYWK20600PE,2020/05/04,11:32,1062.45,1062.65,1062.45,1062.65,40
BANKNIFTYWK20600PE,2020/05/04,11:33,1075,1081.75,1075,1081.75,80
BANKNIFTYWK20600PE,2020/05/04,11:34,1075.95,1076.95,1070,1074.9,100
BANKNIFTYWK20600PE,2020/05/04,11:35,1064.3,1064.3,1044,1053,320
BANKNIFTYWK20600PE,2020/05/04,11:36,1040.85,1040.85,1023.65,1026.75,400
BANKNIFTYWK20600PE,2020/05/04,11:37,1032,1034.55,1014.2,1014.2,1180
BANKNIFTYWK20600PE,2020/05/04,11:38,1016.55,1016.55,1016.55,1016.55,20
BANKNIFTYWK20600PE,2020/05/04,11:39,1020,1024.35,1004.05,1006.05,2220
BANKNIFTYWK20600PE,2020/05/04,11:40,1000.05,1001.75,975.9,990.5,3840
BANKNIFTYWK20600PE,2020/05/04,11:41,992.35,1012.2,989.7,1012.2,200
BANKNIFTYWK20600PE,2020/05/04,11:42,1012.2,1012.2,1004,1004,40
BANKNIFTYWK20600PE,2020/05/04,11:43,1023.6,1038.6,1023.55,1038.6,580
BANKNIFTYWK20600PE,2020/05/04,11:44,1047.05,1047.05,1039.45,1039.45,280
BANKNIFTYWK20600PE,2020/05/04,11:45,1038.5,1038.5,1038.45,1038.45,40
BANKNIFTYWK20600PE,2020/05/04,11:46,1038.45,1045,1038.45,1044,140
BANKNIFTYWK20600PE,2020/05/04,11:47,1050,1050,1050,1050,60
BANKNIFTYWK20600PE,2020/05/04,11:50,1029.25,1029.25,1029.25,1029.25,100
BANKNIFTYWK20600PE,2020/05/04,11:51,1031.8,1031.8,1030.1,1031.25,1180
BANKNIFTYWK20600PE,2020/05/04,11:57,1023.25,1023.25,1023.25,1023.25,60
BANKNIFTYWK20600PE,2020/05/04,11:58,1021.85,1024.35,1021.85,1024.35,160
BANKNIFTYWK20600PE,2020/05/04,12:00,1007.5,1008,1007.5,1008,60
BANKNIFTYWK20600PE,2020/05/04,12:01,1003.05,1003.05,1003.05,1003.05,700
BANKNIFTYWK20600PE,2020/05/04,12:05,1003.05,1003.05,1000,1000,440
BANKNIFTYWK20600PE,2020/05/04,12:06,997.75,997.75,981.9,981.9,40
BANKNIFTYWK20600PE,2020/05/04,12:07,1000,1000,995.75,995.75,40
BANKNIFTYWK20600PE,2020/05/04,12:08,975.1,975.1,975.1,975.1,40
BANKNIFTYWK20600PE,2020/05/04,12:10,983.2,983.2,983.2,983.2,20
BANKNIFTYWK20600PE,2020/05/04,12:12,1005,1020.85,1005,1016.15,140
BANKNIFTYWK20600PE,2020/05/04,12:13,1012.5,1012.5,1012.5,1012.5,20
BANKNIFTYWK20600PE,2020/05/04,12:14,1016.65,1016.65,1016.65,1016.65,40
BANKNIFTYWK20600PE,2020/05/04,12:16,981.75,981.75,981.75,981.75,20
BANKNIFTYWK20600PE,2020/05/04,12:18,1000.45,1000.45,1000.45,1000.45,20
BANKNIFTYWK20600PE,2020/05/04,12:20,1001.45,1001.45,1001.45,1001.45,20
BANKNIFTYWK20600PE,2020/05/04,12:25,1020,1033.4,1020,1033.4,60
BANKNIFTYWK20600PE,2020/05/04,12:26,1045,1057.4,1045,1057.4,200
BANKNIFTYWK20600PE,2020/05/04,12:29,1040.15,1040.15,1040.15,1040.15,20
BANKNIFTYWK20600PE,2020/05/04,12:30,1019.4,1019.4,1018.55,1018.55,40
BANKNIFTYWK20600PE,2020/05/04,12:31,1030.95,1030.95,1030.95,1030.95,60
BANKNIFTYWK20600PE,2020/05/04,12:35,1015.8,1015.8,1015.8,1015.8,20
BANKNIFTYWK20600PE,2020/05/04,12:36,1013.8,1013.8,1013.8,1013.8,20
BANKNIFTYWK20600PE,2020/05/04,12:37,1006.45,1006.45,1006.45,1006.45,80
BANKNIFTYWK20600PE,2020/05/04,12:39,1007.5,1007.5,1007.5,1007.5,20
BANKNIFTYWK20600PE,2020/05/04,12:46,1003.7,1003.7,1003.7,1003.7,20
BANKNIFTYWK20600PE,2020/05/04,12:48,1026.25,1035.6,1026.25,1035.6,60
BANKNIFTYWK20600PE,2020/05/04,12:49,1028.8,1028.8,1028.8,1028.8,20
BANKNIFTYWK20600PE,2020/05/04,12:51,1040.95,1040.95,1040.95,1040.95,40
BANKNIFTYWK20600PE,2020/05/04,12:52,1045,1045,1045,1045,20
BANKNIFTYWK20600PE,2020/05/04,12:54,1045,1045,1045,1045,20
BANKNIFTYWK20600PE,2020/05/04,12:55,1050,1073,1050,1073,280
BANKNIFTYWK20600PE,2020/05/04,12:56,1090,1090,1090,1090,280
BANKNIFTYWK20600PE,2020/05/04,12:59,1057.6,1062.75,1057.6,1062.75,40
BANKNIFTYWK20600PE,2020/05/04,13:00,1071.05,1081.15,1071.05,1081.15,40
BANKNIFTYWK20600PE,2020/05/04,13:02,1052.55,1052.55,1042.6,1044,280
BANKNIFTYWK20600PE,2020/05/04,13:06,1018.65,1033.5,1018.65,1033.5,200
BANKNIFTYWK20600PE,2020/05/04,13:07,1043.65,1043.65,1043.65,1043.65,60
BANKNIFTYWK20600PE,2020/05/04,13:11,1026,1026,1026,1026,20
BANKNIFTYWK20600PE,2020/05/04,13:12,1030.35,1030.35,1030.35,1030.35,40
BANKNIFTYWK20600PE,2020/05/04,13:14,1032,1032,1032,1032,20
BANKNIFTYWK20600PE,2020/05/04,13:17,1070,1070,1070,1070,20
BANKNIFTYWK20600PE,2020/05/04,13:19,1050,1050,1050,1050,20
BANKNIFTYWK20600PE,2020/05/04,13:20,1055.2,1055.2,1055.2,1055.2,60
BANKNIFTYWK20600PE,2020/05/04,13:24,1020.05,1020.1,1004,1005.7,200
BANKNIFTYWK20600PE,2020/05/04,13:29,1030.25,1030.25,1030.25,1030.25,20
BANKNIFTYWK20600PE,2020/05/04,13:32,1055.2,1055.2,1055.2,1055.2,40
BANKNIFTYWK20600PE,2020/05/04,13:35,1020,1020,1010,1010,80
BANKNIFTYWK20600PE,2020/05/04,13:36,971.95,971.95,948,948.7,380
BANKNIFTYWK20600PE,2020/05/04,13:37,975.15,982.95,975.15,982.95,100
BANKNIFTYWK20600PE,2020/05/04,13:38,990,990,987.95,987.95,40
BANKNIFTYWK20600PE,2020/05/04,13:39,1003.6,1003.6,1003.6,1003.6,20
BANKNIFTYWK20600PE,2020/05/04,13:41,1022.1,1022.1,1022.1,1022.1,60
BANKNIFTYWK20600PE,2020/05/04,13:44,1031.3,1031.3,1026.25,1026.25,80
BANKNIFTYWK20600PE,2020/05/04,13:46,1035.6,1044,1035.6,1044,140
BANKNIFTYWK20600PE,2020/05/04,13:47,1072.75,1106.1,1072.75,1097.2,660
BANKNIFTYWK20600PE,2020/05/04,13:48,1096.75,1097.25,1090.65,1097.25,220
BANKNIFTYWK20600PE,2020/05/04,13:50,1086.1,1086.1,1086.1,1086.1,20
BANKNIFTYWK20600PE,2020/05/04,13:51,1078.85,1078.85,1078.85,1078.85,20
BANKNIFTYWK20600PE,2020/05/04,13:54,1093.35,1096.8,1086.2,1091.85,580
BANKNIFTYWK20600PE,2020/05/04,13:55,1106,1120,1106,1115,60
BANKNIFTYWK20600PE,2020/05/04,13:56,1095.45,1095.45,1095.45,1095.45,20
BANKNIFTYWK20600PE,2020/05/04,13:57,1105.1,1105.1,1097.55,1099.9,140
BANKNIFTYWK20600PE,2020/05/04,13:58,1088.7,1088.7,1088.7,1088.7,20
BANKNIFTYWK20600PE,2020/05/04,14:01,1090.05,1090.05,1090.05,1090.05,20
BANKNIFTYWK20600PE,2020/05/04,14:03,1100.45,1130,1100.45,1130,360
BANKNIFTYWK20600PE,2020/05/04,14:04,1130.05,1130.05,1129.8,1129.8,100
BANKNIFTYWK20600PE,2020/05/04,14:05,1141.75,1167.35,1139.15,1167.35,220
BANKNIFTYWK20600PE,2020/05/04,14:06,1165.05,1172,1165.05,1170.55,440
BANKNIFTYWK20600PE,2020/05/04,14:07,1170.2,1170.2,1170.2,1170.2,20
BANKNIFTYWK20600PE,2020/05/04,14:10,1154,1154.1,1154,1154.1,40
BANKNIFTYWK20600PE,2020/05/04,14:11,1154.1,1154.1,1141.45,1143.9,120
BANKNIFTYWK20600PE,2020/05/04,14:12,1144.5,1158,1144.5,1158,100
BANKNIFTYWK20600PE,2020/05/04,14:13,1144.55,1144.55,1144.55,1144.55,20
BANKNIFTYWK20600PE,2020/05/04,14:14,1131.4,1131.4,1131.4,1131.4,40
BANKNIFTYWK20600PE,2020/05/04,14:16,1140.35,1162.05,1140.35,1162.05,40
BANKNIFTYWK20600PE,2020/05/04,14:17,1174.15,1174.15,1174.15,1174.15,20
BANKNIFTYWK20600PE,2020/05/04,14:18,1184.8,1192.15,1184.8,1192.15,40
BANKNIFTYWK20600PE,2020/05/04,14:19,1186.95,1203.85,1186.95,1191.8,780
BANKNIFTYWK20600PE,2020/05/04,14:20,1181.7,1186.15,1181.7,1184.4,280
BANKNIFTYWK20600PE,2020/05/04,14:21,1167.7,1167.7,1167.7,1167.7,20
BANKNIFTYWK20600PE,2020/05/04,14:22,1152.95,1152.95,1152.95,1152.95,40
BANKNIFTYWK20600PE,2020/05/04,14:24,1152.45,1152.45,1152.45,1152.45,60
BANKNIFTYWK20600PE,2020/05/04,14:25,1152.9,1152.9,1152.1,1152.15,120
BANKNIFTYWK20600PE,2020/05/04,14:27,1167.2,1179.5,1167.2,1179.05,60
BANKNIFTYWK20600PE,2020/05/04,14:29,1180.45,1190.6,1180.45,1185.45,80
BANKNIFTYWK20600PE,2020/05/04,14:31,1199.45,1199.45,1199.45,1199.45,20
BANKNIFTYWK20600PE,2020/05/04,14:33,1172.5,1172.5,1172.3,1172.3,100
BANKNIFTYWK20600PE,2020/05/04,14:35,1213.3,1213.3,1204.7,1204.7,60
BANKNIFTYWK20600PE,2020/05/04,14:36,1223.6,1223.6,1223.6,1223.6,40
BANKNIFTYWK20600PE,2020/05/04,14:37,1208.4,1210.15,1208.4,1210.15,120
BANKNIFTYWK20600PE,2020/05/04,14:38,1224,1236,1224,1235.6,160
BANKNIFTYWK20600PE,2020/05/04,14:41,1213.9,1213.9,1208.5,1209.2,320
BANKNIFTYWK20600PE,2020/05/04,14:43,1209.3,1213.8,1209.3,1213.8,120
BANKNIFTYWK20600PE,2020/05/04,14:44,1229.3,1229.3,1229.3,1229.3,40
BANKNIFTYWK20600PE,2020/05/04,14:45,1230.6,1242,1230.6,1242,100
BANKNIFTYWK20600PE,2020/05/04,14:46,1253.3,1269.05,1253.3,1269.05,240
BANKNIFTYWK20600PE,2020/05/04,14:48,1256.3,1266.55,1256.3,1266.55,80
BANKNIFTYWK20600PE,2020/05/04,14:49,1265,1265,1265,1265,20
BANKNIFTYWK20600PE,2020/05/04,14:50,1274.25,1281,1273.95,1278.8,600
BANKNIFTYWK20600PE,2020/05/04,14:51,1266.1,1266.35,1263.8,1263.8,60
BANKNIFTYWK20600PE,2020/05/04,14:52,1263.8,1263.8,1263.8,1263.8,20
BANKNIFTYWK20600PE,2020/05/04,14:53,1241.65,1252,1241.65,1252,60
BANKNIFTYWK20600PE,2020/05/04,14:54,1229,1229,1229,1229,20
BANKNIFTYWK20600PE,2020/05/04,14:55,1202.8,1202.8,1195.8,1195.8,60
BANKNIFTYWK20600PE,2020/05/04,14:56,1203.25,1203.25,1196.85,1196.85,100
BANKNIFTYWK20600PE,2020/05/04,14:57,1222.15,1222.15,1222.15,1222.15,40
BANKNIFTYWK20600PE,2020/05/04,14:59,1217.8,1217.8,1217.8,1217.8,20
BANKNIFTYWK20600PE,2020/05/04,15:00,1224.3,1225.2,1212.05,1212.05,280
BANKNIFTYWK20600PE,2020/05/04,15:01,1210.5,1217.6,1210.5,1217.6,40
BANKNIFTYWK20600PE,2020/05/04,15:02,1235,1235,1235,1235,20
BANKNIFTYWK20600PE,2020/05/04,15:04,1246.75,1250,1246.75,1250,60
BANKNIFTYWK20600PE,2020/05/04,15:05,1240.7,1240.7,1240.7,1240.7,20
BANKNIFTYWK20600PE,2020/05/04,15:06,1232.85,1232.85,1225.9,1225.9,380
BANKNIFTYWK20600PE,2020/05/04,15:07,1221.95,1221.95,1221.95,1221.95,20
BANKNIFTYWK20600PE,2020/05/04,15:09,1201.3,1201.3,1197.65,1197.65,80
BANKNIFTYWK20600PE,2020/05/04,15:10,1184.95,1207.05,1180.1,1207.05,1380
BANKNIFTYWK20600PE,2020/05/04,15:11,1205.65,1205.95,1204.3,1204.3,180
BANKNIFTYWK20600PE,2020/05/04,15:12,1211.55,1211.55,1211.55,1211.55,40
BANKNIFTYWK20600PE,2020/05/04,15:15,1205,1215.3,1205,1215.3,200
BANKNIFTYWK20600PE,2020/05/04,15:16,1191.15,1192.3,1181.7,1192.3,340
BANKNIFTYWK20600PE,2020/05/04,15:18,1189.55,1189.55,1183.65,1183.65,120
BANKNIFTYWK20600PE,2020/05/04,15:19,1172.8,1173,1172.8,1173,380
BANKNIFTYWK20600PE,2020/05/04,15:22,1178.65,1178.65,1178.65,1178.65,20
BANKNIFTYWK20600PE,2020/05/04,15:23,1169.85,1169.85,1169.85,1169.85,20
BANKNIFTYWK20600PE,2020/05/04,15:24,1155.9,1155.9,1151.65,1151.65,160
BANKNIFTYWK20600PE,2020/05/04,15:25,1151.9,1152.1,1151.9,1152.1,200
BANKNIFTYWK20600PE,2020/05/04,15:27,1157.4,1157.4,1147.6,1152.3,140
BANKNIFTYWK20600PE,2020/05/04,15:28,1150.95,1155.35,1144.7,1144.7,120
BANKNIFTYWK20600PE,2020/05/05,09:16,882,882,861.6,868.5,180
BANKNIFTYWK20600PE,2020/05/05,09:17,868.5,868.5,826.85,839.95,320
BANKNIFTYWK20600PE,2020/05/05,09:18,839.95,840.4,839.95,840.4,60
BANKNIFTYWK20600PE,2020/05/05,09:19,865.55,865.55,846,846,220
BANKNIFTYWK20600PE,2020/05/05,09:20,846,846,817.5,817.5,1460
BANKNIFTYWK20600PE,2020/05/05,09:21,830,830,830,830,20
BANKNIFTYWK20600PE,2020/05/05,09:22,851.7,851.7,851.7,851.7,60
BANKNIFTYWK20600PE,2020/05/05,09:24,871.75,871.75,867.3,867.3,40
BANKNIFTYWK20600PE,2020/05/05,09:26,912,912,912,912,20
BANKNIFTYWK20600PE,2020/05/05,09:27,914.2,914.2,909,909,160
BANKNIFTYWK20600PE,2020/05/05,09:28,888.8,888.8,888.8,888.8,60
BANKNIFTYWK20600PE,2020/05/05,09:29,967.4,967.4,945.5,945.5,240
BANKNIFTYWK20600PE,2020/05/05,09:30,964.75,964.75,925.6,925.6,80
BANKNIFTYWK20600PE,2020/05/05,09:31,894,910.45,894,910.45,120
BANKNIFTYWK20600PE,2020/05/05,09:33,911.2,920.9,911.2,920.9,120
BANKNIFTYWK20600PE,2020/05/05,09:39,890,890,890,890,20
BANKNIFTYWK20600PE,2020/05/05,09:40,904.5,904.5,904.5,904.5,60
BANKNIFTYWK20600PE,2020/05/05,09:41,920,920,920,920,20
BANKNIFTYWK20600PE,2020/05/05,09:44,876.1,876.1,876.1,876.1,20
BANKNIFTYWK20600PE,2020/05/05,09:45,883.45,883.45,883.45,883.45,60
BANKNIFTYWK20600PE,2020/05/05,09:48,883.45,887.3,883.45,887.3,60
BANKNIFTYWK20600PE,2020/05/05,09:52,920.7,961.55,920.7,954,360
BANKNIFTYWK20600PE,2020/05/05,09:53,937.6,961.15,937.6,961.15,80
BANKNIFTYWK20600PE,2020/05/05,09:54,967.55,977.7,967.55,977.7,80
BANKNIFTYWK20600PE,2020/05/05,09:55,1000,1000,1000,1000,40
BANKNIFTYWK20600PE,2020/05/05,09:56,1026.45,1027.4,1026.35,1027.4,380
BANKNIFTYWK20600PE,2020/05/05,09:59,995.75,995.75,995.75,995.75,60
BANKNIFTYWK20600PE,2020/05/05,10:00,1025.4,1050.05,1025.4,1050.05,40
BANKNIFTYWK20600PE,2020/05/05,10:01,1050,1050,1050,1050,20
BANKNIFTYWK20600PE,2020/05/05,10:02,1033.2,1048.35,1033.2,1040,160
BANKNIFTYWK20600PE,2020/05/05,10:03,1037.35,1037.35,1037.35,1037.35,20
BANKNIFTYWK20600PE,2020/05/05,10:04,1027,1029.55,1027,1029.55,40
BANKNIFTYWK20600PE,2020/05/05,10:05,1068.45,1075.55,1044.5,1044.5,1140
BANKNIFTYWK20600PE,2020/05/05,10:06,1038.8,1038.8,1038.8,1038.8,20
BANKNIFTYWK20600PE,2020/05/05,10:08,1080,1080,1080,1080,20
BANKNIFTYWK20600PE,2020/05/05,10:12,1058.8,1058.8,1058.8,1058.8,20
BANKNIFTYWK20600PE,2020/05/05,10:15,1020.7,1020.7,1020.7,1020.7,20
BANKNIFTYWK20600PE,2020/05/05,10:17,1032.5,1038.85,1032.5,1038.85,40
BANKNIFTYWK20600PE,2020/05/05,10:19,970,970,970,970,120
BANKNIFTYWK20600PE,2020/05/05,10:20,974.15,974.15,950.1,960,180
BANKNIFTYWK20600PE,2020/05/05,10:22,960,960,931.65,931.65,60
BANKNIFTYWK20600PE,2020/05/05,10:23,944.3,944.3,944.3,944.3,80
BANKNIFTYWK20600PE,2020/05/05,10:24,963.65,974.85,963.65,974.85,40
BANKNIFTYWK20600PE,2020/05/05,10:25,969,969,969,969,20
BANKNIFTYWK20600PE,2020/05/05,10:27,990,990,990,990,40
BANKNIFTYWK20600PE,2020/05/05,10:28,988.3,988.3,988.3,988.3,40
BANKNIFTYWK20600PE,2020/05/05,10:30,979.05,987.95,979.05,987.95,40
BANKNIFTYWK20600PE,2020/05/05,10:36,996.9,996.9,995.15,995.15,280
BANKNIFTYWK20600PE,2020/05/05,10:40,990.25,990.25,978.4,978.4,40
BANKNIFTYWK20600PE,2020/05/05,10:42,971.75,971.75,971.75,971.75,40
BANKNIFTYWK20600PE,2020/05/05,10:45,1000,1000,1000,1000,40
BANKNIFTYWK20600PE,2020/05/05,10:46,978.9,978.9,978.9,978.9,40
BANKNIFTYWK20600PE,2020/05/05,10:47,980.75,980.75,980.75,980.75,80
BANKNIFTYWK20600PE,2020/05/05,10:51,978.85,978.85,978.85,978.85,20
BANKNIFTYWK20600PE,2020/05/05,10:53,980,980,980,980,20
BANKNIFTYWK20600PE,2020/05/05,10:55,950,950,934.8,934.8,160
BANKNIFTYWK20600PE,2020/05/05,10:57,970.85,970.85,969.1,969.1,40
BANKNIFTYWK20600PE,2020/05/05,11:00,950,950,950,950,20
BANKNIFTYWK20600PE,2020/05/05,11:05,929.1,929.1,929.1,929.1,20
BANKNIFTYWK20600PE,2020/05/05,11:08,948,948,948,948,20
BANKNIFTYWK20600PE,2020/05/05,11:10,951.65,968.65,951.65,967.55,80
BANKNIFTYWK20600PE,2020/05/05,11:14,969,977.05,969,977.05,60
BANKNIFTYWK20600PE,2020/05/05,11:15,971.65,971.65,971.65,971.65,40
BANKNIFTYWK20600PE,2020/05/05,11:18,988,988,988,988,60
BANKNIFTYWK20600PE,2020/05/05,11:20,999,1010.7,999,1010.7,80
BANKNIFTYWK20600PE,2020/05/05,11:23,1020,1020,1020,1020,20
BANKNIFTYWK20600PE,2020/05/05,11:33,1030,1030,1030,1030,20
BANKNIFTYWK20600PE,2020/05/05,11:45,1004.25,1004.25,1004.25,1004.25,20
BANKNIFTYWK20600PE,2020/05/05,11:51,1032.95,1032.95,1020.6,1020.6,200
BANKNIFTYWK20600PE,2020/05/05,11:56,1082.65,1082.65,1080,1080,40
BANKNIFTYWK20600PE,2020/05/05,12:03,1110,1125.55,1110,1125.55,120
BANKNIFTYWK20600PE,2020/05/05,12:08,1124.5,1124.5,1124.5,1124.5,20
BANKNIFTYWK20600PE,2020/05/05,12:18,1124.5,1125,1124.5,1125,40
BANKNIFTYWK20600PE,2020/05/05,12:19,1139.7,1139.7,1139.7,1139.7,20
BANKNIFTYWK20600PE,2020/05/05,12:20,1151.6,1151.6,1151.6,1151.6,20
BANKNIFTYWK20600PE,2020/05/05,12:22,1163,1163,1162.95,1162.95,60
BANKNIFTYWK20600PE,2020/05/05,12:23,1156.3,1175.65,1156.3,1175.65,40
BANKNIFTYWK20600PE,2020/05/05,12:24,1170,1175,1170,1175,60
BANKNIFTYWK20600PE,2020/05/05,12:26,1170,1170,1170,1170,40
BANKNIFTYWK20600PE,2020/05/05,12:29,1130,1130,1130,1130,40
BANKNIFTYWK20600PE,2020/05/05,12:48,1068.7,1068.7,1068.7,1068.7,40
BANKNIFTYWK20600PE,2020/05/05,12:49,1086.35,1086.35,1086.35,1086.35,20
BANKNIFTYWK20600PE,2020/05/05,12:55,1040,1040,1040,1040,20
BANKNIFTYWK20600PE,2020/05/05,13:01,992.3,992.3,992.3,992.3,100
BANKNIFTYWK20600PE,2020/05/05,13:02,990.8,990.8,990.8,990.8,20
BANKNIFTYWK20600PE,2020/05/05,13:03,931.8,931.8,931.8,931.8,20
BANKNIFTYWK20600PE,2020/05/05,13:06,923.9,930,923.9,930,40
BANKNIFTYWK20600PE,2020/05/05,13:08,960.9,960.9,960.9,960.9,40
BANKNIFTYWK20600PE,2020/05/05,13:10,938.85,949,938.85,949,60
BANKNIFTYWK20600PE,2020/05/05,13:12,969,969,969,969,120
BANKNIFTYWK20600PE,2020/05/05,13:15,940,940,940,940,20
BANKNIFTYWK20600PE,2020/05/05,13:21,988.5,988.5,988.5,988.5,20
BANKNIFTYWK20600PE,2020/05/05,13:23,967.35,967.35,967.35,967.35,120
BANKNIFTYWK20600PE,2020/05/05,13:31,968,968,968,968,20
BANKNIFTYWK20600PE,2020/05/05,13:36,891.2,903.55,891.2,892.5,100
BANKNIFTYWK20600PE,2020/05/05,13:42,847.3,847.3,847.3,847.3,20
BANKNIFTYWK20600PE,2020/05/05,13:45,881.6,881.6,881.6,881.6,40
BANKNIFTYWK20600PE,2020/05/05,13:49,973.35,975,973.35,975,40
BANKNIFTYWK20600PE,2020/05/05,14:02,1046.9,1050,1046.9,1050,60
BANKNIFTYWK20600PE,2020/05/05,14:10,1119.25,1119.25,1119.25,1119.25,20
BANKNIFTYWK20600PE,2020/05/05,14:17,1125,1125,1125,1125,40
BANKNIFTYWK20600PE,2020/05/05,14:29,1210,1224.65,1210,1224.65,40
BANKNIFTYWK20600PE,2020/05/05,14:30,1239.7,1239.7,1239.7,1239.7,20
BANKNIFTYWK20600PE,2020/05/05,14:31,1239.7,1239.7,1239.7,1239.7,20
BANKNIFTYWK20600PE,2020/05/05,14:32,1252.3,1252.3,1252.3,1252.3,100
BANKNIFTYWK20600PE,2020/05/05,14:35,1270,1270,1270,1270,20
BANKNIFTYWK20600PE,2020/05/05,14:36,1313.8,1313.8,1313.8,1313.8,40
BANKNIFTYWK20600PE,2020/05/05,14:37,1300.35,1317.7,1300.35,1314.65,140
BANKNIFTYWK20600PE,2020/05/05,14:38,1309.1,1309.1,1293.2,1293.45,360
BANKNIFTYWK20600PE,2020/05/05,14:39,1286,1286,1270.5,1270.5,40
BANKNIFTYWK20600PE,2020/05/05,14:42,1282,1282,1282,1282,20
BANKNIFTYWK20600PE,2020/05/05,14:51,1341.25,1341.25,1325.8,1325.8,60
BANKNIFTYWK20600PE,2020/05/05,14:52,1370,1370,1356.95,1356.95,40
BANKNIFTYWK20600PE,2020/05/05,14:53,1359.2,1359.2,1359.2,1359.2,20
BANKNIFTYWK20600PE,2020/05/05,14:56,1412.9,1412.9,1412.9,1412.9,140
BANKNIFTYWK20600PE,2020/05/05,14:58,1403,1403,1403,1403,20
BANKNIFTYWK20600PE,2020/05/05,15:08,1430.05,1430.05,1430,1430,40
BANKNIFTYWK20600PE,2020/05/05,15:11,1450,1450,1450,1450,60
BANKNIFTYWK20600PE,2020/05/05,15:16,1380.9,1392.4,1380,1392.4,480
BANKNIFTYWK20600PE,2020/05/05,15:25,1377.65,1377.65,1377.65,1377.65,20
BANKNIFTYWK20600PE,2020/05/05,15:27,1372.35,1372.35,1370.55,1370.55,80
BANKNIFTYWK20600PE,2020/05/05,15:28,1369.9,1369.95,1369.9,1369.9,220
BANKNIFTYWK20600PE,2020/05/05,15:29,1369.85,1369.85,1368,1368,80
BANKNIFTYWK20600PE,2020/05/06,09:16,1560,1560,1560,1560,40
BANKNIFTYWK20600PE,2020/05/06,09:24,1637.1,1637.15,1621.6,1621.6,420
BANKNIFTYWK20600PE,2020/05/06,09:25,1622,1622,1622,1622,20
BANKNIFTYWK20600PE,2020/05/06,09:26,1590.55,1590.55,1590.55,1590.55,40
BANKNIFTYWK20600PE,2020/05/06,09:28,1615.25,1615.25,1615.25,1615.25,40
BANKNIFTYWK20600PE,2020/05/06,09:33,1656.15,1656.15,1656.15,1656.15,20
BANKNIFTYWK20600PE,2020/05/06,09:35,1656.05,1656.05,1656.05,1656.05,60
BANKNIFTYWK20600PE,2020/05/06,09:40,1657.45,1657.45,1640,1640,40
BANKNIFTYWK20600PE,2020/05/06,09:47,1708,1708,1708,1708,20
BANKNIFTYWK20600PE,2020/05/06,09:52,1522.25,1522.25,1510,1510,220
BANKNIFTYWK20600PE,2020/05/06,09:55,1470.85,1470.85,1470.85,1470.85,20
BANKNIFTYWK20600PE,2020/05/06,09:56,1337.9,1337.9,1337.9,1337.9,40
BANKNIFTYWK20600PE,2020/05/06,09:57,1304.35,1336.7,1304.35,1336.7,100
BANKNIFTYWK20600PE,2020/05/06,09:58,1359.05,1359.05,1246.6,1246.6,440
BANKNIFTYWK20600PE,2020/05/06,09:59,1265.15,1265.15,1265.15,1265.15,20
BANKNIFTYWK20600PE,2020/05/06,10:00,1302.65,1302.65,1302.65,1302.65,20
BANKNIFTYWK20600PE,2020/05/06,10:05,1261.9,1261.9,1261.9,1261.9,20
BANKNIFTYWK20600PE,2020/05/06,10:07,1226.1,1226.1,1226.1,1226.1,40
BANKNIFTYWK20600PE,2020/05/06,10:09,1257.85,1257.85,1257.85,1257.85,20
BANKNIFTYWK20600PE,2020/05/06,10:12,1210.95,1210.95,1210.95,1210.95,20
BANKNIFTYWK20600PE,2020/05/06,10:13,1205.3,1205.3,1205.3,1205.3,20
BANKNIFTYWK20600PE,2020/05/06,10:29,1017.7,1017.7,1017.7,1017.7,20
BANKNIFTYWK20600PE,2020/05/06,10:31,998.85,1000,998.85,1000,40
BANKNIFTYWK20600PE,2020/05/06,10:43,1100,1100,1100,1100,120
BANKNIFTYWK20600PE,2020/05/06,10:44,1100,1100,1100,1100,100
BANKNIFTYWK20600PE,2020/05/06,10:47,1080,1080,1080,1080,100
BANKNIFTYWK20600PE,2020/05/06,10:49,1075,1075,1075,1075,200
BANKNIFTYWK20600PE,2020/05/06,11:10,980,980,980,980,20
BANKNIFTYWK20600PE,2020/05/06,11:22,1024.05,1024.05,1024.05,1024.05,20
BANKNIFTYWK20600PE,2020/05/06,11:27,1081.85,1112.8,1081.85,1112.8,240
BANKNIFTYWK20600PE,2020/05/06,11:33,1101.15,1101.15,1101.15,1101.15,20
BANKNIFTYWK20600PE,2020/05/06,11:37,1122,1122,1122,1122,60
BANKNIFTYWK20600PE,2020/05/06,11:47,1131.85,1131.85,1131.85,1131.85,20
BANKNIFTYWK20600PE,2020/05/06,11:52,1070,1070,1070,1070,20
BANKNIFTYWK20600PE,2020/05/06,12:04,980,980,980,980,20
BANKNIFTYWK20600PE,2020/05/06,12:09,975,975,975,975,20
BANKNIFTYWK20600PE,2020/05/06,12:11,1000,1000,1000,1000,20
BANKNIFTYWK20600PE,2020/05/06,12:27,1057.2,1057.2,1057.2,1057.2,20
BANKNIFTYWK20600PE,2020/05/06,12:28,1082,1082,1082,1082,20
BANKNIFTYWK20600PE,2020/05/06,12:38,1054.65,1054.65,1039.4,1039.4,140
BANKNIFTYWK20600PE,2020/05/06,13:04,1042.9,1042.9,1042.9,1042.9,20
BANKNIFTYWK20600PE,2020/05/06,13:06,1105.7,1105.7,1105.7,1105.7,40
BANKNIFTYWK20600PE,2020/05/06,13:11,1042.75,1042.75,1042.75,1042.75,2000
BANKNIFTYWK20600PE,2020/05/06,13:12,1012.9,1029.3,1012.9,1029.3,3400
BANKNIFTYWK20600PE,2020/05/06,13:13,1029.3,1048,1029.3,1041.95,5600
BANKNIFTYWK20600PE,2020/05/06,13:14,1062,1068,1062,1068,1000
BANKNIFTYWK20600PE,2020/05/06,13:18,1067.55,1067.55,1067.55,1067.55,20
BANKNIFTYWK20600PE,2020/05/06,13:30,1099.75,1099.75,1099.75,1099.75,20
BANKNIFTYWK20600PE,2020/05/06,13:34,1020,1020,1020,1020,20
BANKNIFTYWK20600PE,2020/05/06,13:35,1049.35,1049.35,1049.35,1049.35,20
BANKNIFTYWK20600PE,2020/05/06,13:38,908.2,908.2,899.95,900.75,120
BANKNIFTYWK20600PE,2020/05/06,13:41,906.4,909.95,906.4,909.95,620
BANKNIFTYWK20600PE,2020/05/06,13:48,900,900,900,900,20
BANKNIFTYWK20600PE,2020/05/06,13:50,959.15,959.15,959.15,959.15,20
BANKNIFTYWK20600PE,2020/05/06,13:51,960.95,962,960.95,962,40
BANKNIFTYWK20600PE,2020/05/06,13:52,992.35,992.35,988.4,988.4,220
BANKNIFTYWK20600PE,2020/05/06,13:53,988.4,988.4,988.4,988.4,60
BANKNIFTYWK20600PE,2020/05/06,13:57,1001.3,1001.3,1001.3,1001.3,60
BANKNIFTYWK20600PE,2020/05/06,13:58,1001.3,1001.3,1001.3,1001.3,260
BANKNIFTYWK20600PE,2020/05/06,14:00,1040,1040,1040,1040,20
BANKNIFTYWK20600PE,2020/05/06,14:02,1045,1045,1045,1045,20
BANKNIFTYWK20600PE,2020/05/06,14:03,1028.2,1028.2,989,989,40
BANKNIFTYWK20600PE,2020/05/06,14:04,960,960,943.1,943.1,20
BANKNIFTYWK20600PE,2020/05/06,14:05,943.1,947.95,943.1,947.95,400
BANKNIFTYWK20600PE,2020/05/06,14:13,1022,1022,1022,1022,20
BANKNIFTYWK20600PE,2020/05/06,14:17,980,980,980,980,20
BANKNIFTYWK20600PE,2020/05/06,14:20,1105.7,1105.7,1100.5,1100.5,200
BANKNIFTYWK20600PE,2020/05/06,14:22,1200.8,1200.8,1200.8,1200.8,20
BANKNIFTYWK20600PE,2020/05/06,14:34,1300,1300,1300,1300,20
BANKNIFTYWK20600PE,2020/05/06,14:37,1317.9,1317.9,1317.9,1317.9,100
BANKNIFTYWK20600PE,2020/05/06,14:41,1225.4,1225.4,1225.4,1225.4,80
BANKNIFTYWK20600PE,2020/05/06,14:42,1250,1250,1250,1250,20
BANKNIFTYWK20600PE,2020/05/06,14:44,1110,1110,1110,1110,20
BANKNIFTYWK20600PE,2020/05/06,15:02,999,999,999,999,20
BANKNIFTYWK20600PE,2020/05/06,15:03,962.7,962.7,962.7,962.7,20
BANKNIFTYWK20600PE,2020/05/06,15:04,988.9,988.9,988.9,988.9,20
BANKNIFTYWK20600PE,2020/05/06,15:05,984.7,984.7,984.7,984.7,20
BANKNIFTYWK20600PE,2020/05/06,15:06,1019,1029,1019,1029,40
BANKNIFTYWK20600PE,2020/05/06,15:10,1013.2,1013.2,1013.2,1013.2,360
BANKNIFTYWK20600PE,2020/05/06,15:12,975,975,975,975,40
BANKNIFTYWK20600PE,2020/05/06,15:13,973,973,973,973,20
BANKNIFTYWK20600PE,2020/05/06,15:16,971.7,989.25,971.7,983.95,80
BANKNIFTYWK20600PE,2020/05/06,15:17,950,950,950,950,40
BANKNIFTYWK20600PE,2020/05/06,15:20,963.6,963.6,963.6,963.6,160
BANKNIFTYWK20600PE,2020/05/06,15:21,940,940,936.4,936.4,60
BANKNIFTYWK20600PE,2020/05/06,15:22,925,925,925,925,40
BANKNIFTYWK20600PE,2020/05/06,15:25,925,930,925,930,340
BANKNIFTYWK20600PE,2020/05/06,15:26,935.15,935.15,935.15,935.15,40
BANKNIFTYWK20600PE,2020/05/06,15:27,925,925,925,925,700
BANKNIFTYWK20600PE,2020/05/06,15:29,900,900,900,900,20
BANKNIFTYWK20600PE,2020/05/07,09:15,1111.4,1396.9,1041.7,1270.9,1120
BANKNIFTYWK20600PE,2020/05/07,09:16,1255,1255,1239.95,1240,460
BANKNIFTYWK20600PE,2020/05/07,09:18,1225.35,1230.2,1222.45,1222.45,60
BANKNIFTYWK20600PE,2020/05/07,09:19,1221.75,1222.75,1221.75,1222.75,40
BANKNIFTYWK20600PE,2020/05/07,09:20,1232.7,1262,1228.7,1262,120
BANKNIFTYWK20600PE,2020/05/07,09:22,1136.45,1136.45,1100,1104.65,500
BANKNIFTYWK20600PE,2020/05/07,09:23,1029.05,1070.35,1016.15,1070.35,160
BANKNIFTYWK20600PE,2020/05/07,09:24,1070.35,1070.35,985.95,1012.9,60
BANKNIFTYWK20600PE,2020/05/07,09:25,1023.5,1057.95,1017.9,1057.95,120
BANKNIFTYWK20600PE,2020/05/07,09:26,1060.95,1060.95,1060.95,1060.95,20
BANKNIFTYWK20600PE,2020/05/07,09:27,1101.75,1101.75,1057.6,1071.5,80
BANKNIFTYWK20600PE,2020/05/07,09:29,1087.8,1111.7,1086.5,1111.7,80
BANKNIFTYWK20600PE,2020/05/07,09:30,1132.3,1169.3,1132.3,1169.3,480
BANKNIFTYWK20600PE,2020/05/07,09:32,1140.8,1140.8,1140.8,1140.8,40
BANKNIFTYWK20600PE,2020/05/07,09:33,1069.45,1071.1,1057.05,1071.1,140
BANKNIFTYWK20600PE,2020/05/07,09:34,1071.1,1071.1,1066.9,1069.55,60
BANKNIFTYWK20600PE,2020/05/07,09:35,1034.75,1034.75,1031.25,1031.25,40
BANKNIFTYWK20600PE,2020/05/07,09:36,1014.75,1014.75,1001.45,1001.45,80
BANKNIFTYWK20600PE,2020/05/07,09:38,1063.35,1063.35,1063.35,1063.35,60
BANKNIFTYWK20600PE,2020/05/07,09:39,1086.85,1093.2,1086.85,1093.2,300
BANKNIFTYWK20600PE,2020/05/07,09:40,1054.25,1054.25,1054.25,1054.25,40
BANKNIFTYWK20600PE,2020/05/07,09:41,1041.95,1041.95,1041.95,1041.95,20
BANKNIFTYWK20600PE,2020/05/07,09:48,996,996,996,996,40
BANKNIFTYWK20600PE,2020/05/07,09:50,947.6,947.6,917.9,932,60
BANKNIFTYWK20600PE,2020/05/07,09:54,938.7,938.7,938.7,938.7,20
BANKNIFTYWK20600PE,2020/05/07,09:59,940,940,940,940,40
BANKNIFTYWK20600PE,2020/05/07,10:00,894.6,894.6,894.6,894.6,20
BANKNIFTYWK20600PE,2020/05/07,10:02,896.8,896.8,896.8,896.8,20
BANKNIFTYWK20600PE,2020/05/07,10:10,990,990,964.6,964.6,60
BANKNIFTYWK20600PE,2020/05/07,10:14,1000,1000,1000,1000,20
BANKNIFTYWK20600PE,2020/05/07,10:15,980,980,980,980,20
BANKNIFTYWK20600PE,2020/05/07,10:19,1001.7,1001.7,1001.7,1001.7,20
BANKNIFTYWK20600PE,2020/05/07,10:25,1057.35,1057.35,1057.35,1057.35,20
BANKNIFTYWK20600PE,2020/05/07,10:27,1037.6,1037.6,1037.6,1037.6,20
BANKNIFTYWK20600PE,2020/05/07,10:28,1043.35,1043.35,1043.35,1043.35,20
BANKNIFTYWK20600PE,2020/05/07,10:30,1065.4,1065.4,1065.4,1065.4,140
BANKNIFTYWK20600PE,2020/05/07,10:31,1091.55,1101.1,1091.55,1101.1,60
BANKNIFTYWK20600PE,2020/05/07,10:40,1116,1116,1116,1116,20
BANKNIFTYWK20600PE,2020/05/07,10:42,1139.5,1139.5,1139.5,1139.5,20
BANKNIFTYWK20600PE,2020/05/07,11:19,1130,1130,1130,1130,20
BANKNIFTYWK20600PE,2020/05/07,11:31,1064.3,1064.3,1064.3,1064.3,40
BANKNIFTYWK20600PE,2020/05/07,11:44,1060,1060,1060,1060,20
BANKNIFTYWK20600PE,2020/05/07,11:57,1152.25,1152.25,1152.25,1152.25,120
BANKNIFTYWK20600PE,2020/05/07,12:01,1124.3,1124.3,1124.3,1124.3,20
BANKNIFTYWK20600PE,2020/05/07,12:04,1152.25,1152.25,1152.25,1152.25,20
BANKNIFTYWK20600PE,2020/05/07,12:05,1162,1162,1162,1162,20
BANKNIFTYWK20600PE,2020/05/07,12:26,1230.2,1230.2,1230.2,1230.2,200
BANKNIFTYWK20600PE,2020/05/07,12:27,1230,1230,1230,1230,20
BANKNIFTYWK20600PE,2020/05/07,12:29,1220,1220,1220,1220,20
BANKNIFTYWK20600PE,2020/05/07,12:47,1034.3,1034.3,1034.3,1034.3,60
BANKNIFTYWK20600PE,2020/05/07,12:48,1054,1054,1054,1054,20
BANKNIFTYWK20600PE,2020/05/07,12:50,1077.3,1077.3,1077.3,1077.3,20
BANKNIFTYWK20600PE,2020/05/07,13:05,1130,1130,1130,1130,20
BANKNIFTYWK20600PE,2020/05/07,13:09,1052,1052,1052,1052,20
BANKNIFTYWK20600PE,2020/05/07,13:12,1074,1074,1074,1074,20
BANKNIFTYWK20600PE,2020/05/07,13:16,1013.7,1013.7,985.7,985.7,80
BANKNIFTYWK20600PE,2020/05/07,13:17,985.7,985.7,973.4,973.4,100
BANKNIFTYWK20600PE,2020/05/07,13:18,1000.75,1000.75,1000.75,1000.75,40
BANKNIFTYWK20600PE,2020/05/07,13:21,1030.5,1030.5,1030.5,1030.5,20
BANKNIFTYWK20600PE,2020/05/07,13:25,1064.15,1064.15,1064.15,1064.15,340
BANKNIFTYWK20600PE,2020/05/07,13:58,1087.65,1087.65,1087.65,1087.65,40
BANKNIFTYWK20600PE,2020/05/07,14:00,1058.3,1058.3,1058.3,1058.3,40
BANKNIFTYWK20600PE,2020/05/07,14:18,1121.3,1121.3,1121.3,1121.3,60
BANKNIFTYWK20600PE,2020/05/07,14:30,1088.35,1088.35,1035.95,1039.95,220
BANKNIFTYWK20600PE,2020/05/07,14:33,1073.25,1073.25,1073.25,1073.25,20
BANKNIFTYWK20600PE,2020/05/07,14:34,1075,1075,1075,1075,20
BANKNIFTYWK20600PE,2020/05/07,14:36,1058.5,1058.5,1058.5,1058.5,20
BANKNIFTYWK20600PE,2020/05/07,14:37,1060.2,1079.9,1060.2,1075.7,60
BANKNIFTYWK20600PE,2020/05/07,14:38,1065.35,1073.75,1053.65,1073.75,100
BANKNIFTYWK20600PE,2020/05/07,14:41,1051.55,1051.55,1051.55,1051.55,40
BANKNIFTYWK20600PE,2020/05/07,14:44,1071.5,1071.5,1071.5,1071.5,40
BANKNIFTYWK20600PE,2020/05/07,14:45,1109.2,1119.65,1109.2,1119.65,440
BANKNIFTYWK20600PE,2020/05/07,15:00,1089.2,1089.2,1089.2,1089.2,40
BANKNIFTYWK20600PE,2020/05/07,15:05,1128,1128,1128,1128,20
BANKNIFTYWK20600PE,2020/05/07,15:11,1103.3,1103.3,1103.3,1103.3,40
BANKNIFTYWK20600PE,2020/05/07,15:15,1103.3,1103.3,1103.3,1103.3,20
BANKNIFTYWK20600PE,2020/05/07,15:17,1092.8,1092.8,1092.8,1092.8,60
BANKNIFTYWK20600PE,2020/05/07,15:19,1118.05,1118.05,1118.05,1118.05,20
BANKNIFTYWK20600PE,2020/05/07,15:21,1120.65,1120.65,1110.7,1110.7,200
BANKNIFTYWK20600PE,2020/05/07,15:22,1118.45,1118.5,1118.45,1118.5,80
BANKNIFTYWK20600PE,2020/05/07,15:24,1110,1114.75,1110,1111,120
BANKNIFTYWK20600PE,2020/05/07,15:25,1112.5,1112.5,1112.5,1112.5,20
BANKNIFTYWK20600PE,2020/05/07,15:27,1112.05,1112.05,1112.05,1112.05,40
