BANKNIFTYWK19200CE,2020/04/30,13:13,2299.95,2397.35,2299.95,2397.35,20
BANKNIFTYWK19200CE,2020/04/30,13:16,2397.35,2397.35,2380,2380,20
BANKNIFTYWK19200CE,2020/04/30,13:23,2380,2404,2380,2404,20
BANKNIFTYWK19200CE,2020/04/30,13:29,2404,2425,2404,2425,20
BANKNIFTYWK19200CE,2020/04/30,14:05,2425,2475,2425,2475,20
BANKNIFTYWK19200CE,2020/05/04,09:19,1286.9,1286.9,1240.5,1267.5,180
BANKNIFTYWK19200CE,2020/05/04,09:25,1239,1239,1225.5,1225.5,40
BANKNIFTYWK19200CE,2020/05/04,09:28,1237.45,1237.45,1237.45,1237.45,20
BANKNIFTYWK19200CE,2020/05/04,09:29,1244.85,1244.85,1244.85,1244.85,20
BANKNIFTYWK19200CE,2020/05/04,09:31,1180,1180,1180,1180,20
BANKNIFTYWK19200CE,2020/05/04,09:40,1126.5,1127.35,1126.5,1127.35,160
BANKNIFTYWK19200CE,2020/05/04,09:53,1100,1100,1100,1100,20
BANKNIFTYWK19200CE,2020/05/04,09:55,1065,1065,1065,1065,20
BANKNIFTYWK19200CE,2020/05/04,09:57,1060.5,1060.5,1044.35,1044.65,60
BANKNIFTYWK19200CE,2020/05/04,09:58,1039.55,1039.55,1039.55,1039.55,40
BANKNIFTYWK19200CE,2020/05/04,09:59,1008,1008,1008,1008,200
BANKNIFTYWK19200CE,2020/05/04,10:00,1000,1000,1000,1000,120
BANKNIFTYWK19200CE,2020/05/04,10:02,996,996,990,990,120
BANKNIFTYWK19200CE,2020/05/04,10:03,987.65,987.65,985.5,985.5,20
BANKNIFTYWK19200CE,2020/05/04,10:04,985.5,985.5,978,978,220
BANKNIFTYWK19200CE,2020/05/04,10:05,997.5,997.5,997.5,997.5,40
BANKNIFTYWK19200CE,2020/05/04,10:06,985.5,985.5,985.5,985.5,100
BANKNIFTYWK19200CE,2020/05/04,10:07,957,957,939.55,939.55,120
BANKNIFTYWK19200CE,2020/05/04,10:09,969,969,969,969,200
BANKNIFTYWK19200CE,2020/05/04,10:10,979.5,979.5,979.5,979.5,200
BANKNIFTYWK19200CE,2020/05/04,10:13,978,978,978,978,20
BANKNIFTYWK19200CE,2020/05/04,10:20,1005,1005,1005,1005,100
BANKNIFTYWK19200CE,2020/05/04,10:31,1032.75,1032.75,1032.75,1032.75,20
BANKNIFTYWK19200CE,2020/05/04,10:32,1020,1020,1020,1020,20
BANKNIFTYWK19200CE,2020/05/04,10:34,1026.2,1026.2,1026.2,1026.2,20
BANKNIFTYWK19200CE,2020/05/04,10:38,1022.4,1022.4,1022.4,1022.4,40
BANKNIFTYWK19200CE,2020/05/04,10:42,1017.05,1017.05,1017.05,1017.05,20
BANKNIFTYWK19200CE,2020/05/04,10:47,1053,1063.5,1053,1063.5,140
BANKNIFTYWK19200CE,2020/05/04,10:53,1027.5,1027.5,1027.5,1027.5,20
BANKNIFTYWK19200CE,2020/05/04,10:54,1018.6,1018.6,1018.6,1018.6,20
BANKNIFTYWK19200CE,2020/05/04,11:11,1007.95,1007.95,1007.95,1007.95,20
BANKNIFTYWK19200CE,2020/05/04,11:29,938.55,938.55,938.55,938.55,20
BANKNIFTYWK19200CE,2020/05/04,11:30,937,939,933.05,933.05,140
BANKNIFTYWK19200CE,2020/05/04,11:35,960,975,960,975,40
BANKNIFTYWK19200CE,2020/05/04,11:37,985,989.5,985,989.5,120
BANKNIFTYWK19200CE,2020/05/04,11:45,976.45,976.45,976.45,976.45,40
BANKNIFTYWK19200CE,2020/05/04,11:48,970.5,970.5,970.5,970.5,100
BANKNIFTYWK19200CE,2020/05/04,11:50,985.3,990.2,985.3,990.2,40
BANKNIFTYWK19200CE,2020/05/04,12:01,1011,1011,1011,1011,360
BANKNIFTYWK19200CE,2020/05/04,12:17,1024.55,1024.55,1024.55,1024.55,20
BANKNIFTYWK19200CE,2020/05/04,12:26,969.45,969.45,969.45,969.45,20
BANKNIFTYWK19200CE,2020/05/04,12:31,980,980,980,980,100
BANKNIFTYWK19200CE,2020/05/04,12:35,995.8,995.8,995.8,995.8,20
BANKNIFTYWK19200CE,2020/05/04,12:43,985.75,985.75,985.75,985.75,20
BANKNIFTYWK19200CE,2020/05/04,12:44,1000,1000,1000,1000,100
BANKNIFTYWK19200CE,2020/05/04,12:55,946.5,946.5,946.5,946.5,80
BANKNIFTYWK19200CE,2020/05/04,12:58,949.45,963,949.45,963,300
BANKNIFTYWK19200CE,2020/05/04,12:59,962.95,962.95,961.45,961.45,80
BANKNIFTYWK19200CE,2020/05/04,13:02,982.45,982.45,982.45,982.45,20
BANKNIFTYWK19200CE,2020/05/04,13:03,972,972,972,972,180
BANKNIFTYWK19200CE,2020/05/04,13:29,985.5,985.5,985.5,985.5,120
BANKNIFTYWK19200CE,2020/05/04,13:30,972,972,972,972,40
BANKNIFTYWK19200CE,2020/05/04,13:32,956.95,956.95,956.95,956.95,720
BANKNIFTYWK19200CE,2020/05/04,13:35,1002,1002,1002,1002,20
BANKNIFTYWK19200CE,2020/05/04,13:46,960,960,960,960,40
BANKNIFTYWK19200CE,2020/05/04,13:49,935,935,935,935,40
BANKNIFTYWK19200CE,2020/05/04,13:50,948,952.5,948,952.5,120
BANKNIFTYWK19200CE,2020/05/04,13:57,941,941,941,941,20
BANKNIFTYWK19200CE,2020/05/04,13:59,963,963,958,958,40
BANKNIFTYWK19200CE,2020/05/04,14:03,910.55,910.55,900,900,40
BANKNIFTYWK19200CE,2020/05/04,14:05,890,890,890,890,20
BANKNIFTYWK19200CE,2020/05/04,14:06,898.1,898.1,898.1,898.1,20
BANKNIFTYWK19200CE,2020/05/04,14:11,898.45,898.45,897.95,897.95,80
BANKNIFTYWK19200CE,2020/05/04,14:12,890.95,890.95,890.95,890.95,40
BANKNIFTYWK19200CE,2020/05/04,14:16,900.25,900.25,900.25,900.25,20
BANKNIFTYWK19200CE,2020/05/04,14:22,883.45,883.45,883.45,883.45,200
BANKNIFTYWK19200CE,2020/05/04,14:23,889.5,889.5,889.5,889.5,100
BANKNIFTYWK19200CE,2020/05/04,14:30,853.95,853.95,853.95,853.95,100
BANKNIFTYWK19200CE,2020/05/04,14:33,856.55,856.55,856.55,856.55,20
BANKNIFTYWK19200CE,2020/05/04,14:43,820.5,820.5,820.5,820.5,100
BANKNIFTYWK19200CE,2020/05/04,14:48,788.85,788.85,788.85,788.85,20
BANKNIFTYWK19200CE,2020/05/04,14:50,785.95,785.95,780,780,80
BANKNIFTYWK19200CE,2020/05/04,14:52,815,815,815,815,20
BANKNIFTYWK19200CE,2020/05/04,14:54,822,822,822,822,20
BANKNIFTYWK19200CE,2020/05/04,14:56,832.35,832.35,832.35,832.35,20
BANKNIFTYWK19200CE,2020/05/04,15:01,832,832,832,832,20
BANKNIFTYWK19200CE,2020/05/04,15:02,811.1,811.1,811.1,811.1,20
BANKNIFTYWK19200CE,2020/05/04,15:03,811.1,811.1,802.9,802.9,40
BANKNIFTYWK19200CE,2020/05/04,15:07,832.85,832.85,832.85,832.85,20
BANKNIFTYWK19200CE,2020/05/04,15:10,854.5,854.5,832.85,832.85,260
BANKNIFTYWK19200CE,2020/05/04,15:16,857,857,853.6,853.6,60
BANKNIFTYWK19200CE,2020/05/04,15:18,862.55,862.55,862.55,862.55,20
BANKNIFTYWK19200CE,2020/05/04,15:19,868,877.5,868,877.5,120
BANKNIFTYWK19200CE,2020/05/04,15:21,870.65,870.65,870.65,870.65,20
BANKNIFTYWK19200CE,2020/05/04,15:22,853.55,853.55,853.55,853.55,20
BANKNIFTYWK19200CE,2020/05/04,15:23,877,877,877,877,20
BANKNIFTYWK19200CE,2020/05/04,15:28,876.9,876.9,876.9,876.9,20
BANKNIFTYWK19200CE,2020/05/05,09:15,1143.4,1143.4,1143.4,1143.4,20
BANKNIFTYWK19200CE,2020/05/05,09:16,1020.65,1020.65,1017.5,1017.5,40
BANKNIFTYWK19200CE,2020/05/05,09:17,1050,1083.05,1050,1083.05,2060
BANKNIFTYWK19200CE,2020/05/05,09:18,1057.35,1057.35,1038.4,1038.4,60
BANKNIFTYWK19200CE,2020/05/05,09:20,1052.3,1052.3,1052.3,1052.3,20
BANKNIFTYWK19200CE,2020/05/05,09:21,1072.25,1072.25,1072.25,1072.25,20
BANKNIFTYWK19200CE,2020/05/05,09:24,1035,1035,1035,1035,20
BANKNIFTYWK19200CE,2020/05/05,09:28,993.45,993.45,993.45,993.45,20
BANKNIFTYWK19200CE,2020/05/05,09:29,970.7,970.7,970.7,970.7,20
BANKNIFTYWK19200CE,2020/05/05,09:40,995.05,995.05,995.05,995.05,20
BANKNIFTYWK19200CE,2020/05/05,09:41,955.5,955.5,955.5,955.5,60
BANKNIFTYWK19200CE,2020/05/05,09:42,976.25,976.25,976.25,976.25,20
BANKNIFTYWK19200CE,2020/05/05,09:43,969.05,969.05,969.05,969.05,20
BANKNIFTYWK19200CE,2020/05/05,09:45,1005.1,1007.2,1005.1,1007.2,120
BANKNIFTYWK19200CE,2020/05/05,09:46,1004.75,1004.75,1000.45,1000.45,140
BANKNIFTYWK19200CE,2020/05/05,09:51,960.9,960.9,960.9,960.9,40
BANKNIFTYWK19200CE,2020/05/05,09:52,946.35,946.35,910,910,40
BANKNIFTYWK19200CE,2020/05/05,09:53,913.65,913.65,913.65,913.65,20
BANKNIFTYWK19200CE,2020/05/05,09:57,879.6,879.6,879.6,879.6,20
BANKNIFTYWK19200CE,2020/05/05,09:59,874.95,875,874.95,875,2220
BANKNIFTYWK19200CE,2020/05/05,10:00,838.45,838.5,838.45,838.5,40
BANKNIFTYWK19200CE,2020/05/05,10:01,808.35,830.85,808.35,830.85,140
BANKNIFTYWK19200CE,2020/05/05,10:02,838,838,834.05,834.05,40
BANKNIFTYWK19200CE,2020/05/05,10:03,850.7,850.7,850.7,850.7,20
BANKNIFTYWK19200CE,2020/05/05,10:04,846.15,846.15,846.15,846.15,40
BANKNIFTYWK19200CE,2020/05/05,10:05,827.6,829.6,827.6,829.6,40
BANKNIFTYWK19200CE,2020/05/05,10:06,828.65,828.65,828.65,828.65,20
BANKNIFTYWK19200CE,2020/05/05,10:08,814.5,814.5,807,813,360
BANKNIFTYWK19200CE,2020/05/05,10:09,811.5,811.5,811.5,811.5,40
BANKNIFTYWK19200CE,2020/05/05,10:10,808.55,811.5,808.5,811.5,120
BANKNIFTYWK19200CE,2020/05/05,10:11,805.5,820.45,805.5,820.45,80
BANKNIFTYWK19200CE,2020/05/05,10:12,837.05,837.05,837.05,837.05,20
BANKNIFTYWK19200CE,2020/05/05,10:14,838.5,838.5,838.5,838.5,40
BANKNIFTYWK19200CE,2020/05/05,10:18,840.7,856.9,840.7,856.9,40
BANKNIFTYWK19200CE,2020/05/05,10:20,889.5,889.5,889.5,889.5,200
BANKNIFTYWK19200CE,2020/05/05,10:21,887.65,887.65,887.65,887.65,20
BANKNIFTYWK19200CE,2020/05/05,10:22,926.1,926.1,921.75,921.75,40
BANKNIFTYWK19200CE,2020/05/05,10:37,843.9,855.75,843.9,855.75,40
BANKNIFTYWK19200CE,2020/05/05,10:41,875,875,875,875,20
BANKNIFTYWK19200CE,2020/05/05,10:45,852,852,852,852,100
BANKNIFTYWK19200CE,2020/05/05,10:50,850,850,850,850,20
BANKNIFTYWK19200CE,2020/05/05,11:04,900,900,900,900,20
BANKNIFTYWK19200CE,2020/05/05,11:15,858.8,858.8,858.8,858.8,20
BANKNIFTYWK19200CE,2020/05/05,11:20,826.7,826.7,826.7,826.7,40
BANKNIFTYWK19200CE,2020/05/05,11:29,808.25,808.25,808.25,808.25,20
BANKNIFTYWK19200CE,2020/05/05,11:32,799.05,799.05,799.05,799.05,20
BANKNIFTYWK19200CE,2020/05/05,11:35,810,810,810,810,20
BANKNIFTYWK19200CE,2020/05/05,11:37,821.95,821.95,821.95,821.95,40
BANKNIFTYWK19200CE,2020/05/05,11:38,816.05,816.05,811.55,811.55,40
BANKNIFTYWK19200CE,2020/05/05,11:39,844.45,844.45,844.45,844.45,20
BANKNIFTYWK19200CE,2020/05/05,11:50,801.05,801.05,801.05,801.05,20
BANKNIFTYWK19200CE,2020/05/05,11:53,798.1,798.1,798.1,798.1,20
BANKNIFTYWK19200CE,2020/05/05,11:56,758,758,758,758,20
BANKNIFTYWK19200CE,2020/05/05,12:00,746.1,746.1,746.1,746.1,20
BANKNIFTYWK19200CE,2020/05/05,12:03,744.05,744.05,730.2,730.2,60
BANKNIFTYWK19200CE,2020/05/05,12:04,718.05,718.05,718.05,718.05,20
BANKNIFTYWK19200CE,2020/05/05,12:05,732.25,732.25,732.25,732.25,20
BANKNIFTYWK19200CE,2020/05/05,12:08,753.55,753.55,753.55,753.55,20
BANKNIFTYWK19200CE,2020/05/05,12:14,749,749,749,749,20
BANKNIFTYWK19200CE,2020/05/05,12:19,712,722.95,712,722.95,100
BANKNIFTYWK19200CE,2020/05/05,12:20,703.35,703.35,703.35,703.35,40
BANKNIFTYWK19200CE,2020/05/05,12:21,686.7,686.7,686.7,686.7,40
BANKNIFTYWK19200CE,2020/05/05,12:22,698,698,698,698,100
BANKNIFTYWK19200CE,2020/05/05,12:25,701,701,689.9,689.9,140
BANKNIFTYWK19200CE,2020/05/05,12:27,715,727.75,715,727.75,140
BANKNIFTYWK19200CE,2020/05/05,12:28,736.05,736.05,723.05,723.05,40
BANKNIFTYWK19200CE,2020/05/05,12:29,720,720,720,720,20
BANKNIFTYWK19200CE,2020/05/05,12:31,711.75,711.75,711.75,711.75,40
BANKNIFTYWK19200CE,2020/05/05,12:32,727.5,727.5,727.5,727.5,20
BANKNIFTYWK19200CE,2020/05/05,12:36,720.95,720.95,720.95,720.95,20
BANKNIFTYWK19200CE,2020/05/05,12:38,704.05,704.05,704.05,704.05,20
BANKNIFTYWK19200CE,2020/05/05,12:40,717.5,717.5,717.5,717.5,20
BANKNIFTYWK19200CE,2020/05/05,12:45,716,741.05,716,741.05,60
BANKNIFTYWK19200CE,2020/05/05,12:46,764.65,764.65,754.95,754.95,80
BANKNIFTYWK19200CE,2020/05/05,12:49,754.95,754.95,754.95,754.95,20
BANKNIFTYWK19200CE,2020/05/05,12:51,781,781,781,781,40
BANKNIFTYWK19200CE,2020/05/05,12:55,802.85,802.85,802.85,802.85,60
BANKNIFTYWK19200CE,2020/05/05,12:57,786.15,786.15,786.15,786.15,20
BANKNIFTYWK19200CE,2020/05/05,12:58,782.1,782.1,782.1,782.1,20
BANKNIFTYWK19200CE,2020/05/05,13:01,835.05,841.15,835.05,841.15,40
BANKNIFTYWK19200CE,2020/05/05,13:02,841.15,841.4,834.05,834.05,100
BANKNIFTYWK19200CE,2020/05/05,13:03,868.5,868.5,868.5,868.5,20
BANKNIFTYWK19200CE,2020/05/05,13:05,907.65,907.65,907.65,907.65,60
BANKNIFTYWK19200CE,2020/05/05,13:07,875.8,875.8,875.8,875.8,20
BANKNIFTYWK19200CE,2020/05/05,13:09,880.2,880.2,880.2,880.2,20
BANKNIFTYWK19200CE,2020/05/05,13:12,850,850,850,850,20
BANKNIFTYWK19200CE,2020/05/05,13:15,874.2,874.2,874.2,874.2,20
BANKNIFTYWK19200CE,2020/05/05,13:21,834,834,834,834,40
BANKNIFTYWK19200CE,2020/05/05,13:23,862.55,862.55,862.55,862.55,40
BANKNIFTYWK19200CE,2020/05/05,13:30,855,855,855,855,40
BANKNIFTYWK19200CE,2020/05/05,13:31,850.25,850.25,850.25,850.25,40
BANKNIFTYWK19200CE,2020/05/05,13:33,881.1,881.1,881.1,881.1,20
BANKNIFTYWK19200CE,2020/05/05,13:35,934.85,934.85,925.4,925.4,40
BANKNIFTYWK19200CE,2020/05/05,13:45,899.25,899.25,899.25,899.25,20
BANKNIFTYWK19200CE,2020/05/05,13:46,880,880,860.2,860.2,40
BANKNIFTYWK19200CE,2020/05/05,13:48,865,865,865,865,20
BANKNIFTYWK19200CE,2020/05/05,13:51,845,845,845,845,20
BANKNIFTYWK19200CE,2020/05/05,13:57,890,890,890,890,20
BANKNIFTYWK19200CE,2020/05/05,14:02,772.8,785.55,772.8,785.55,100
BANKNIFTYWK19200CE,2020/05/05,14:06,799.35,799.35,799.35,799.35,20
BANKNIFTYWK19200CE,2020/05/05,14:07,748.1,748.1,748.1,748.1,40
BANKNIFTYWK19200CE,2020/05/05,14:08,735.45,735.45,735.45,735.45,40
BANKNIFTYWK19200CE,2020/05/05,14:10,714.05,714.05,714.05,714.05,20
BANKNIFTYWK19200CE,2020/05/05,14:11,721,729.85,721,729.85,40
BANKNIFTYWK19200CE,2020/05/05,14:14,750,750,750,750,100
BANKNIFTYWK19200CE,2020/05/05,14:15,737,737,737,737,20
BANKNIFTYWK19200CE,2020/05/05,14:17,712,712,687.3,687.3,60
BANKNIFTYWK19200CE,2020/05/05,14:18,727.6,727.6,727.6,727.6,40
BANKNIFTYWK19200CE,2020/05/05,14:19,667,686.95,667,686.95,800
BANKNIFTYWK19200CE,2020/05/05,14:21,690,706,690,706,360
BANKNIFTYWK19200CE,2020/05/05,14:22,694.8,700,694.8,700,220
BANKNIFTYWK19200CE,2020/05/05,14:23,680,680,680,680,20
BANKNIFTYWK19200CE,2020/05/05,14:24,668.2,668.2,668.2,668.2,20
BANKNIFTYWK19200CE,2020/05/05,14:26,688,688,688,688,40
BANKNIFTYWK19200CE,2020/05/05,14:27,695,695,695,695,140
BANKNIFTYWK19200CE,2020/05/05,14:28,675,675,630,630,800
BANKNIFTYWK19200CE,2020/05/05,14:29,642.85,642.85,613,613,80
BANKNIFTYWK19200CE,2020/05/05,14:30,613,619,605,610,860
BANKNIFTYWK19200CE,2020/05/05,14:31,614,619.45,614,619.45,220
BANKNIFTYWK19200CE,2020/05/05,14:32,611,614,600.45,604,1040
BANKNIFTYWK19200CE,2020/05/05,14:33,594.75,606,589.3,589.3,840
BANKNIFTYWK19200CE,2020/05/05,14:34,606.75,618.15,602.6,606.65,400
BANKNIFTYWK19200CE,2020/05/05,14:35,605.15,612.3,603.05,612.3,240
BANKNIFTYWK19200CE,2020/05/05,14:36,587.55,587.55,567.25,567.25,220
BANKNIFTYWK19200CE,2020/05/05,14:37,580,580,559.2,571.65,200
BANKNIFTYWK19200CE,2020/05/05,14:38,574.1,588.6,574,574,740
BANKNIFTYWK19200CE,2020/05/05,14:39,582.1,595.55,580,580,260
BANKNIFTYWK19200CE,2020/05/05,14:40,599.8,599.8,582,589.9,100
BANKNIFTYWK19200CE,2020/05/05,14:41,601,608.85,596.6,608.85,880
BANKNIFTYWK19200CE,2020/05/05,14:42,600.15,600.15,585.25,585.25,320
BANKNIFTYWK19200CE,2020/05/05,14:43,579.7,579.7,561.6,573.9,180
BANKNIFTYWK19200CE,2020/05/05,14:44,576.5,576.5,568.95,572.6,160
BANKNIFTYWK19200CE,2020/05/05,14:45,595.4,605.5,590.35,595.9,460
BANKNIFTYWK19200CE,2020/05/05,14:46,596.25,601.05,596.25,601.05,100
BANKNIFTYWK19200CE,2020/05/05,14:47,596.6,598.1,593.45,593.45,100
BANKNIFTYWK19200CE,2020/05/05,14:48,581.8,585.05,581.8,585.05,40
BANKNIFTYWK19200CE,2020/05/05,14:49,559.95,559.95,540.4,543.45,460
BANKNIFTYWK19200CE,2020/05/05,14:50,558.55,561.9,548.9,548.9,420
BANKNIFTYWK19200CE,2020/05/05,14:51,548.9,548.9,539.7,546.3,240
BANKNIFTYWK19200CE,2020/05/05,14:52,533,533,500,506.95,880
BANKNIFTYWK19200CE,2020/05/05,14:53,510.05,516.45,504.4,505.95,340
BANKNIFTYWK19200CE,2020/05/05,14:54,505.95,508,496.4,497.05,1080
BANKNIFTYWK19200CE,2020/05/05,14:55,497.05,497.05,471.75,484.7,1580
BANKNIFTYWK19200CE,2020/05/05,14:56,483.55,486.25,457.45,466.9,1700
BANKNIFTYWK19200CE,2020/05/05,14:57,467.9,510,467.9,506.9,4920
BANKNIFTYWK19200CE,2020/05/05,14:58,499.85,502.15,486.3,494.1,1980
BANKNIFTYWK19200CE,2020/05/05,14:59,494.1,506,472.85,472.85,1580
BANKNIFTYWK19200CE,2020/05/05,15:00,475.6,495.5,459,483.55,2920
BANKNIFTYWK19200CE,2020/05/05,15:01,483.75,490,474,483.7,2840
BANKNIFTYWK19200CE,2020/05/05,15:02,483.7,488,474.65,476.8,1260
BANKNIFTYWK19200CE,2020/05/05,15:03,476.8,494,471.25,494,2200
BANKNIFTYWK19200CE,2020/05/05,15:04,494,494,461.2,463.7,2580
BANKNIFTYWK19200CE,2020/05/05,15:05,463.7,463.7,446.3,448.45,2840
BANKNIFTYWK19200CE,2020/05/05,15:06,445.05,465.95,443.2,464.85,4100
BANKNIFTYWK19200CE,2020/05/05,15:07,464.4,475,457,468.75,3800
BANKNIFTYWK19200CE,2020/05/05,15:08,468.75,487.65,468.75,475.1,5520
BANKNIFTYWK19200CE,2020/05/05,15:09,472.6,487.3,471.35,479.95,4080
BANKNIFTYWK19200CE,2020/05/05,15:10,478.4,480.6,467.25,469.5,2560
BANKNIFTYWK19200CE,2020/05/05,15:11,465,467,458.45,467,4400
BANKNIFTYWK19200CE,2020/05/05,15:12,461.05,475,461.05,467.35,2240
BANKNIFTYWK19200CE,2020/05/05,15:13,465,480.6,465,475,2540
BANKNIFTYWK19200CE,2020/05/05,15:14,475.75,483.9,470.15,478.55,1840
BANKNIFTYWK19200CE,2020/05/05,15:15,479.95,498.5,479.95,492.7,3100
BANKNIFTYWK19200CE,2020/05/05,15:16,491.85,497.4,484,484.8,2720
BANKNIFTYWK19200CE,2020/05/05,15:17,487.8,490.6,480,485.5,1660
BANKNIFTYWK19200CE,2020/05/05,15:18,483.05,490,482.15,485.35,2660
BANKNIFTYWK19200CE,2020/05/05,15:19,487.7,496.45,484.1,493.35,1780
BANKNIFTYWK19200CE,2020/05/05,15:20,493.35,498.05,489.1,495.15,2860
BANKNIFTYWK19200CE,2020/05/05,15:21,497.95,499,485.8,488.1,3740
BANKNIFTYWK19200CE,2020/05/05,15:22,488.15,495,488.15,494.6,1340
BANKNIFTYWK19200CE,2020/05/05,15:23,494.6,497,493.2,494,1880
BANKNIFTYWK19200CE,2020/05/05,15:24,494,496.65,487.1,490.95,1840
BANKNIFTYWK19200CE,2020/05/05,15:25,490.95,496,487.25,487.25,1720
BANKNIFTYWK19200CE,2020/05/05,15:26,490,497,490,494.5,1360
BANKNIFTYWK19200CE,2020/05/05,15:27,496.9,503.95,494.2,500,3300
BANKNIFTYWK19200CE,2020/05/05,15:28,504,505,493.1,498.2,1300
BANKNIFTYWK19200CE,2020/05/05,15:29,503,504.95,490.1,500.9,1400
BANKNIFTYWK19200CE,2020/05/06,09:15,411.2,465.6,332.45,339.9,13320
BANKNIFTYWK19200CE,2020/05/06,09:16,333.25,335.6,307.05,307.85,25920
BANKNIFTYWK19200CE,2020/05/06,09:17,307,309.95,277.85,283,32480
BANKNIFTYWK19200CE,2020/05/06,09:18,285,298.3,279.4,291.45,18660
BANKNIFTYWK19200CE,2020/05/06,09:19,294.2,310,290.5,296.1,28680
BANKNIFTYWK19200CE,2020/05/06,09:20,300.9,308.15,274.2,275,29300
BANKNIFTYWK19200CE,2020/05/06,09:21,275.5,275.95,257.65,262.85,26960
BANKNIFTYWK19200CE,2020/05/06,09:22,262.85,267.4,244.5,249.45,20580
BANKNIFTYWK19200CE,2020/05/06,09:23,248,267.05,248,265.6,16180
BANKNIFTYWK19200CE,2020/05/06,09:24,266.3,296.25,266.3,293.6,20920
BANKNIFTYWK19200CE,2020/05/06,09:25,290,309.7,283.45,302.3,19420
BANKNIFTYWK19200CE,2020/05/06,09:26,301.6,315,289.5,295,18880
BANKNIFTYWK19200CE,2020/05/06,09:27,295,295,277,279.95,14380
BANKNIFTYWK19200CE,2020/05/06,09:28,280.25,282.95,270.65,281,13260
BANKNIFTYWK19200CE,2020/05/06,09:29,279.8,286,265.85,266.25,12240
BANKNIFTYWK19200CE,2020/05/06,09:30,263.7,264.9,247.5,250.35,23340
BANKNIFTYWK19200CE,2020/05/06,09:31,253.75,257.75,240.7,245.9,11120
BANKNIFTYWK19200CE,2020/05/06,09:32,245.9,250.7,218.2,225.3,41460
BANKNIFTYWK19200CE,2020/05/06,09:33,225.3,237,222.65,235.45,19080
BANKNIFTYWK19200CE,2020/05/06,09:34,232.5,242,230,242,15900
BANKNIFTYWK19200CE,2020/05/06,09:35,242.85,248.05,238.25,242.85,8840
BANKNIFTYWK19200CE,2020/05/06,09:36,243.5,245,220.15,226.4,25700
BANKNIFTYWK19200CE,2020/05/06,09:37,226.85,231.5,220.55,229.3,16100
BANKNIFTYWK19200CE,2020/05/06,09:38,227.9,233.15,221.15,232.15,14960
BANKNIFTYWK19200CE,2020/05/06,09:39,231.35,243,231,238.05,21080
BANKNIFTYWK19200CE,2020/05/06,09:40,240,258.15,233.65,252.6,20900
BANKNIFTYWK19200CE,2020/05/06,09:41,251.55,266.25,245.25,253.8,22920
BANKNIFTYWK19200CE,2020/05/06,09:42,252.15,261.75,247.05,252.05,15480
BANKNIFTYWK19200CE,2020/05/06,09:43,251.85,260.8,250,260.8,9100
BANKNIFTYWK19200CE,2020/05/06,09:44,260.8,263.05,246.7,255.35,22480
BANKNIFTYWK19200CE,2020/05/06,09:45,251.25,251.25,236.05,236.05,15480
BANKNIFTYWK19200CE,2020/05/06,09:46,235.7,245.35,229,229,16500
BANKNIFTYWK19200CE,2020/05/06,09:47,230,237.6,226.6,236.65,16020
BANKNIFTYWK19200CE,2020/05/06,09:48,236.3,254.85,233.1,254.85,10220
BANKNIFTYWK19200CE,2020/05/06,09:49,254.6,262.8,251.9,261.95,9780
BANKNIFTYWK19200CE,2020/05/06,09:50,262.05,288.95,260.25,279.6,22200
BANKNIFTYWK19200CE,2020/05/06,09:51,275,296.8,270.7,293.2,19920
BANKNIFTYWK19200CE,2020/05/06,09:52,295.4,317.6,295.4,303.45,65660
BANKNIFTYWK19200CE,2020/05/06,09:53,300.85,302.15,278.9,296.75,24380
BANKNIFTYWK19200CE,2020/05/06,09:54,296.45,317.2,284.85,315.65,28120
BANKNIFTYWK19200CE,2020/05/06,09:55,317.2,350,316.15,347.5,58000
BANKNIFTYWK19200CE,2020/05/06,09:56,346.85,439.9,346.85,437.7,73120
BANKNIFTYWK19200CE,2020/05/06,09:57,440,464.95,428.65,435.5,69360
BANKNIFTYWK19200CE,2020/05/06,09:58,436,510.85,414.6,510.85,48800
BANKNIFTYWK19200CE,2020/05/06,09:59,503.35,517.95,466.05,486.75,42340
BANKNIFTYWK19200CE,2020/05/06,10:00,486.9,500,432,433.2,30900
BANKNIFTYWK19200CE,2020/05/06,10:01,425.45,478.7,425.45,478.7,22600
BANKNIFTYWK19200CE,2020/05/06,10:02,484,495.75,455.25,495.75,17500
BANKNIFTYWK19200CE,2020/05/06,10:03,488.4,501.55,463.05,472.3,15020
BANKNIFTYWK19200CE,2020/05/06,10:04,476,480,440,480,16520
BANKNIFTYWK19200CE,2020/05/06,10:05,482.2,532.8,478.15,521.5,26980
BANKNIFTYWK19200CE,2020/05/06,10:06,515,515,475.6,499.95,26320
BANKNIFTYWK19200CE,2020/05/06,10:07,497.35,507.65,465.5,471.4,8020
BANKNIFTYWK19200CE,2020/05/06,10:08,476.8,482.95,441.75,447.5,11860
BANKNIFTYWK19200CE,2020/05/06,10:09,449.3,485,447.55,485,9020
BANKNIFTYWK19200CE,2020/05/06,10:10,485.4,495,475.25,493.15,12960
BANKNIFTYWK19200CE,2020/05/06,10:11,493.4,505.45,482,494.2,17200
BANKNIFTYWK19200CE,2020/05/06,10:12,497.95,516.35,481.3,481.3,8880
BANKNIFTYWK19200CE,2020/05/06,10:13,481.3,523.9,466.7,514.45,14740
BANKNIFTYWK19200CE,2020/05/06,10:14,517.75,539.85,503.5,519.4,15120
BANKNIFTYWK19200CE,2020/05/06,10:15,517.35,538,503.85,506.45,13360
BANKNIFTYWK19200CE,2020/05/06,10:16,518.9,532,502,502.95,8300
BANKNIFTYWK19200CE,2020/05/06,10:17,498.6,514.8,493.35,508.4,9220
BANKNIFTYWK19200CE,2020/05/06,10:18,506.5,506.5,474.4,474.4,6840
BANKNIFTYWK19200CE,2020/05/06,10:19,475.35,505,475,503.2,6120
BANKNIFTYWK19200CE,2020/05/06,10:20,497.25,519.85,495,500,3160
BANKNIFTYWK19200CE,2020/05/06,10:21,499.5,529.85,493.55,521.8,6920
BANKNIFTYWK19200CE,2020/05/06,10:22,523.55,524.25,502.3,514.05,5600
BANKNIFTYWK19200CE,2020/05/06,10:23,511.5,517.75,486.85,517,3460
BANKNIFTYWK19200CE,2020/05/06,10:24,515.3,564.5,515.3,547.65,17020
BANKNIFTYWK19200CE,2020/05/06,10:25,545,559.1,532.1,537.9,6760
BANKNIFTYWK19200CE,2020/05/06,10:26,540.55,592.05,540.55,586.85,14480
BANKNIFTYWK19200CE,2020/05/06,10:27,586.85,640,586.85,617.95,12120
BANKNIFTYWK19200CE,2020/05/06,10:28,621,649.45,621,634.1,7820
BANKNIFTYWK19200CE,2020/05/06,10:29,632.95,688,615.05,688,9280
BANKNIFTYWK19200CE,2020/05/06,10:30,682.5,725.55,682,686.7,11520
BANKNIFTYWK19200CE,2020/05/06,10:31,688.9,707,667.75,675,5280
BANKNIFTYWK19200CE,2020/05/06,10:32,675,675,637.55,642.75,7820
BANKNIFTYWK19200CE,2020/05/06,10:33,636.65,654.7,623.35,641.7,3400
BANKNIFTYWK19200CE,2020/05/06,10:34,639.85,656.05,625,650.85,2680
BANKNIFTYWK19200CE,2020/05/06,10:35,655.75,665.55,615,618.6,3340
BANKNIFTYWK19200CE,2020/05/06,10:36,620,623,580,581.9,5880
BANKNIFTYWK19200CE,2020/05/06,10:37,587,603.9,570,574.6,7580
BANKNIFTYWK19200CE,2020/05/06,10:38,576.5,602.85,559.5,598.95,3820
BANKNIFTYWK19200CE,2020/05/06,10:39,599.5,627,599.05,625,7260
BANKNIFTYWK19200CE,2020/05/06,10:40,625.65,633.8,586.2,597.8,3460
BANKNIFTYWK19200CE,2020/05/06,10:41,597.8,618.65,577.3,599.35,3380
BANKNIFTYWK19200CE,2020/05/06,10:42,602.3,602.3,584.1,588.05,1520
BANKNIFTYWK19200CE,2020/05/06,10:43,585,590.35,571.05,579.55,1940
BANKNIFTYWK19200CE,2020/05/06,10:44,581.85,587.3,566.1,568.6,1700
BANKNIFTYWK19200CE,2020/05/06,10:45,568,576,540.15,570.2,5320
BANKNIFTYWK19200CE,2020/05/06,10:46,570.2,604.25,570.2,594.05,2760
BANKNIFTYWK19200CE,2020/05/06,10:47,597.25,610,587.8,602.6,2060
BANKNIFTYWK19200CE,2020/05/06,10:48,602.8,609.9,590,605.7,1940
BANKNIFTYWK19200CE,2020/05/06,10:49,598.85,618.1,595.7,600.25,1520
BANKNIFTYWK19200CE,2020/05/06,10:50,596,613.85,590.65,611.9,1940
BANKNIFTYWK19200CE,2020/05/06,10:51,611.9,635,605.1,630,2700
BANKNIFTYWK19200CE,2020/05/06,10:52,633,636.9,615,615.05,1420
BANKNIFTYWK19200CE,2020/05/06,10:53,613,620.2,598.3,612.3,1120
BANKNIFTYWK19200CE,2020/05/06,10:54,614.75,634.4,600,629.2,960
BANKNIFTYWK19200CE,2020/05/06,10:55,629.2,653,629.2,650,2220
BANKNIFTYWK19200CE,2020/05/06,10:56,640.25,641,621.55,629.5,1200
BANKNIFTYWK19200CE,2020/05/06,10:57,629.5,666.6,628.1,651.25,2980
BANKNIFTYWK19200CE,2020/05/06,10:58,655.85,667,649.75,652.85,1440
BANKNIFTYWK19200CE,2020/05/06,10:59,652.85,679.45,650,679.4,2020
BANKNIFTYWK19200CE,2020/05/06,11:00,679.45,706.5,676.9,700,3200
BANKNIFTYWK19200CE,2020/05/06,11:01,699.35,730,678.95,678.95,2820
BANKNIFTYWK19200CE,2020/05/06,11:02,683.6,686.85,643.7,656.65,3660
BANKNIFTYWK19200CE,2020/05/06,11:03,659.7,674.95,658.8,663.95,2160
BANKNIFTYWK19200CE,2020/05/06,11:04,660,665.75,655.65,656.9,680
BANKNIFTYWK19200CE,2020/05/06,11:05,658,658,630.05,649.85,2020
BANKNIFTYWK19200CE,2020/05/06,11:06,641.85,644.35,629.9,637.15,900
BANKNIFTYWK19200CE,2020/05/06,11:07,645.1,673.15,641.7,667.5,2200
BANKNIFTYWK19200CE,2020/05/06,11:08,663.3,663.3,646.8,648.35,760
BANKNIFTYWK19200CE,2020/05/06,11:09,649,660,639.6,651.95,1000
BANKNIFTYWK19200CE,2020/05/06,11:10,651.95,673.35,651.95,670,680
BANKNIFTYWK19200CE,2020/05/06,11:11,666.95,676.2,660,676.2,920
BANKNIFTYWK19200CE,2020/05/06,11:12,680,680,657.6,668.1,560
BANKNIFTYWK19200CE,2020/05/06,11:13,668.1,672.35,650,658.25,420
BANKNIFTYWK19200CE,2020/05/06,11:14,655.75,655.75,638.95,643.05,700
BANKNIFTYWK19200CE,2020/05/06,11:15,643.05,643.05,623.5,636.75,1020
BANKNIFTYWK19200CE,2020/05/06,11:16,636.75,641.25,626.25,640.25,900
BANKNIFTYWK19200CE,2020/05/06,11:17,650,664.95,642.5,656.05,1780
BANKNIFTYWK19200CE,2020/05/06,11:18,661.25,686.05,661.25,677.25,3000
BANKNIFTYWK19200CE,2020/05/06,11:19,676.3,676.3,650,652.75,1540
BANKNIFTYWK19200CE,2020/05/06,11:20,652.75,653.55,632,634.65,1020
BANKNIFTYWK19200CE,2020/05/06,11:21,633.7,645.35,632.9,636.5,1200
BANKNIFTYWK19200CE,2020/05/06,11:22,634.6,640,624,640,680
BANKNIFTYWK19200CE,2020/05/06,11:23,640,664.25,640,644.65,940
BANKNIFTYWK19200CE,2020/05/06,11:24,652.05,652.05,638.2,639.55,1060
BANKNIFTYWK19200CE,2020/05/06,11:25,639.55,640.35,616.75,624.75,2420
BANKNIFTYWK19200CE,2020/05/06,11:26,626.4,626.4,575.7,585.25,4420
BANKNIFTYWK19200CE,2020/05/06,11:27,583.55,583.55,538.85,568,4800
BANKNIFTYWK19200CE,2020/05/06,11:28,560.05,590.55,556.5,579.95,2840
BANKNIFTYWK19200CE,2020/05/06,11:29,573.3,589.3,570,580,1560
BANKNIFTYWK19200CE,2020/05/06,11:30,580.35,614.75,579.85,605.4,2080
BANKNIFTYWK19200CE,2020/05/06,11:31,605.4,612.5,601.2,606.75,820
BANKNIFTYWK19200CE,2020/05/06,11:32,600,600.9,580.85,586.35,1980
BANKNIFTYWK19200CE,2020/05/06,11:33,583.55,583.55,561.25,563,820
BANKNIFTYWK19200CE,2020/05/06,11:34,563,582.7,558.9,563.45,920
BANKNIFTYWK19200CE,2020/05/06,11:35,577.3,589.9,577.3,584.95,740
BANKNIFTYWK19200CE,2020/05/06,11:36,580.75,580.75,562.8,566.45,600
BANKNIFTYWK19200CE,2020/05/06,11:37,565,565,535.2,543.3,2160
BANKNIFTYWK19200CE,2020/05/06,11:38,550,559.05,543.5,547.7,260
BANKNIFTYWK19200CE,2020/05/06,11:39,543.3,543.3,520.35,538,1680
BANKNIFTYWK19200CE,2020/05/06,11:40,540.8,542.55,510.55,533.15,2000
BANKNIFTYWK19200CE,2020/05/06,11:41,525,527.4,500,515.35,1300
BANKNIFTYWK19200CE,2020/05/06,11:42,509.1,527.05,503.9,527.05,1200
BANKNIFTYWK19200CE,2020/05/06,11:43,527.9,543,525,539,680
BANKNIFTYWK19200CE,2020/05/06,11:44,533.05,537,513.7,533.45,720
BANKNIFTYWK19200CE,2020/05/06,11:45,528.2,530.75,499,515.85,1760
BANKNIFTYWK19200CE,2020/05/06,11:46,506,527,501,525.25,560
BANKNIFTYWK19200CE,2020/05/06,11:47,522.75,565,522.75,556.8,1980
BANKNIFTYWK19200CE,2020/05/06,11:48,552.05,566.3,544.05,566.3,1180
BANKNIFTYWK19200CE,2020/05/06,11:49,571.7,605.9,568.1,597.4,2700
BANKNIFTYWK19200CE,2020/05/06,11:50,591.45,629.6,591.45,602.55,3140
BANKNIFTYWK19200CE,2020/05/06,11:51,600,600,589,592,600
BANKNIFTYWK19200CE,2020/05/06,11:52,580.15,591.5,580,591.5,880
BANKNIFTYWK19200CE,2020/05/06,11:53,592.35,610.2,592.3,608,520
BANKNIFTYWK19200CE,2020/05/06,11:54,602,606.9,588,591.9,1580
BANKNIFTYWK19200CE,2020/05/06,11:55,591.55,617.65,591.55,606,440
BANKNIFTYWK19200CE,2020/05/06,11:56,611.2,627,608,627,840
BANKNIFTYWK19200CE,2020/05/06,11:57,633,638.75,620,636.55,760
BANKNIFTYWK19200CE,2020/05/06,11:58,628.65,628.65,615,620.75,1180
BANKNIFTYWK19200CE,2020/05/06,11:59,610.6,614.05,605,614.05,540
BANKNIFTYWK19200CE,2020/05/06,12:00,614.05,636.7,614.05,620,1080
BANKNIFTYWK19200CE,2020/05/06,12:01,615.85,630.5,615.85,618.4,460
BANKNIFTYWK19200CE,2020/05/06,12:02,617.75,635,617.75,635,400
BANKNIFTYWK19200CE,2020/05/06,12:03,635,645,630,640,620
BANKNIFTYWK19200CE,2020/05/06,12:04,646,650,634.05,650,520
BANKNIFTYWK19200CE,2020/05/06,12:05,646.75,646.75,625.05,632.45,1200
BANKNIFTYWK19200CE,2020/05/06,12:06,648,648.35,626.35,633,240
BANKNIFTYWK19200CE,2020/05/06,12:07,634.5,669.95,634.4,664.15,1240
BANKNIFTYWK19200CE,2020/05/06,12:08,656,658,647.6,647.6,840
BANKNIFTYWK19200CE,2020/05/06,12:09,648.45,668.75,645,651.25,1080
BANKNIFTYWK19200CE,2020/05/06,12:10,655.8,665.25,635,640,940
BANKNIFTYWK19200CE,2020/05/06,12:11,646.8,646.8,611.9,618.65,1160
BANKNIFTYWK19200CE,2020/05/06,12:12,620,637.45,616.65,637.45,500
BANKNIFTYWK19200CE,2020/05/06,12:13,649.55,651.15,630,630.5,760
BANKNIFTYWK19200CE,2020/05/06,12:14,633.25,641.15,630,630,200
BANKNIFTYWK19200CE,2020/05/06,12:15,629.25,652.7,629.25,650,460
BANKNIFTYWK19200CE,2020/05/06,12:16,649.3,659.7,649.3,658.4,820
BANKNIFTYWK19200CE,2020/05/06,12:17,650.3,650.3,627.4,633.15,1380
BANKNIFTYWK19200CE,2020/05/06,12:18,633.5,644.9,617.95,620.5,360
BANKNIFTYWK19200CE,2020/05/06,12:19,620.5,620.5,585.5,590,1480
BANKNIFTYWK19200CE,2020/05/06,12:20,600.55,607,591.15,591.15,280
BANKNIFTYWK19200CE,2020/05/06,12:21,587.7,593.45,577.6,581,1740
BANKNIFTYWK19200CE,2020/05/06,12:22,591.45,612.1,591.45,612.1,1080
BANKNIFTYWK19200CE,2020/05/06,12:23,610.2,611.05,587.15,590.4,580
BANKNIFTYWK19200CE,2020/05/06,12:24,586.8,589.6,564,565,1680
BANKNIFTYWK19200CE,2020/05/06,12:25,565,586.65,565,586.65,560
BANKNIFTYWK19200CE,2020/05/06,12:26,585.4,589.65,573.55,578,760
BANKNIFTYWK19200CE,2020/05/06,12:27,592,593,572.15,572.15,820
BANKNIFTYWK19200CE,2020/05/06,12:28,572.15,574.85,566.5,566.5,580
BANKNIFTYWK19200CE,2020/05/06,12:29,562.95,590,562.35,582.05,460
BANKNIFTYWK19200CE,2020/05/06,12:30,578.75,582.75,544,550,1260
BANKNIFTYWK19200CE,2020/05/06,12:31,555.85,563.05,553.3,559.7,280
BANKNIFTYWK19200CE,2020/05/06,12:32,556.85,556.85,538.35,552,640
BANKNIFTYWK19200CE,2020/05/06,12:33,564,571.2,564,566,880
BANKNIFTYWK19200CE,2020/05/06,12:34,560.8,564.2,555.7,555.7,220
BANKNIFTYWK19200CE,2020/05/06,12:35,557.2,557.2,549.05,549.05,140
BANKNIFTYWK19200CE,2020/05/06,12:36,549.05,549.05,530,540,1940
BANKNIFTYWK19200CE,2020/05/06,12:37,543.45,554.05,533.5,553.8,840
BANKNIFTYWK19200CE,2020/05/06,12:38,555.65,609.1,552.05,606.2,3080
BANKNIFTYWK19200CE,2020/05/06,12:39,606.2,632.35,594.4,624.05,900
BANKNIFTYWK19200CE,2020/05/06,12:40,624.05,652.55,624.05,631,1260
BANKNIFTYWK19200CE,2020/05/06,12:41,631,639,621.5,629.15,1020
BANKNIFTYWK19200CE,2020/05/06,12:42,630,630,611,618.95,300
BANKNIFTYWK19200CE,2020/05/06,12:43,619.75,627.85,616.5,616.5,240
BANKNIFTYWK19200CE,2020/05/06,12:44,616.5,616.5,602.5,611.8,580
BANKNIFTYWK19200CE,2020/05/06,12:45,610.55,617.7,597.9,601.9,680
BANKNIFTYWK19200CE,2020/05/06,12:46,607.25,625,604.3,625,380
BANKNIFTYWK19200CE,2020/05/06,12:47,625,627.85,623.55,623.55,260
BANKNIFTYWK19200CE,2020/05/06,12:48,625,647,625,630,1260
BANKNIFTYWK19200CE,2020/05/06,12:49,633.45,641.85,629.3,633.75,420
BANKNIFTYWK19200CE,2020/05/06,12:50,632.2,639,611.5,618.35,480
BANKNIFTYWK19200CE,2020/05/06,12:51,622.5,624.05,620.9,624.05,460
BANKNIFTYWK19200CE,2020/05/06,12:52,636.05,640.8,631.5,637.55,300
BANKNIFTYWK19200CE,2020/05/06,12:53,626.1,635.55,615,635.55,220
BANKNIFTYWK19200CE,2020/05/06,12:54,630,637,630,630,120
BANKNIFTYWK19200CE,2020/05/06,12:55,630,630,611.65,622.35,480
BANKNIFTYWK19200CE,2020/05/06,12:56,620.8,620.8,557.15,564.9,2300
BANKNIFTYWK19200CE,2020/05/06,12:57,558.2,575.9,541.35,571.4,1340
BANKNIFTYWK19200CE,2020/05/06,12:58,568.5,574,561.95,574,540
BANKNIFTYWK19200CE,2020/05/06,12:59,577,581.3,568.2,572,660
BANKNIFTYWK19200CE,2020/05/06,13:00,575.25,591.3,575.25,577.85,520
BANKNIFTYWK19200CE,2020/05/06,13:01,583.8,584,560.65,565.1,1540
BANKNIFTYWK19200CE,2020/05/06,13:02,562.7,565.1,546.15,558.4,940
BANKNIFTYWK19200CE,2020/05/06,13:03,558.4,566.7,546,566.7,1920
BANKNIFTYWK19200CE,2020/05/06,13:04,569.25,580.7,566.75,571.25,1180
BANKNIFTYWK19200CE,2020/05/06,13:05,564.3,570,553.95,570,360
BANKNIFTYWK19200CE,2020/05/06,13:06,570,570,531.15,542.2,1880
BANKNIFTYWK19200CE,2020/05/06,13:07,553.2,553.2,535,541.1,500
BANKNIFTYWK19200CE,2020/05/06,13:08,540,544.6,520,544.6,1280
BANKNIFTYWK19200CE,2020/05/06,13:09,546.55,566.55,539.7,564.6,460
BANKNIFTYWK19200CE,2020/05/06,13:10,560,560,550.15,560,420
BANKNIFTYWK19200CE,2020/05/06,13:11,560.35,584.05,560.35,580.35,1120
BANKNIFTYWK19200CE,2020/05/06,13:12,580.45,609.75,580.15,585.3,2140
BANKNIFTYWK19200CE,2020/05/06,13:13,590,590,563.95,565.15,1600
BANKNIFTYWK19200CE,2020/05/06,13:14,565.05,566,527.65,527.65,1860
BANKNIFTYWK19200CE,2020/05/06,13:15,527.65,548.65,527.65,529.05,1460
BANKNIFTYWK19200CE,2020/05/06,13:16,530,563.35,515.65,551.95,2060
BANKNIFTYWK19200CE,2020/05/06,13:17,551.95,574.7,545.85,563.75,1820
BANKNIFTYWK19200CE,2020/05/06,13:18,575.05,575.05,552.85,552.85,920
BANKNIFTYWK19200CE,2020/05/06,13:19,563.4,575,554.4,559.2,240
BANKNIFTYWK19200CE,2020/05/06,13:20,560,588.4,560,578.35,1460
BANKNIFTYWK19200CE,2020/05/06,13:21,573.95,580,565.25,572,340
BANKNIFTYWK19200CE,2020/05/06,13:22,569,575,565.05,570.2,1400
BANKNIFTYWK19200CE,2020/05/06,13:23,577.75,585.55,577.75,585.55,320
BANKNIFTYWK19200CE,2020/05/06,13:24,587.55,598.45,581.7,585,580
BANKNIFTYWK19200CE,2020/05/06,13:25,585,585,566.3,566.3,920
BANKNIFTYWK19200CE,2020/05/06,13:26,567,580,560,580,440
BANKNIFTYWK19200CE,2020/05/06,13:27,580,602.6,580,585.25,1200
BANKNIFTYWK19200CE,2020/05/06,13:28,587.1,595,569.95,569.95,920
BANKNIFTYWK19200CE,2020/05/06,13:29,567.3,567.3,542.1,542.1,680
BANKNIFTYWK19200CE,2020/05/06,13:30,542.1,557.75,535.1,556.15,500
BANKNIFTYWK19200CE,2020/05/06,13:31,556.15,558.65,540,548.45,420
BANKNIFTYWK19200CE,2020/05/06,13:32,548.45,558.15,548.45,558.15,160
BANKNIFTYWK19200CE,2020/05/06,13:33,559.75,587.4,559.75,587.4,900
BANKNIFTYWK19200CE,2020/05/06,13:34,590,590.65,579.3,579.75,720
BANKNIFTYWK19200CE,2020/05/06,13:35,585,589.3,568.25,582.2,320
BANKNIFTYWK19200CE,2020/05/06,13:36,585,627.85,585,623.85,5160
BANKNIFTYWK19200CE,2020/05/06,13:37,618.55,709.85,615.75,709.85,5280
BANKNIFTYWK19200CE,2020/05/06,13:38,704,725,683.4,709.3,3760
BANKNIFTYWK19200CE,2020/05/06,13:39,709.3,711.8,688.25,690,620
BANKNIFTYWK19200CE,2020/05/06,13:40,698.6,728.85,698.6,706,1360
BANKNIFTYWK19200CE,2020/05/06,13:41,706,717.65,687.8,691.4,2340
BANKNIFTYWK19200CE,2020/05/06,13:42,696.65,715,693.2,704.95,2160
BANKNIFTYWK19200CE,2020/05/06,13:43,704.95,704.95,667.6,675.8,2000
BANKNIFTYWK19200CE,2020/05/06,13:44,675.8,687.45,667.3,676,980
BANKNIFTYWK19200CE,2020/05/06,13:45,680,710,680,692.35,2500
BANKNIFTYWK19200CE,2020/05/06,13:46,692.35,709.55,692.35,708.3,1440
BANKNIFTYWK19200CE,2020/05/06,13:47,707,707,683.7,686.45,480
BANKNIFTYWK19200CE,2020/05/06,13:48,695.6,703.9,679.1,679.75,4460
BANKNIFTYWK19200CE,2020/05/06,13:49,678.95,685.3,651.3,665.35,2460
BANKNIFTYWK19200CE,2020/05/06,13:50,665.85,676.15,638.9,648.9,3420
BANKNIFTYWK19200CE,2020/05/06,13:51,645,658.45,601.05,610.3,2980
BANKNIFTYWK19200CE,2020/05/06,13:52,610.3,627.35,605,624.95,2220
BANKNIFTYWK19200CE,2020/05/06,13:53,617.65,617.65,594.45,610.3,660
BANKNIFTYWK19200CE,2020/05/06,13:54,596.8,596.8,564,578.95,1980
BANKNIFTYWK19200CE,2020/05/06,13:55,583.55,600,569.6,579,1660
BANKNIFTYWK19200CE,2020/05/06,13:56,571,608.6,570.6,608.6,1540
BANKNIFTYWK19200CE,2020/05/06,13:57,599,599,571,576.95,1960
BANKNIFTYWK19200CE,2020/05/06,13:58,586.35,595,576.1,576.1,480
BANKNIFTYWK19200CE,2020/05/06,13:59,579.75,580.8,556.3,576.15,1460
BANKNIFTYWK19200CE,2020/05/06,14:00,562.05,562.05,544.25,552.75,2580
BANKNIFTYWK19200CE,2020/05/06,14:01,561.6,565,559.6,562,420
BANKNIFTYWK19200CE,2020/05/06,14:02,562,580.6,560,580.6,780
BANKNIFTYWK19200CE,2020/05/06,14:03,578.6,627.65,564.95,627.65,1260
BANKNIFTYWK19200CE,2020/05/06,14:04,627.65,635.5,611.4,633.4,2340
BANKNIFTYWK19200CE,2020/05/06,14:05,648.25,666,639.3,647.2,5660
BANKNIFTYWK19200CE,2020/05/06,14:06,644.5,645.7,620,628.4,900
BANKNIFTYWK19200CE,2020/05/06,14:07,636.7,636.7,595.7,612.25,740
BANKNIFTYWK19200CE,2020/05/06,14:08,614.9,630.45,605.75,626.35,560
BANKNIFTYWK19200CE,2020/05/06,14:09,626.35,640,619.4,619.45,840
BANKNIFTYWK19200CE,2020/05/06,14:10,620,639.65,609.65,613.15,940
BANKNIFTYWK19200CE,2020/05/06,14:11,613.15,613.15,594.7,612.3,780
BANKNIFTYWK19200CE,2020/05/06,14:12,611.5,611.5,585.45,585.45,1360
BANKNIFTYWK19200CE,2020/05/06,14:13,583.95,595.3,575.15,595.3,680
BANKNIFTYWK19200CE,2020/05/06,14:14,587.55,587.55,574.85,574.85,200
BANKNIFTYWK19200CE,2020/05/06,14:15,570,573.7,562.45,562.45,2380
BANKNIFTYWK19200CE,2020/05/06,14:16,563,601,563,601,800
BANKNIFTYWK19200CE,2020/05/06,14:17,598.45,625,591.05,592,900
BANKNIFTYWK19200CE,2020/05/06,14:18,596.2,598.55,563.8,575.85,2000
BANKNIFTYWK19200CE,2020/05/06,14:19,575.85,576,550,552.5,1800
BANKNIFTYWK19200CE,2020/05/06,14:20,552.15,552.65,497.65,498.95,4460
BANKNIFTYWK19200CE,2020/05/06,14:21,495.05,507.95,476.05,486.95,3540
BANKNIFTYWK19200CE,2020/05/06,14:22,483,497.4,451.8,488,5880
BANKNIFTYWK19200CE,2020/05/06,14:23,485.45,505.05,475,495.7,2380
BANKNIFTYWK19200CE,2020/05/06,14:24,485,485,458.4,476,3580
BANKNIFTYWK19200CE,2020/05/06,14:25,466.95,510,465.05,506.95,3660
BANKNIFTYWK19200CE,2020/05/06,14:26,509.3,510.45,489.7,489.7,1100
BANKNIFTYWK19200CE,2020/05/06,14:27,490.85,511.65,484.85,491.8,1960
BANKNIFTYWK19200CE,2020/05/06,14:28,486.45,495,470.8,482.95,2720
BANKNIFTYWK19200CE,2020/05/06,14:29,478,478,455.85,477.15,1940
BANKNIFTYWK19200CE,2020/05/06,14:30,470,506,470,503.9,1620
BANKNIFTYWK19200CE,2020/05/06,14:31,503.95,508.65,481.7,495.9,1740
BANKNIFTYWK19200CE,2020/05/06,14:32,491.6,491.6,458,458,1920
BANKNIFTYWK19200CE,2020/05/06,14:33,456.55,456.55,410.15,410.15,6400
BANKNIFTYWK19200CE,2020/05/06,14:34,407.1,412.5,375.15,391.15,8200
BANKNIFTYWK19200CE,2020/05/06,14:35,393.25,403.25,381.1,403.25,5860
BANKNIFTYWK19200CE,2020/05/06,14:36,410.9,417.75,369.65,369.65,5380
BANKNIFTYWK19200CE,2020/05/06,14:37,366.4,380.75,357.65,367.05,9060
BANKNIFTYWK19200CE,2020/05/06,14:38,364.35,391.2,354,387.5,6240
BANKNIFTYWK19200CE,2020/05/06,14:39,388.65,400.75,371.45,389.1,7820
BANKNIFTYWK19200CE,2020/05/06,14:40,390.6,436.7,369.7,433.8,10540
BANKNIFTYWK19200CE,2020/05/06,14:41,431.75,431.75,407.45,427.65,2900
BANKNIFTYWK19200CE,2020/05/06,14:42,428.15,433.1,396.55,400,3520
BANKNIFTYWK19200CE,2020/05/06,14:43,400.3,430.75,400.3,425.7,3060
BANKNIFTYWK19200CE,2020/05/06,14:44,424.7,505.6,424.7,476.4,12620
BANKNIFTYWK19200CE,2020/05/06,14:45,471,487.95,457.1,467.4,7000
BANKNIFTYWK19200CE,2020/05/06,14:46,460,460,435,450,4980
BANKNIFTYWK19200CE,2020/05/06,14:47,450.85,458.6,418.25,423,6800
BANKNIFTYWK19200CE,2020/05/06,14:48,425.5,445.4,423.95,427.5,1640
BANKNIFTYWK19200CE,2020/05/06,14:49,426.85,455.45,420,445.1,2760
BANKNIFTYWK19200CE,2020/05/06,14:50,444.9,444.9,428.25,443.2,1900
BANKNIFTYWK19200CE,2020/05/06,14:51,443.3,464.8,442.25,442.25,5560
BANKNIFTYWK19200CE,2020/05/06,14:52,435.55,440.7,421.75,430.4,2220
BANKNIFTYWK19200CE,2020/05/06,14:53,427.6,465,425.4,461.35,2700
BANKNIFTYWK19200CE,2020/05/06,14:54,455.2,458.7,434.25,434.25,3520
BANKNIFTYWK19200CE,2020/05/06,14:55,433.6,452.35,430.45,438.1,2660
BANKNIFTYWK19200CE,2020/05/06,14:56,427.4,437,424.85,430.55,1700
BANKNIFTYWK19200CE,2020/05/06,14:57,432,451.2,431.3,447.25,1620
BANKNIFTYWK19200CE,2020/05/06,14:58,447.25,463.4,445,454.75,1640
BANKNIFTYWK19200CE,2020/05/06,14:59,467,538.9,463.3,534.6,7940
BANKNIFTYWK19200CE,2020/05/06,15:00,534.6,534.6,500,500,4980
BANKNIFTYWK19200CE,2020/05/06,15:01,500.6,562,494.9,561.95,3820
BANKNIFTYWK19200CE,2020/05/06,15:02,570.1,613.3,555.25,607.7,9220
BANKNIFTYWK19200CE,2020/05/06,15:03,613.5,617.6,575,578,4440
BANKNIFTYWK19200CE,2020/05/06,15:04,575.6,593.95,561.2,589.1,2080
BANKNIFTYWK19200CE,2020/05/06,15:05,587.9,587.9,547.95,555,520
BANKNIFTYWK19200CE,2020/05/06,15:06,555.15,574.4,540,567.95,2460
BANKNIFTYWK19200CE,2020/05/06,15:07,567.95,598.6,560.7,583,1780
BANKNIFTYWK19200CE,2020/05/06,15:08,583,590.4,574.25,581.95,1920
BANKNIFTYWK19200CE,2020/05/06,15:09,578.5,578.5,557.9,571.85,1300
BANKNIFTYWK19200CE,2020/05/06,15:10,575,578.95,557.9,561.65,7640
BANKNIFTYWK19200CE,2020/05/06,15:11,561.65,575.85,550.8,570.45,940
BANKNIFTYWK19200CE,2020/05/06,15:12,565.6,602.35,565.45,602.35,1040
BANKNIFTYWK19200CE,2020/05/06,15:13,603.6,611.1,585,602.5,2740
BANKNIFTYWK19200CE,2020/05/06,15:14,596.05,599.3,577.2,587.65,860
BANKNIFTYWK19200CE,2020/05/06,15:15,587.45,597.45,575,587.05,1360
BANKNIFTYWK19200CE,2020/05/06,15:16,585.05,591.45,573.8,591.45,400
BANKNIFTYWK19200CE,2020/05/06,15:17,590.35,600,585.3,591.55,380
BANKNIFTYWK19200CE,2020/05/06,15:18,598.7,605.5,591.6,592.8,1980
BANKNIFTYWK19200CE,2020/05/06,15:19,588.7,595.85,584,595.85,400
BANKNIFTYWK19200CE,2020/05/06,15:20,595.85,598.15,586.3,588.6,1140
BANKNIFTYWK19200CE,2020/05/06,15:21,588.6,615.55,588.05,606.9,2440
BANKNIFTYWK19200CE,2020/05/06,15:22,606.9,620,604.75,607.55,2120
BANKNIFTYWK19200CE,2020/05/06,15:23,607.55,613,595.35,595.4,1000
BANKNIFTYWK19200CE,2020/05/06,15:24,598,598.9,590.65,597,3660
BANKNIFTYWK19200CE,2020/05/06,15:25,595.6,614.8,595.6,609.65,1840
BANKNIFTYWK19200CE,2020/05/06,15:26,609.3,613.05,607.35,613.05,1560
BANKNIFTYWK19200CE,2020/05/06,15:27,612.5,621.15,612.5,621.15,1320
BANKNIFTYWK19200CE,2020/05/06,15:28,621.15,634.25,621.15,631.05,1520
BANKNIFTYWK19200CE,2020/05/06,15:29,635.85,650.25,633,650.25,1140
BANKNIFTYWK19200CE,2020/05/07,09:15,360.2,367.2,270.2,310.9,8300
BANKNIFTYWK19200CE,2020/05/07,09:16,309.95,322.15,303.1,311.25,16840
BANKNIFTYWK19200CE,2020/05/07,09:17,310.95,321.85,279.45,320.8,8340
BANKNIFTYWK19200CE,2020/05/07,09:18,320.8,339.5,318,330.85,7140
BANKNIFTYWK19200CE,2020/05/07,09:19,332.6,346.65,312.75,320.7,8440
BANKNIFTYWK19200CE,2020/05/07,09:20,320,328.5,293.9,298.7,9400
BANKNIFTYWK19200CE,2020/05/07,09:21,301.45,330.25,288.7,328.95,6400
BANKNIFTYWK19200CE,2020/05/07,09:22,326.35,404.75,326.35,387.6,10600
BANKNIFTYWK19200CE,2020/05/07,09:23,385.8,466.75,383.65,451.05,10520
BANKNIFTYWK19200CE,2020/05/07,09:24,450.05,495.1,424.5,474.25,9600
BANKNIFTYWK19200CE,2020/05/07,09:25,467.9,474.85,428.15,445.2,6760
BANKNIFTYWK19200CE,2020/05/07,09:26,445.2,464.1,421.7,424.9,3460
BANKNIFTYWK19200CE,2020/05/07,09:27,424.2,430,396.4,425,4660
BANKNIFTYWK19200CE,2020/05/07,09:28,419.6,428.65,398.85,404.7,2620
BANKNIFTYWK19200CE,2020/05/07,09:29,395.6,409.35,362.25,369.8,3760
BANKNIFTYWK19200CE,2020/05/07,09:30,375.35,389.2,340.8,344.15,8200
BANKNIFTYWK19200CE,2020/05/07,09:31,340.9,364.55,340.9,359.3,3300
BANKNIFTYWK19200CE,2020/05/07,09:32,359.3,370.7,344.9,369,2520
BANKNIFTYWK19200CE,2020/05/07,09:33,377.35,417.2,377.35,406.3,7600
BANKNIFTYWK19200CE,2020/05/07,09:34,407.9,425,398.45,425,5380
BANKNIFTYWK19200CE,2020/05/07,09:35,424.95,443.2,417.25,427.95,3640
BANKNIFTYWK19200CE,2020/05/07,09:36,426.75,458.85,426.75,447.5,4940
BANKNIFTYWK19200CE,2020/05/07,09:37,447.5,454.9,412,424.45,2840
BANKNIFTYWK19200CE,2020/05/07,09:38,427,431.65,392.3,399.7,2140
BANKNIFTYWK19200CE,2020/05/07,09:39,401.75,410.45,366.85,375.3,3100
BANKNIFTYWK19200CE,2020/05/07,09:40,372.6,420.9,372.6,413.5,2400
BANKNIFTYWK19200CE,2020/05/07,09:41,413.5,435.9,402.8,423.8,2040
BANKNIFTYWK19200CE,2020/05/07,09:42,423.8,432.5,412,426.95,1360
BANKNIFTYWK19200CE,2020/05/07,09:43,430.2,436.7,406,427.65,3960
BANKNIFTYWK19200CE,2020/05/07,09:44,429.65,435.1,400.15,430,1140
BANKNIFTYWK19200CE,2020/05/07,09:45,430,445,429.95,440.1,4680
BANKNIFTYWK19200CE,2020/05/07,09:46,444.9,450,413.75,424.6,1960
BANKNIFTYWK19200CE,2020/05/07,09:47,423.65,440.05,416.7,436.9,500
BANKNIFTYWK19200CE,2020/05/07,09:48,442.9,493.55,442.9,479.5,5480
BANKNIFTYWK19200CE,2020/05/07,09:49,481.3,484.6,452.5,484.6,3700
BANKNIFTYWK19200CE,2020/05/07,09:50,481.05,520,481.05,500,4140
BANKNIFTYWK19200CE,2020/05/07,09:51,509.95,547.9,509.8,531.1,6600
BANKNIFTYWK19200CE,2020/05/07,09:52,532.45,564.4,519.3,519.3,3380
BANKNIFTYWK19200CE,2020/05/07,09:53,519.3,525,507.2,511.8,1600
BANKNIFTYWK19200CE,2020/05/07,09:54,503,513.9,488.1,500,1240
BANKNIFTYWK19200CE,2020/05/07,09:55,500,527.35,500,527.35,1100
BANKNIFTYWK19200CE,2020/05/07,09:56,527.35,541.75,507.4,541.75,1820
BANKNIFTYWK19200CE,2020/05/07,09:57,532.5,534.6,520,529.9,920
BANKNIFTYWK19200CE,2020/05/07,09:58,529.9,529.9,506.7,506.7,400
BANKNIFTYWK19200CE,2020/05/07,09:59,500,530,493.3,530,980
BANKNIFTYWK19200CE,2020/05/07,10:00,530,552.45,530,530.15,920
BANKNIFTYWK19200CE,2020/05/07,10:01,546.65,556.6,544.4,544.7,260
BANKNIFTYWK19200CE,2020/05/07,10:02,544.7,548.3,528.8,528.8,720
BANKNIFTYWK19200CE,2020/05/07,10:03,521,521,477.15,477.15,1600
BANKNIFTYWK19200CE,2020/05/07,10:04,477.65,485,445.75,459.15,2100
BANKNIFTYWK19200CE,2020/05/07,10:05,457.55,458.75,426.75,436.6,3040
BANKNIFTYWK19200CE,2020/05/07,10:06,437.5,452.35,425,440.05,1540
BANKNIFTYWK19200CE,2020/05/07,10:07,442.45,481.1,442.45,471.35,680
BANKNIFTYWK19200CE,2020/05/07,10:08,473.35,473.35,447.9,449,400
BANKNIFTYWK19200CE,2020/05/07,10:09,449,456.7,440,456.7,460
BANKNIFTYWK19200CE,2020/05/07,10:10,458.2,477.25,440,440,560
BANKNIFTYWK19200CE,2020/05/07,10:11,440,445,414.15,432.4,3360
BANKNIFTYWK19200CE,2020/05/07,10:12,431.5,444,420,444,480
BANKNIFTYWK19200CE,2020/05/07,10:13,439.2,455,434.7,449.45,920
BANKNIFTYWK19200CE,2020/05/07,10:14,451.95,461.3,440,440,1400
BANKNIFTYWK19200CE,2020/05/07,10:15,443.15,465,442.05,452.25,640
BANKNIFTYWK19200CE,2020/05/07,10:16,452.25,460,442.05,457.5,720
BANKNIFTYWK19200CE,2020/05/07,10:17,457.5,471.15,453,457.5,720
BANKNIFTYWK19200CE,2020/05/07,10:18,452.35,465.05,452.35,465.05,280
BANKNIFTYWK19200CE,2020/05/07,10:19,452,452,425.25,431.5,980
BANKNIFTYWK19200CE,2020/05/07,10:20,431.5,438.85,421.75,436.2,660
BANKNIFTYWK19200CE,2020/05/07,10:21,436.2,436.2,418.15,418.6,560
BANKNIFTYWK19200CE,2020/05/07,10:22,424.6,440.3,421,440,300
BANKNIFTYWK19200CE,2020/05/07,10:23,438.5,450.05,438.5,446.2,580
BANKNIFTYWK19200CE,2020/05/07,10:24,450,450,431,431,780
BANKNIFTYWK19200CE,2020/05/07,10:25,437.05,437.05,391.9,400,1700
BANKNIFTYWK19200CE,2020/05/07,10:26,399.7,412.9,397.95,411,2040
BANKNIFTYWK19200CE,2020/05/07,10:27,409.6,424.85,398.35,404.8,1520
BANKNIFTYWK19200CE,2020/05/07,10:28,405.05,410.85,394,394,1200
BANKNIFTYWK19200CE,2020/05/07,10:29,398.75,414.45,398.05,412.15,1340
BANKNIFTYWK19200CE,2020/05/07,10:30,412.15,412.15,375,385.4,3660
BANKNIFTYWK19200CE,2020/05/07,10:31,378.85,383.45,346.8,361.2,2880
BANKNIFTYWK19200CE,2020/05/07,10:32,363.3,380,363.3,370,1280
BANKNIFTYWK19200CE,2020/05/07,10:33,365,383.55,365,376.45,420
BANKNIFTYWK19200CE,2020/05/07,10:34,376.45,387.75,375,387.75,780
BANKNIFTYWK19200CE,2020/05/07,10:35,379.75,379.75,365.1,378.4,680
BANKNIFTYWK19200CE,2020/05/07,10:36,378.4,399.9,378.4,390,2600
BANKNIFTYWK19200CE,2020/05/07,10:37,387.6,404.9,387.6,394.15,1660
BANKNIFTYWK19200CE,2020/05/07,10:38,401,405.1,380,380,740
BANKNIFTYWK19200CE,2020/05/07,10:39,373.65,377,351.8,360.8,940
BANKNIFTYWK19200CE,2020/05/07,10:40,360.8,364.85,330.1,338.5,2820
BANKNIFTYWK19200CE,2020/05/07,10:41,342.2,346.55,325.05,336.45,2300
BANKNIFTYWK19200CE,2020/05/07,10:42,338.1,347.55,329,331.9,1040
BANKNIFTYWK19200CE,2020/05/07,10:43,332.95,333.95,287.3,287.3,5040
BANKNIFTYWK19200CE,2020/05/07,10:44,287.3,295.65,279.4,294.15,5320
BANKNIFTYWK19200CE,2020/05/07,10:45,296.15,309.45,290,305.45,4140
BANKNIFTYWK19200CE,2020/05/07,10:46,306.6,310.35,296.2,310.35,2980
BANKNIFTYWK19200CE,2020/05/07,10:47,309.6,320.95,308.2,320.8,3760
BANKNIFTYWK19200CE,2020/05/07,10:48,317.25,319,291.95,295.3,2580
BANKNIFTYWK19200CE,2020/05/07,10:49,294.4,316.65,294.4,308.6,1720
BANKNIFTYWK19200CE,2020/05/07,10:50,307.45,325,307.45,322.85,2940
BANKNIFTYWK19200CE,2020/05/07,10:51,329,350.8,329,339.7,6580
BANKNIFTYWK19200CE,2020/05/07,10:52,339.1,355.9,336.25,336.75,2840
BANKNIFTYWK19200CE,2020/05/07,10:53,333.9,350.95,331.35,331.85,2680
BANKNIFTYWK19200CE,2020/05/07,10:54,330,335.85,321.25,329,2320
BANKNIFTYWK19200CE,2020/05/07,10:55,326.55,326.55,303.6,308.6,3840
BANKNIFTYWK19200CE,2020/05/07,10:56,310,320.9,308,320.9,1700
BANKNIFTYWK19200CE,2020/05/07,10:57,320.9,325.6,309.35,314,1740
BANKNIFTYWK19200CE,2020/05/07,10:58,312.85,329.25,312.85,324.65,980
BANKNIFTYWK19200CE,2020/05/07,10:59,325,337.45,323.2,335.25,2800
BANKNIFTYWK19200CE,2020/05/07,11:00,336,363.95,330.05,362.25,6220
BANKNIFTYWK19200CE,2020/05/07,11:01,367,367,345.7,350.1,7520
BANKNIFTYWK19200CE,2020/05/07,11:02,349.3,356.95,337.2,339.6,2660
BANKNIFTYWK19200CE,2020/05/07,11:03,338,351.3,338,351.3,1560
BANKNIFTYWK19200CE,2020/05/07,11:04,346.65,346.65,320,322.6,1900
BANKNIFTYWK19200CE,2020/05/07,11:05,326.25,326.7,302.2,307.1,5020
BANKNIFTYWK19200CE,2020/05/07,11:06,306.85,320,294.45,295,2960
BANKNIFTYWK19200CE,2020/05/07,11:07,297.2,300.55,283,298.5,3520
BANKNIFTYWK19200CE,2020/05/07,11:08,300,303.75,292.85,300,1740
BANKNIFTYWK19200CE,2020/05/07,11:09,297.45,302.3,288,296,1880
BANKNIFTYWK19200CE,2020/05/07,11:10,297.6,312.05,297.6,310,2520
BANKNIFTYWK19200CE,2020/05/07,11:11,312.7,316,295.45,303.5,2220
BANKNIFTYWK19200CE,2020/05/07,11:12,303.25,330.05,301.65,321.8,2280
BANKNIFTYWK19200CE,2020/05/07,11:13,318.5,328.5,303.25,310,3060
BANKNIFTYWK19200CE,2020/05/07,11:14,311.45,314.7,282.4,290,3320
BANKNIFTYWK19200CE,2020/05/07,11:15,290.95,311.95,288.8,302.8,4020
BANKNIFTYWK19200CE,2020/05/07,11:16,305.5,320.35,305.2,316.85,1860
BANKNIFTYWK19200CE,2020/05/07,11:17,313.95,326.1,310.15,310.15,680
BANKNIFTYWK19200CE,2020/05/07,11:18,307.95,340,306.7,326,2740
BANKNIFTYWK19200CE,2020/05/07,11:19,318.85,331.05,318.85,320.7,1260
BANKNIFTYWK19200CE,2020/05/07,11:20,317,318.05,300.3,300.3,1540
BANKNIFTYWK19200CE,2020/05/07,11:21,300.15,310.85,300,306.45,1320
BANKNIFTYWK19200CE,2020/05/07,11:22,310.15,324,310.15,319.55,1460
BANKNIFTYWK19200CE,2020/05/07,11:23,317.95,317.95,300.65,306.75,1420
BANKNIFTYWK19200CE,2020/05/07,11:24,306.95,322.6,306.95,317.05,4420
BANKNIFTYWK19200CE,2020/05/07,11:25,317.5,335,317.5,331.1,3080
BANKNIFTYWK19200CE,2020/05/07,11:26,331.1,348.85,331.1,337.7,5760
BANKNIFTYWK19200CE,2020/05/07,11:27,335.6,347.65,327.75,331.65,1640
BANKNIFTYWK19200CE,2020/05/07,11:28,331.65,334.75,310.95,320,2280
BANKNIFTYWK19200CE,2020/05/07,11:29,320.75,326.7,312.95,326.2,1100
BANKNIFTYWK19200CE,2020/05/07,11:30,327.5,346.2,327.5,336.8,3480
BANKNIFTYWK19200CE,2020/05/07,11:31,336.25,379.05,336.25,365,8220
BANKNIFTYWK19200CE,2020/05/07,11:32,367.45,370,355.15,365.8,3260
BANKNIFTYWK19200CE,2020/05/07,11:33,370.15,384,369.8,380.05,6420
BANKNIFTYWK19200CE,2020/05/07,11:34,379.5,389,366.05,376.9,5040
BANKNIFTYWK19200CE,2020/05/07,11:35,379.9,385.25,362.45,368.65,1820
BANKNIFTYWK19200CE,2020/05/07,11:36,368.65,369.25,345.35,345.35,2540
BANKNIFTYWK19200CE,2020/05/07,11:37,346,368.1,346,364.25,1660
BANKNIFTYWK19200CE,2020/05/07,11:38,364.25,387.65,364.25,386.3,2900
BANKNIFTYWK19200CE,2020/05/07,11:39,386.1,386.1,365.1,372.4,2020
BANKNIFTYWK19200CE,2020/05/07,11:40,374.2,376.1,365,373.5,3180
BANKNIFTYWK19200CE,2020/05/07,11:41,372,372,358.5,365.45,2900
BANKNIFTYWK19200CE,2020/05/07,11:42,364.35,366.35,352.5,366.35,1500
BANKNIFTYWK19200CE,2020/05/07,11:43,367.2,374.05,360,374.05,1240
BANKNIFTYWK19200CE,2020/05/07,11:44,377.05,381.5,372.85,373,2880
BANKNIFTYWK19200CE,2020/05/07,11:45,370.1,393.9,368.25,383.1,8100
BANKNIFTYWK19200CE,2020/05/07,11:46,383,384.65,370.45,378,2800
BANKNIFTYWK19200CE,2020/05/07,11:47,378,387,363.75,363.75,2860
BANKNIFTYWK19200CE,2020/05/07,11:48,362.5,363,344.25,344.8,4400
BANKNIFTYWK19200CE,2020/05/07,11:49,345,349.35,330,332.2,2260
BANKNIFTYWK19200CE,2020/05/07,11:50,334.05,334.5,297.05,303,5380
BANKNIFTYWK19200CE,2020/05/07,11:51,302.65,305.4,293.1,303.8,5560
BANKNIFTYWK19200CE,2020/05/07,11:52,303.8,315,297.35,297.35,3300
BANKNIFTYWK19200CE,2020/05/07,11:53,296.95,308.95,289.1,304,3800
BANKNIFTYWK19200CE,2020/05/07,11:54,301.55,315,297.65,305,2620
BANKNIFTYWK19200CE,2020/05/07,11:55,300.65,315.85,300.65,313.25,1820
BANKNIFTYWK19200CE,2020/05/07,11:56,313.25,320,305,312.05,1020
BANKNIFTYWK19200CE,2020/05/07,11:57,311.2,312.75,294,312.75,3740
BANKNIFTYWK19200CE,2020/05/07,11:58,312.75,316,306.25,311.95,1800
BANKNIFTYWK19200CE,2020/05/07,11:59,310.25,329.45,308.2,318.3,2880
BANKNIFTYWK19200CE,2020/05/07,12:00,318.3,336.95,318.3,329.15,2040
BANKNIFTYWK19200CE,2020/05/07,12:01,325,327.5,307,321.8,1740
BANKNIFTYWK19200CE,2020/05/07,12:02,321.8,325.2,297.05,299,2800
BANKNIFTYWK19200CE,2020/05/07,12:03,299,312,299,309.1,1100
BANKNIFTYWK19200CE,2020/05/07,12:04,313.55,319.75,294.6,299.4,3720
BANKNIFTYWK19200CE,2020/05/07,12:05,299.4,301.15,276.85,285.4,7420
BANKNIFTYWK19200CE,2020/05/07,12:06,285.4,285.8,266.05,273.9,5020
BANKNIFTYWK19200CE,2020/05/07,12:07,273.75,295.85,270,293.5,3360
BANKNIFTYWK19200CE,2020/05/07,12:08,288.4,291.85,279.35,286,2280
BANKNIFTYWK19200CE,2020/05/07,12:09,277.65,281.4,268.55,268.55,3300
BANKNIFTYWK19200CE,2020/05/07,12:10,274.4,297.8,274.4,284.35,2740
BANKNIFTYWK19200CE,2020/05/07,12:11,286.65,299.3,286.65,290.65,1080
BANKNIFTYWK19200CE,2020/05/07,12:12,290,307.25,289.65,290,4080
BANKNIFTYWK19200CE,2020/05/07,12:13,290,297.55,286,297.55,940
BANKNIFTYWK19200CE,2020/05/07,12:14,297.55,307,292.75,294.7,2200
BANKNIFTYWK19200CE,2020/05/07,12:15,292.55,292.55,263,264.6,8460
BANKNIFTYWK19200CE,2020/05/07,12:16,264,264,249.7,255.8,7000
BANKNIFTYWK19200CE,2020/05/07,12:17,253.9,273.2,253.7,264.25,4520
BANKNIFTYWK19200CE,2020/05/07,12:18,260.8,282.65,260,282.4,4920
BANKNIFTYWK19200CE,2020/05/07,12:19,281.45,286,275,286,2660
BANKNIFTYWK19200CE,2020/05/07,12:20,288.5,297.35,285.4,289.8,3120
BANKNIFTYWK19200CE,2020/05/07,12:21,288.25,289.05,268.6,276.15,2240
BANKNIFTYWK19200CE,2020/05/07,12:22,280.1,285,273.45,282.2,740
BANKNIFTYWK19200CE,2020/05/07,12:23,279.25,279.25,252,256.35,5260
BANKNIFTYWK19200CE,2020/05/07,12:24,256.8,274,256.75,271.9,1760
BANKNIFTYWK19200CE,2020/05/07,12:25,273.6,276.9,258.4,259.15,2260
BANKNIFTYWK19200CE,2020/05/07,12:26,259.15,270.75,232,239.95,10600
BANKNIFTYWK19200CE,2020/05/07,12:27,239.7,251,215,231.9,11120
BANKNIFTYWK19200CE,2020/05/07,12:28,232.55,243.7,227.9,233.65,5700
BANKNIFTYWK19200CE,2020/05/07,12:29,236.75,249,230.05,230.05,2980
BANKNIFTYWK19200CE,2020/05/07,12:30,230,251.2,230,245.65,4360
BANKNIFTYWK19200CE,2020/05/07,12:31,249,275,249,263.1,9220
BANKNIFTYWK19200CE,2020/05/07,12:32,259.2,270,249.2,251.95,3760
BANKNIFTYWK19200CE,2020/05/07,12:33,252.15,256.25,240.1,246.2,2460
BANKNIFTYWK19200CE,2020/05/07,12:34,246.25,258.7,240.55,258.7,2320
BANKNIFTYWK19200CE,2020/05/07,12:35,257.65,283.1,255.4,273.8,7740
BANKNIFTYWK19200CE,2020/05/07,12:36,273.8,315.1,273.8,303.4,12880
BANKNIFTYWK19200CE,2020/05/07,12:37,306.3,350,306.3,330,16120
BANKNIFTYWK19200CE,2020/05/07,12:38,330.35,353.9,310.7,315.3,10860
BANKNIFTYWK19200CE,2020/05/07,12:39,318.15,325.9,303.45,306.85,3540
BANKNIFTYWK19200CE,2020/05/07,12:40,308.25,321.2,304.45,321.2,2840
BANKNIFTYWK19200CE,2020/05/07,12:41,320,320,298.2,304.1,2280
BANKNIFTYWK19200CE,2020/05/07,12:42,303.5,323,302.6,323,5840
BANKNIFTYWK19200CE,2020/05/07,12:43,324.95,345,321,336.05,8460
BANKNIFTYWK19200CE,2020/05/07,12:44,336.65,355,328.35,333.55,8540
BANKNIFTYWK19200CE,2020/05/07,12:45,333.55,365,330.25,365,6360
BANKNIFTYWK19200CE,2020/05/07,12:46,369.8,372.25,341.7,351,6920
BANKNIFTYWK19200CE,2020/05/07,12:47,356.6,379,355.25,355.65,5880
BANKNIFTYWK19200CE,2020/05/07,12:48,355.65,368.95,345,356.65,3760
BANKNIFTYWK19200CE,2020/05/07,12:49,356.4,360.6,338.55,355.35,4840
BANKNIFTYWK19200CE,2020/05/07,12:50,353,353,323.6,327.05,2160
BANKNIFTYWK19200CE,2020/05/07,12:51,327.05,327.05,302.5,302.5,4420
BANKNIFTYWK19200CE,2020/05/07,12:52,301.5,320,301.5,310.2,3160
BANKNIFTYWK19200CE,2020/05/07,12:53,315.95,328,312.75,312.75,2640
BANKNIFTYWK19200CE,2020/05/07,12:54,317.6,328.25,316.25,321.2,2900
BANKNIFTYWK19200CE,2020/05/07,12:55,317.15,324.6,309.1,324.5,820
BANKNIFTYWK19200CE,2020/05/07,12:56,324.25,342,318,325,3960
BANKNIFTYWK19200CE,2020/05/07,12:57,321.8,338.6,320.45,322,320
BANKNIFTYWK19200CE,2020/05/07,12:58,322,324,300,300.1,5180
BANKNIFTYWK19200CE,2020/05/07,12:59,300.4,300.7,280.55,284.85,2280
BANKNIFTYWK19200CE,2020/05/07,13:00,290,301.95,284,287.2,1340
BANKNIFTYWK19200CE,2020/05/07,13:01,287.75,287.75,266.05,269.45,5320
BANKNIFTYWK19200CE,2020/05/07,13:02,270,283.7,266.6,282.7,1860
BANKNIFTYWK19200CE,2020/05/07,13:03,282.7,296.65,282.7,291.75,3480
BANKNIFTYWK19200CE,2020/05/07,13:04,291.75,311.75,287.15,302.25,2480
BANKNIFTYWK19200CE,2020/05/07,13:05,304.65,304.65,290.8,297.2,1120
BANKNIFTYWK19200CE,2020/05/07,13:06,296.25,304.55,294.75,298.35,1820
BANKNIFTYWK19200CE,2020/05/07,13:07,295,337.65,295,328.7,8820
BANKNIFTYWK19200CE,2020/05/07,13:08,329.35,360,329.35,353.2,7060
BANKNIFTYWK19200CE,2020/05/07,13:09,354.4,379.65,337.35,370.35,11640
BANKNIFTYWK19200CE,2020/05/07,13:10,377.35,377.35,348.5,349.6,9000
BANKNIFTYWK19200CE,2020/05/07,13:11,357.15,368.45,347.75,351.85,4700
BANKNIFTYWK19200CE,2020/05/07,13:12,348.65,355,336.85,354.5,4100
BANKNIFTYWK19200CE,2020/05/07,13:13,354.5,381,353.3,372.3,9020
BANKNIFTYWK19200CE,2020/05/07,13:14,372.3,383,353.75,354.45,2560
BANKNIFTYWK19200CE,2020/05/07,13:15,353.7,380.25,353.7,374.85,10420
BANKNIFTYWK19200CE,2020/05/07,13:16,374.85,416.9,370.6,400,15240
BANKNIFTYWK19200CE,2020/05/07,13:17,401.25,439.55,396.9,419.75,10740
BANKNIFTYWK19200CE,2020/05/07,13:18,418.5,418.5,398.3,398.3,3820
BANKNIFTYWK19200CE,2020/05/07,13:19,396.55,414.6,391.05,414,2200
BANKNIFTYWK19200CE,2020/05/07,13:20,414,414,382.7,385.7,6400
BANKNIFTYWK19200CE,2020/05/07,13:21,382.65,393.1,371.3,380,2100
BANKNIFTYWK19200CE,2020/05/07,13:22,377,400,370,375.3,2280
BANKNIFTYWK19200CE,2020/05/07,13:23,385.95,386,367.6,380.85,6280
BANKNIFTYWK19200CE,2020/05/07,13:24,380.85,380.85,359.1,371.7,1840
BANKNIFTYWK19200CE,2020/05/07,13:25,371.7,371.7,340.55,344.65,4200
BANKNIFTYWK19200CE,2020/05/07,13:26,344.65,350,334,346.55,3060
BANKNIFTYWK19200CE,2020/05/07,13:27,349.2,353.9,335,353.65,2380
BANKNIFTYWK19200CE,2020/05/07,13:28,353.95,362.2,345.9,354.15,3080
BANKNIFTYWK19200CE,2020/05/07,13:29,354.15,354.15,340,342,4680
BANKNIFTYWK19200CE,2020/05/07,13:30,342,354.6,338.6,342.6,3160
BANKNIFTYWK19200CE,2020/05/07,13:31,341.8,341.8,303,316.8,10640
BANKNIFTYWK19200CE,2020/05/07,13:32,317.5,331.25,314.25,322.95,2340
BANKNIFTYWK19200CE,2020/05/07,13:33,326.85,327.25,308.75,324.35,1320
BANKNIFTYWK19200CE,2020/05/07,13:34,320,335.75,320,328.35,3700
BANKNIFTYWK19200CE,2020/05/07,13:35,325,352.05,325,336.75,8680
BANKNIFTYWK19200CE,2020/05/07,13:36,334.65,339.45,318.4,334.45,2100
BANKNIFTYWK19200CE,2020/05/07,13:37,338.7,338.7,297,299.4,1860
BANKNIFTYWK19200CE,2020/05/07,13:38,302.6,314.45,298,304.55,2760
BANKNIFTYWK19200CE,2020/05/07,13:39,303.05,320,297.35,318.2,1960
BANKNIFTYWK19200CE,2020/05/07,13:40,314,317.65,265,270.7,4380
BANKNIFTYWK19200CE,2020/05/07,13:41,275.45,284.2,240.6,250.85,8500
BANKNIFTYWK19200CE,2020/05/07,13:42,249.6,271.95,248.45,271.95,4940
BANKNIFTYWK19200CE,2020/05/07,13:43,271.95,277.65,263.2,265,2320
BANKNIFTYWK19200CE,2020/05/07,13:44,261,278,259.25,270.05,1220
BANKNIFTYWK19200CE,2020/05/07,13:45,269.95,270.85,250.95,253.4,2080
BANKNIFTYWK19200CE,2020/05/07,13:46,256.45,260.95,242.75,258.45,2240
BANKNIFTYWK19200CE,2020/05/07,13:47,255.8,298.25,255.8,296,4340
BANKNIFTYWK19200CE,2020/05/07,13:48,298,339.55,285.6,323.85,5880
BANKNIFTYWK19200CE,2020/05/07,13:49,323,328.2,302.95,311.15,3580
BANKNIFTYWK19200CE,2020/05/07,13:50,312.2,312.2,286,297.1,1840
BANKNIFTYWK19200CE,2020/05/07,13:51,295.95,305,281.7,286.5,1640
BANKNIFTYWK19200CE,2020/05/07,13:52,290.45,301.65,285.4,287,1140
BANKNIFTYWK19200CE,2020/05/07,13:53,287,292.95,283.25,289.65,1560
BANKNIFTYWK19200CE,2020/05/07,13:54,296.85,309.4,291,292.15,1860
BANKNIFTYWK19200CE,2020/05/07,13:55,294.55,318.45,291.5,294.6,3460
BANKNIFTYWK19200CE,2020/05/07,13:56,295.8,303.9,271.5,275.05,1560
BANKNIFTYWK19200CE,2020/05/07,13:57,288.4,306.95,283.8,295,1480
BANKNIFTYWK19200CE,2020/05/07,13:58,304.95,330,304.2,322,4820
BANKNIFTYWK19200CE,2020/05/07,13:59,318.15,326.1,309.7,324.05,3700
BANKNIFTYWK19200CE,2020/05/07,14:00,325.45,349.8,325.15,343,7900
BANKNIFTYWK19200CE,2020/05/07,14:01,341,341,322,330.3,4060
BANKNIFTYWK19200CE,2020/05/07,14:02,339.15,340.8,315.1,327.8,3660
BANKNIFTYWK19200CE,2020/05/07,14:03,325.1,328.9,302.75,311.85,2400
BANKNIFTYWK19200CE,2020/05/07,14:04,305.85,316.55,298.35,308.35,4460
BANKNIFTYWK19200CE,2020/05/07,14:05,308.35,308.35,291.05,307,3080
BANKNIFTYWK19200CE,2020/05/07,14:06,303.05,303.05,284.6,294.1,2880
BANKNIFTYWK19200CE,2020/05/07,14:07,290,306.85,283.95,304.55,1140
BANKNIFTYWK19200CE,2020/05/07,14:08,304.55,326,302,311.9,2960
BANKNIFTYWK19200CE,2020/05/07,14:09,318.95,321.4,300,306.6,840
BANKNIFTYWK19200CE,2020/05/07,14:10,309.7,320,297.7,320,1880
BANKNIFTYWK19200CE,2020/05/07,14:11,318.85,331.1,315.25,315.25,2800
BANKNIFTYWK19200CE,2020/05/07,14:12,317.35,328.85,308,319.1,2840
BANKNIFTYWK19200CE,2020/05/07,14:13,317,327.5,304.2,311,1340
BANKNIFTYWK19200CE,2020/05/07,14:14,308.95,308.95,274.3,276.45,2560
BANKNIFTYWK19200CE,2020/05/07,14:15,276.3,276.3,244.2,257,9460
BANKNIFTYWK19200CE,2020/05/07,14:16,257,259.4,241,255.45,5740
BANKNIFTYWK19200CE,2020/05/07,14:17,255.15,282.55,255.15,277,5120
BANKNIFTYWK19200CE,2020/05/07,14:18,282.3,307.85,279,300.05,5680
BANKNIFTYWK19200CE,2020/05/07,14:19,299.3,321.15,295,302.2,6360
BANKNIFTYWK19200CE,2020/05/07,14:20,302.3,323.8,300,307.6,4280
BANKNIFTYWK19200CE,2020/05/07,14:21,305,311.35,300,309.3,3860
BANKNIFTYWK19200CE,2020/05/07,14:22,310,317.05,285,285,3440
BANKNIFTYWK19200CE,2020/05/07,14:23,277.45,291.3,276.45,290.7,3160
BANKNIFTYWK19200CE,2020/05/07,14:24,285.8,292.25,268.45,280,1260
BANKNIFTYWK19200CE,2020/05/07,14:25,282.6,291.5,268.7,268.7,2260
BANKNIFTYWK19200CE,2020/05/07,14:26,268.85,312.4,268.85,304.35,3120
BANKNIFTYWK19200CE,2020/05/07,14:27,304.9,314,292.4,314,2320
BANKNIFTYWK19200CE,2020/05/07,14:28,314,314,290,303.85,2960
BANKNIFTYWK19200CE,2020/05/07,14:29,303.85,307.65,295,295.95,820
BANKNIFTYWK19200CE,2020/05/07,14:30,293.5,359.85,292.6,352,20900
BANKNIFTYWK19200CE,2020/05/07,14:31,353.65,355.85,332,344.5,8920
BANKNIFTYWK19200CE,2020/05/07,14:32,342.75,350.7,325.5,335,4280
BANKNIFTYWK19200CE,2020/05/07,14:33,335.15,343.5,316.05,338.85,6400
BANKNIFTYWK19200CE,2020/05/07,14:34,340,340,318.35,319,3680
BANKNIFTYWK19200CE,2020/05/07,14:35,316.65,362.7,316.65,361.9,7100
BANKNIFTYWK19200CE,2020/05/07,14:36,369.3,373.35,337.85,347,5240
BANKNIFTYWK19200CE,2020/05/07,14:37,341.3,347.5,323.3,327.5,2020
BANKNIFTYWK19200CE,2020/05/07,14:38,328.5,346.45,323.65,323.65,3340
BANKNIFTYWK19200CE,2020/05/07,14:39,328.5,343.35,323.2,335,2260
BANKNIFTYWK19200CE,2020/05/07,14:40,333.4,353.05,333.4,350,3620
BANKNIFTYWK19200CE,2020/05/07,14:41,354,377.1,350,365.65,7180
BANKNIFTYWK19200CE,2020/05/07,14:42,365,371.6,350,353.4,3220
BANKNIFTYWK19200CE,2020/05/07,14:43,353.4,355.95,336.4,336.4,4340
BANKNIFTYWK19200CE,2020/05/07,14:44,333.55,345.55,315.9,316.1,3860
BANKNIFTYWK19200CE,2020/05/07,14:45,308.9,322.2,273.85,284.85,7640
BANKNIFTYWK19200CE,2020/05/07,14:46,282.65,303.35,281.55,293,6020
BANKNIFTYWK19200CE,2020/05/07,14:47,294.65,298,268,292.4,5720
BANKNIFTYWK19200CE,2020/05/07,14:48,293,299,283,294.45,3080
BANKNIFTYWK19200CE,2020/05/07,14:49,290.65,292.15,271,285.55,2160
BANKNIFTYWK19200CE,2020/05/07,14:50,289.55,289.55,263.75,275.85,2740
BANKNIFTYWK19200CE,2020/05/07,14:51,280,300,275.5,300,1900
BANKNIFTYWK19200CE,2020/05/07,14:52,298.5,331.9,298.5,325.4,8740
BANKNIFTYWK19200CE,2020/05/07,14:53,319.9,321.6,294.9,300,3960
BANKNIFTYWK19200CE,2020/05/07,14:54,298.65,320,297.65,316.45,2880
BANKNIFTYWK19200CE,2020/05/07,14:55,318.1,318.1,293.2,304.95,3200
BANKNIFTYWK19200CE,2020/05/07,14:56,308.05,308.3,295.75,304.1,1120
BANKNIFTYWK19200CE,2020/05/07,14:57,302.65,314.8,300,305.8,1960
BANKNIFTYWK19200CE,2020/05/07,14:58,306.55,314,302.25,302.25,1320
BANKNIFTYWK19200CE,2020/05/07,14:59,301,332.95,300,332.85,5660
BANKNIFTYWK19200CE,2020/05/07,15:00,331.65,331.65,300,300,6100
BANKNIFTYWK19200CE,2020/05/07,15:01,296.6,317.55,295,300.9,3760
BANKNIFTYWK19200CE,2020/05/07,15:02,298.25,298.25,269.95,269.95,5260
BANKNIFTYWK19200CE,2020/05/07,15:03,272.65,287.75,255.15,256.1,6660
BANKNIFTYWK19200CE,2020/05/07,15:04,255.5,280,251.85,273.75,5780
BANKNIFTYWK19200CE,2020/05/07,15:05,273.6,273.6,255.6,271.4,2420
BANKNIFTYWK19200CE,2020/05/07,15:06,269.25,278,261.35,271.2,5400
BANKNIFTYWK19200CE,2020/05/07,15:07,270.15,286.55,268.8,281.7,4320
BANKNIFTYWK19200CE,2020/05/07,15:08,283.85,283.85,269.45,269.45,1460
BANKNIFTYWK19200CE,2020/05/07,15:09,269.45,288.25,269.45,283.1,2260
BANKNIFTYWK19200CE,2020/05/07,15:10,283.1,295.9,278.7,295.9,9540
BANKNIFTYWK19200CE,2020/05/07,15:11,296.45,304.8,295.95,298.85,8360
BANKNIFTYWK19200CE,2020/05/07,15:12,298.95,303.85,292.45,303.8,3200
BANKNIFTYWK19200CE,2020/05/07,15:13,303.55,304.7,297.4,300,2900
BANKNIFTYWK19200CE,2020/05/07,15:14,297.5,303,294.95,297.7,1840
BANKNIFTYWK19200CE,2020/05/07,15:15,297.7,298.4,294.7,298.1,1680
BANKNIFTYWK19200CE,2020/05/07,15:16,299,301.05,296.5,299.3,3000
BANKNIFTYWK19200CE,2020/05/07,15:17,298.15,298.55,296.75,296.95,1100
BANKNIFTYWK19200CE,2020/05/07,15:18,296.95,296.95,286.6,286.6,5040
BANKNIFTYWK19200CE,2020/05/07,15:19,286.6,287.35,282.3,284,7320
BANKNIFTYWK19200CE,2020/05/07,15:20,283.15,287.6,279.35,281.65,3340
BANKNIFTYWK19200CE,2020/05/07,15:21,279.65,291,279.25,283.05,6160
BANKNIFTYWK19200CE,2020/05/07,15:22,284.5,286,279.9,285.7,2700
BANKNIFTYWK19200CE,2020/05/07,15:23,286.15,288.45,283.75,288,2500
BANKNIFTYWK19200CE,2020/05/07,15:24,287.85,289.3,286.35,289.3,1460
BANKNIFTYWK19200CE,2020/05/07,15:25,289.95,290,286.3,287.65,5760
BANKNIFTYWK19200CE,2020/05/07,15:26,288.1,290.3,288.1,290.25,620
BANKNIFTYWK19200CE,2020/05/07,15:27,290.25,291.05,286.25,286.25,1300
BANKNIFTYWK19200CE,2020/05/07,15:28,291.05,291.55,289.15,289.9,1180
BANKNIFTYWK19200CE,2020/05/07,15:29,290.75,291.25,290,291.25,1180
