BANKNIFTYWK20200PE,2020/05/28,11:50,1149.9,1180.2,1149.9,1180.2,400
BANKNIFTYWK20200PE,2020/05/28,12:11,1180.2,1180.2,1142.1,1142.1,20
BANKNIFTYWK20200PE,2020/05/28,12:22,1142.1,1225,1142.1,1225,20
BANKNIFTYWK20200PE,2020/05/29,13:43,1348.25,1348.25,1348.25,1348.25,20
BANKNIFTYWK20200PE,2020/05/29,14:26,1236.55,1260.55,1236.55,1260.55,360
BANKNIFTYWK20200PE,2020/05/29,15:11,1183.85,1183.85,1183.85,1183.85,20
BANKNIFTYWK20200PE,2020/05/29,15:16,1200,1200,1200,1200,20
BANKNIFTYWK20200PE,2020/05/29,15:20,1213.65,1213.7,1213.65,1213.7,40
BANKNIFTYWK20200PE,2020/05/29,15:21,1204.85,1204.85,1204.85,1204.85,20
BANKNIFTYWK20200PE,2020/05/29,15:23,1229,1229,1229,1229,20
BANKNIFTYWK20200PE,2020/05/29,15:28,1235.5,1235.5,1235.5,1235.5,20
BANKNIFTYWK20200PE,2020/06/01,09:16,750,750,696,726.3,400
BANKNIFTYWK20200PE,2020/06/01,09:17,726.3,726.3,697.85,697.85,280
BANKNIFTYWK20200PE,2020/06/01,09:18,697.85,697.85,650,650,200
BANKNIFTYWK20200PE,2020/06/01,09:19,650,661.35,650,651.65,160
BANKNIFTYWK20200PE,2020/06/01,09:20,651.65,651.65,613.7,613.8,1060
BANKNIFTYWK20200PE,2020/06/01,09:21,617.15,620.45,593.45,593.45,2040
BANKNIFTYWK20200PE,2020/06/01,09:22,593.45,627.65,593.45,616.25,300
BANKNIFTYWK20200PE,2020/06/01,09:23,616.25,636.5,616.25,625.2,60
BANKNIFTYWK20200PE,2020/06/01,09:24,625.2,625.2,614.3,623.75,280
BANKNIFTYWK20200PE,2020/06/01,09:25,623.75,649.95,623.75,630.55,180
BANKNIFTYWK20200PE,2020/06/01,09:26,630.55,630.55,610,610,100
BANKNIFTYWK20200PE,2020/06/01,09:27,610,627.95,610,627.95,40
BANKNIFTYWK20200PE,2020/06/01,09:28,627.95,634.35,616.05,623.75,300
BANKNIFTYWK20200PE,2020/06/01,09:29,623.75,623.75,612,620,100
BANKNIFTYWK20200PE,2020/06/01,09:30,620,620,600,600,100
BANKNIFTYWK20200PE,2020/06/01,09:31,600,600,570.05,570.05,780
BANKNIFTYWK20200PE,2020/06/01,09:32,570.05,570.05,541.4,542.55,1360
BANKNIFTYWK20200PE,2020/06/01,09:33,542.85,554.15,530.65,550,1520
BANKNIFTYWK20200PE,2020/06/01,09:34,550,550,532.7,547.15,1180
BANKNIFTYWK20200PE,2020/06/01,09:35,547.15,564.05,543.65,555,700
BANKNIFTYWK20200PE,2020/06/01,09:36,555,565,550.1,565,300
BANKNIFTYWK20200PE,2020/06/01,09:37,559.05,570.4,550,550,600
BANKNIFTYWK20200PE,2020/06/01,09:38,550,555.8,549,552,1920
BANKNIFTYWK20200PE,2020/06/01,09:39,552,552.15,525,546.1,1040
BANKNIFTYWK20200PE,2020/06/01,09:40,546.1,546.1,527.45,540.75,940
BANKNIFTYWK20200PE,2020/06/01,09:41,540.75,550.1,532.45,550,720
BANKNIFTYWK20200PE,2020/06/01,09:42,550,564.4,544.65,564.4,520
BANKNIFTYWK20200PE,2020/06/01,09:43,564.4,568,557.3,565.85,840
BANKNIFTYWK20200PE,2020/06/01,09:44,565.85,565.85,556.65,560.65,1100
BANKNIFTYWK20200PE,2020/06/01,09:45,555.4,560.6,545.9,558.8,560
BANKNIFTYWK20200PE,2020/06/01,09:46,558.8,571.8,558.8,567.9,660
BANKNIFTYWK20200PE,2020/06/01,09:47,565,567.9,553.05,563.6,580
BANKNIFTYWK20200PE,2020/06/01,09:48,563.6,570.85,560.3,564.15,1260
BANKNIFTYWK20200PE,2020/06/01,09:49,564.15,566.25,554.65,555.4,360
BANKNIFTYWK20200PE,2020/06/01,09:50,555.4,565.45,551.3,556.25,620
BANKNIFTYWK20200PE,2020/06/01,09:51,556.25,556.25,540,545.4,260
BANKNIFTYWK20200PE,2020/06/01,09:52,545.4,560,545.25,556.45,720
BANKNIFTYWK20200PE,2020/06/01,09:53,556.45,565,549.05,550.45,760
BANKNIFTYWK20200PE,2020/06/01,09:54,543.2,550.45,511.2,531.25,2500
BANKNIFTYWK20200PE,2020/06/01,09:55,529.45,532,502.05,512.8,5560
BANKNIFTYWK20200PE,2020/06/01,09:56,517.55,537,512.7,535,10860
BANKNIFTYWK20200PE,2020/06/01,09:57,535,535,520.35,530.45,3580
BANKNIFTYWK20200PE,2020/06/01,09:58,531,536.2,522.5,527.95,900
BANKNIFTYWK20200PE,2020/06/01,09:59,527.95,530.65,512.4,515,1440
BANKNIFTYWK20200PE,2020/06/01,10:00,518.85,518.85,477,494,5800
BANKNIFTYWK20200PE,2020/06/01,10:01,494.8,497.1,485,485,1880
BANKNIFTYWK20200PE,2020/06/01,10:02,488.25,506.8,481,500.8,1560
BANKNIFTYWK20200PE,2020/06/01,10:03,500.8,510,497.85,500.5,1820
BANKNIFTYWK20200PE,2020/06/01,10:04,500.5,506.65,499.9,499.9,1040
BANKNIFTYWK20200PE,2020/06/01,10:05,503.95,510.25,503.95,509.65,160
BANKNIFTYWK20200PE,2020/06/01,10:06,510.5,520,509.65,516.25,880
BANKNIFTYWK20200PE,2020/06/01,10:07,525.85,537.6,516.1,516.1,1360
BANKNIFTYWK20200PE,2020/06/01,10:08,520.95,525.2,520.95,521,220
BANKNIFTYWK20200PE,2020/06/01,10:09,521.2,529.9,521.2,529.9,420
BANKNIFTYWK20200PE,2020/06/01,10:10,530.65,530.65,514.4,515.55,880
BANKNIFTYWK20200PE,2020/06/01,10:11,511.2,520.95,510,519.05,500
BANKNIFTYWK20200PE,2020/06/01,10:12,519.1,535,519.1,523.7,800
BANKNIFTYWK20200PE,2020/06/01,10:13,532.25,539.95,531.05,531.85,800
BANKNIFTYWK20200PE,2020/06/01,10:14,535.6,535.6,523.85,524,600
BANKNIFTYWK20200PE,2020/06/01,10:15,531.3,538.65,530.4,533.5,1200
BANKNIFTYWK20200PE,2020/06/01,10:16,534.35,555,534.35,555,1920
BANKNIFTYWK20200PE,2020/06/01,10:17,553.95,555,543.35,543.35,820
BANKNIFTYWK20200PE,2020/06/01,10:18,544.95,567.5,544.9,567.5,1980
BANKNIFTYWK20200PE,2020/06/01,10:19,568.3,590.05,565.1,565.1,2440
BANKNIFTYWK20200PE,2020/06/01,10:20,565.1,570.9,555.1,570.2,1220
BANKNIFTYWK20200PE,2020/06/01,10:21,569.6,583.5,568.9,583.5,800
BANKNIFTYWK20200PE,2020/06/01,10:22,579.45,579.45,561.35,561.85,1000
BANKNIFTYWK20200PE,2020/06/01,10:23,556.2,560.5,553.35,555.5,620
BANKNIFTYWK20200PE,2020/06/01,10:24,561,570,561,570,320
BANKNIFTYWK20200PE,2020/06/01,10:25,571.55,575.45,564.4,564.45,1040
BANKNIFTYWK20200PE,2020/06/01,10:26,563.3,565,560.05,564.4,280
BANKNIFTYWK20200PE,2020/06/01,10:27,568.35,569,567.4,569,880
BANKNIFTYWK20200PE,2020/06/01,10:28,559.55,560.6,550.95,551.65,520
BANKNIFTYWK20200PE,2020/06/01,10:29,554,555,535,535,1900
BANKNIFTYWK20200PE,2020/06/01,10:30,535,544.75,535,537.8,860
BANKNIFTYWK20200PE,2020/06/01,10:31,543.75,544.15,536.5,539.65,400
BANKNIFTYWK20200PE,2020/06/01,10:32,539.7,539.7,539.7,539.7,20
BANKNIFTYWK20200PE,2020/06/01,10:33,547.95,559.2,547.95,557.15,360
BANKNIFTYWK20200PE,2020/06/01,10:34,558.9,558.9,546.65,553.85,220
BANKNIFTYWK20200PE,2020/06/01,10:35,559.65,572.95,559.65,565.7,380
BANKNIFTYWK20200PE,2020/06/01,10:36,571.75,580,571.75,580,1380
BANKNIFTYWK20200PE,2020/06/01,10:37,582.8,582.8,566.65,569.25,640
BANKNIFTYWK20200PE,2020/06/01,10:38,575.2,575.2,561.7,564.35,300
BANKNIFTYWK20200PE,2020/06/01,10:39,566.75,566.75,555.35,555.35,60
BANKNIFTYWK20200PE,2020/06/01,10:40,554.3,558.65,554.05,558.65,80
BANKNIFTYWK20200PE,2020/06/01,10:41,558.65,565.35,558,558,140
BANKNIFTYWK20200PE,2020/06/01,10:42,564.6,564.6,560.85,561.05,80
BANKNIFTYWK20200PE,2020/06/01,10:43,561.05,565.25,561.05,565.25,140
BANKNIFTYWK20200PE,2020/06/01,10:44,556.05,556.05,546.05,550,580
BANKNIFTYWK20200PE,2020/06/01,10:45,549.75,549.75,538,538,540
BANKNIFTYWK20200PE,2020/06/01,10:46,541.6,557.4,541.6,557.4,300
BANKNIFTYWK20200PE,2020/06/01,10:47,557.4,557.4,552,552,120
BANKNIFTYWK20200PE,2020/06/01,10:48,551.35,551.35,551.35,551.35,20
BANKNIFTYWK20200PE,2020/06/01,10:49,554.3,555,553.15,554.35,280
BANKNIFTYWK20200PE,2020/06/01,10:50,542,543.45,536.95,536.95,160
BANKNIFTYWK20200PE,2020/06/01,10:51,539.2,539.2,524.75,527,1040
BANKNIFTYWK20200PE,2020/06/01,10:52,528.75,528.75,512.8,523.35,860
BANKNIFTYWK20200PE,2020/06/01,10:53,526.7,530.05,525.05,525.05,360
BANKNIFTYWK20200PE,2020/06/01,10:54,529,529,523.6,528,740
BANKNIFTYWK20200PE,2020/06/01,10:55,529.2,537.05,529.2,536.75,240
BANKNIFTYWK20200PE,2020/06/01,10:56,536.9,537.15,533.65,534.35,320
BANKNIFTYWK20200PE,2020/06/01,10:57,538.85,544,537.05,539.3,280
BANKNIFTYWK20200PE,2020/06/01,10:58,539.3,546.85,539.3,542.75,620
BANKNIFTYWK20200PE,2020/06/01,10:59,542.85,542.85,528.9,528.9,340
BANKNIFTYWK20200PE,2020/06/01,11:00,540.5,545.5,540.15,545.5,100
BANKNIFTYWK20200PE,2020/06/01,11:01,545.5,557.65,545.5,557.2,8500
BANKNIFTYWK20200PE,2020/06/01,11:02,559.5,565,556.85,559.6,5040
BANKNIFTYWK20200PE,2020/06/01,11:03,559.7,562.55,548.55,549.75,760
BANKNIFTYWK20200PE,2020/06/01,11:04,548.75,552.05,548.4,548.4,200
BANKNIFTYWK20200PE,2020/06/01,11:05,554.1,559.75,553.2,555,320
BANKNIFTYWK20200PE,2020/06/01,11:06,551.2,554,549.65,554,460
BANKNIFTYWK20200PE,2020/06/01,11:07,546.45,549.6,545.25,545.25,300
BANKNIFTYWK20200PE,2020/06/01,11:08,549.5,549.5,544,548,440
BANKNIFTYWK20200PE,2020/06/01,11:09,551.2,551.2,530,532.75,400
BANKNIFTYWK20200PE,2020/06/01,11:10,535,542.25,535,542.25,300
BANKNIFTYWK20200PE,2020/06/01,11:11,546.65,551.3,546.65,548.65,360
BANKNIFTYWK20200PE,2020/06/01,11:12,552.7,557.3,552.7,555.7,400
BANKNIFTYWK20200PE,2020/06/01,11:13,555.7,555.7,549.55,549.55,8160
BANKNIFTYWK20200PE,2020/06/01,11:14,560,564.6,560,561.15,140
BANKNIFTYWK20200PE,2020/06/01,11:15,563.8,564.15,557.85,559.8,180
BANKNIFTYWK20200PE,2020/06/01,11:16,558.5,559,550.1,554.4,2660
BANKNIFTYWK20200PE,2020/06/01,11:17,558,570,558,567.9,7040
BANKNIFTYWK20200PE,2020/06/01,11:18,558.4,564.85,558.4,560,380
BANKNIFTYWK20200PE,2020/06/01,11:19,560.7,566.3,560.6,564,500
BANKNIFTYWK20200PE,2020/06/01,11:20,560.05,560.05,551,553.35,560
BANKNIFTYWK20200PE,2020/06/01,11:21,555.8,555.8,551.9,551.9,100
BANKNIFTYWK20200PE,2020/06/01,11:22,549.1,556,549.1,556,460
BANKNIFTYWK20200PE,2020/06/01,11:23,550,550,548.85,548.85,60
BANKNIFTYWK20200PE,2020/06/01,11:24,553.05,555.95,553.05,555.95,40
BANKNIFTYWK20200PE,2020/06/01,11:25,549.2,549.2,538.65,541.4,760
BANKNIFTYWK20200PE,2020/06/01,11:26,541.45,551.4,541.45,551.4,360
BANKNIFTYWK20200PE,2020/06/01,11:27,551.3,556.9,551.3,556.9,80
BANKNIFTYWK20200PE,2020/06/01,11:28,562.45,562.9,560,562.25,220
BANKNIFTYWK20200PE,2020/06/01,11:29,562.4,562.4,552.4,552.4,120
BANKNIFTYWK20200PE,2020/06/01,11:30,557.8,557.8,546.7,546.7,340
BANKNIFTYWK20200PE,2020/06/01,11:31,554.5,556.6,554.5,556.6,40
BANKNIFTYWK20200PE,2020/06/01,11:32,558.85,558.85,558.6,558.6,40
BANKNIFTYWK20200PE,2020/06/01,11:33,552.3,555.85,549,550.65,860
BANKNIFTYWK20200PE,2020/06/01,11:34,555.3,562.7,555.3,561.2,280
BANKNIFTYWK20200PE,2020/06/01,11:35,547,550,547,550,120
BANKNIFTYWK20200PE,2020/06/01,11:36,541.25,541.25,509.5,515.1,2920
BANKNIFTYWK20200PE,2020/06/01,11:37,521.85,521.85,516.1,520.75,560
BANKNIFTYWK20200PE,2020/06/01,11:38,523.05,528.8,523.05,528.8,200
BANKNIFTYWK20200PE,2020/06/01,11:39,528.8,534.15,528.8,532.4,180
BANKNIFTYWK20200PE,2020/06/01,11:40,532.4,539.35,532.4,532.4,320
BANKNIFTYWK20200PE,2020/06/01,11:41,532.4,536,532.25,534.5,480
BANKNIFTYWK20200PE,2020/06/01,11:42,534.2,539.55,533.85,533.85,100
BANKNIFTYWK20200PE,2020/06/01,11:43,534,538.2,528.15,528.15,340
BANKNIFTYWK20200PE,2020/06/01,11:44,528.15,533.05,525.15,528,1400
BANKNIFTYWK20200PE,2020/06/01,11:45,520.4,522.6,505.15,520.25,10700
BANKNIFTYWK20200PE,2020/06/01,11:46,520.25,530.1,520.25,528.3,380
BANKNIFTYWK20200PE,2020/06/01,11:47,541.4,541.45,541.4,541.45,320
BANKNIFTYWK20200PE,2020/06/01,11:48,540.1,540.1,538.6,538.6,280
BANKNIFTYWK20200PE,2020/06/01,11:49,538.6,545,538,544.7,1300
BANKNIFTYWK20200PE,2020/06/01,11:50,552.25,559.8,549.7,549.7,1160
BANKNIFTYWK20200PE,2020/06/01,11:51,549.2,549.2,542,542,80
BANKNIFTYWK20200PE,2020/06/01,11:52,552.85,552.85,552.85,552.85,120
BANKNIFTYWK20200PE,2020/06/01,11:53,548.5,548.5,542.5,545,200
BANKNIFTYWK20200PE,2020/06/01,11:54,545.05,545.05,541.6,541.6,180
BANKNIFTYWK20200PE,2020/06/01,11:55,541.6,541.6,535,535,160
BANKNIFTYWK20200PE,2020/06/01,11:56,533.6,539,521.6,522.8,900
BANKNIFTYWK20200PE,2020/06/01,11:57,522.35,527.1,522,526,1740
BANKNIFTYWK20200PE,2020/06/01,11:58,537.15,537.15,537.15,537.15,40
BANKNIFTYWK20200PE,2020/06/01,11:59,537.05,542.85,537.05,542.85,700
BANKNIFTYWK20200PE,2020/06/01,12:00,542.85,542.85,522,522,800
BANKNIFTYWK20200PE,2020/06/01,12:01,528.35,536.9,524.6,536.9,140
BANKNIFTYWK20200PE,2020/06/01,12:02,539.35,539.35,539.35,539.35,60
BANKNIFTYWK20200PE,2020/06/01,12:03,533,540.9,533,540.9,400
BANKNIFTYWK20200PE,2020/06/01,12:04,538.3,538.3,535,535,140
BANKNIFTYWK20200PE,2020/06/01,12:06,531,531,515.95,515.95,200
BANKNIFTYWK20200PE,2020/06/01,12:07,518.7,527.3,518.7,520.95,480
BANKNIFTYWK20200PE,2020/06/01,12:08,520.95,520.95,511.6,515.05,1040
BANKNIFTYWK20200PE,2020/06/01,12:09,514.75,514.75,480,498.1,4520
BANKNIFTYWK20200PE,2020/06/01,12:10,500,515.8,500,509.55,2300
BANKNIFTYWK20200PE,2020/06/01,12:11,511.75,517.25,507.95,510.35,1240
BANKNIFTYWK20200PE,2020/06/01,12:12,510.35,510.35,503.25,506.6,1520
BANKNIFTYWK20200PE,2020/06/01,12:13,501.9,519.65,501.9,502.8,1540
BANKNIFTYWK20200PE,2020/06/01,12:14,507.05,509.95,502.15,503.4,1780
BANKNIFTYWK20200PE,2020/06/01,12:15,503.75,505.35,462.15,479.45,9480
BANKNIFTYWK20200PE,2020/06/01,12:16,479.45,482.9,472.5,480,5080
BANKNIFTYWK20200PE,2020/06/01,12:17,477.8,482.8,465.05,481.4,5700
BANKNIFTYWK20200PE,2020/06/01,12:18,481.4,492.95,475,492.95,4840
BANKNIFTYWK20200PE,2020/06/01,12:19,490,507.25,487.35,496.25,5460
BANKNIFTYWK20200PE,2020/06/01,12:20,501.3,505,490,504.85,2480
BANKNIFTYWK20200PE,2020/06/01,12:21,505,510,494.2,507.45,2240
BANKNIFTYWK20200PE,2020/06/01,12:22,511,511,497.45,506.15,1820
BANKNIFTYWK20200PE,2020/06/01,12:23,505.6,507.95,498.15,501.2,4380
BANKNIFTYWK20200PE,2020/06/01,12:24,501.2,501.2,491,491,1320
BANKNIFTYWK20200PE,2020/06/01,12:25,492,506.15,492,506.15,1220
BANKNIFTYWK20200PE,2020/06/01,12:26,506,507.95,498,503.55,2460
BANKNIFTYWK20200PE,2020/06/01,12:27,505.3,525.9,503.85,516.9,5460
BANKNIFTYWK20200PE,2020/06/01,12:28,517.85,529.05,514,524.05,4300
BANKNIFTYWK20200PE,2020/06/01,12:29,525.65,525.65,511.15,523.9,4680
BANKNIFTYWK20200PE,2020/06/01,12:30,517.9,521.8,510,518.2,1540
BANKNIFTYWK20200PE,2020/06/01,12:31,518.2,528.15,518.2,527.15,1320
BANKNIFTYWK20200PE,2020/06/01,12:32,517.6,526.95,511,515.65,3200
BANKNIFTYWK20200PE,2020/06/01,12:33,510,519.45,504.25,519.45,2180
BANKNIFTYWK20200PE,2020/06/01,12:34,523.7,524.65,515.45,517.25,1100
BANKNIFTYWK20200PE,2020/06/01,12:35,515.65,520,512.15,518.6,820
BANKNIFTYWK20200PE,2020/06/01,12:36,519.25,523.85,517.95,517.95,1360
BANKNIFTYWK20200PE,2020/06/01,12:37,518.7,524.4,518.7,521.2,600
BANKNIFTYWK20200PE,2020/06/01,12:38,524.4,528.85,523.4,525,2480
BANKNIFTYWK20200PE,2020/06/01,12:39,522.7,525.75,513.7,518.8,1840
BANKNIFTYWK20200PE,2020/06/01,12:40,518.8,532,514,520.7,2100
BANKNIFTYWK20200PE,2020/06/01,12:41,525,528.6,520,525.15,1480
BANKNIFTYWK20200PE,2020/06/01,12:42,526.45,526.45,516.95,519.55,320
BANKNIFTYWK20200PE,2020/06/01,12:43,520,554.45,520,554.45,5340
BANKNIFTYWK20200PE,2020/06/01,12:44,557.25,557.25,540,543.6,2880
BANKNIFTYWK20200PE,2020/06/01,12:45,544.2,546.85,536.85,546.85,1340
BANKNIFTYWK20200PE,2020/06/01,12:46,548,550,539.3,539.3,1940
BANKNIFTYWK20200PE,2020/06/01,12:47,544,545,532.85,544.35,1260
BANKNIFTYWK20200PE,2020/06/01,12:48,544.35,546.5,539.75,546.5,620
BANKNIFTYWK20200PE,2020/06/01,12:49,546.65,547.4,540,544.9,720
BANKNIFTYWK20200PE,2020/06/01,12:50,547,554,540,540,1420
BANKNIFTYWK20200PE,2020/06/01,12:51,538.2,538.2,499.45,525.15,5180
BANKNIFTYWK20200PE,2020/06/01,12:52,525,526.7,518.05,520.9,1180
BANKNIFTYWK20200PE,2020/06/01,12:53,516.8,523.65,511.25,516.85,1980
BANKNIFTYWK20200PE,2020/06/01,12:54,520.2,522.55,510,513.95,1620
BANKNIFTYWK20200PE,2020/06/01,12:55,517.1,521.2,514.4,516.4,1840
BANKNIFTYWK20200PE,2020/06/01,12:56,516.7,516.7,505.3,506.6,1420
BANKNIFTYWK20200PE,2020/06/01,12:57,506.6,518,506.6,513.45,1680
BANKNIFTYWK20200PE,2020/06/01,12:58,513.45,521.8,512.15,520,1700
BANKNIFTYWK20200PE,2020/06/01,12:59,522,523.9,514.1,518.05,960
BANKNIFTYWK20200PE,2020/06/01,13:00,516.5,517.55,506,510,580
BANKNIFTYWK20200PE,2020/06/01,13:01,518.8,531.95,514.95,521.3,1880
BANKNIFTYWK20200PE,2020/06/01,13:02,524.9,528.1,520.6,528.1,900
BANKNIFTYWK20200PE,2020/06/01,13:03,529.05,529.05,517,520.3,1260
BANKNIFTYWK20200PE,2020/06/01,13:04,520,520.1,508,514,3160
BANKNIFTYWK20200PE,2020/06/01,13:05,516.55,520.65,515,520,520
BANKNIFTYWK20200PE,2020/06/01,13:06,520,528.15,520,524.6,2680
BANKNIFTYWK20200PE,2020/06/01,13:07,523.5,527.35,520.15,524,820
BANKNIFTYWK20200PE,2020/06/01,13:08,520.05,525,520.05,523.5,220
BANKNIFTYWK20200PE,2020/06/01,13:09,523.65,527.55,520.75,521.9,360
BANKNIFTYWK20200PE,2020/06/01,13:10,524.4,524.4,512.1,515,1600
BANKNIFTYWK20200PE,2020/06/01,13:11,516.5,521.95,515.2,517.85,780
BANKNIFTYWK20200PE,2020/06/01,13:12,517.65,520.6,512.45,512.45,760
BANKNIFTYWK20200PE,2020/06/01,13:13,513.2,520.15,513.2,520.15,340
BANKNIFTYWK20200PE,2020/06/01,13:14,522,524,518.3,518.85,320
BANKNIFTYWK20200PE,2020/06/01,13:15,520.25,528.15,520.25,528.15,720
BANKNIFTYWK20200PE,2020/06/01,13:16,528.5,528.5,525.65,526.95,1240
BANKNIFTYWK20200PE,2020/06/01,13:17,524.5,526.7,520.15,522.9,300
BANKNIFTYWK20200PE,2020/06/01,13:18,523.35,528,519.7,519.9,1200
BANKNIFTYWK20200PE,2020/06/01,13:19,519.9,522.75,515,515,1200
BANKNIFTYWK20200PE,2020/06/01,13:20,516.35,526.95,515.85,526.95,420
BANKNIFTYWK20200PE,2020/06/01,13:21,523.1,523.9,523.05,523.7,260
BANKNIFTYWK20200PE,2020/06/01,13:22,527.4,539.55,527.4,531.75,2580
BANKNIFTYWK20200PE,2020/06/01,13:23,530.75,537.5,530,534.95,600
BANKNIFTYWK20200PE,2020/06/01,13:24,537.8,546,535,536.45,1880
BANKNIFTYWK20200PE,2020/06/01,13:25,539.35,551.25,539.35,545,2880
BANKNIFTYWK20200PE,2020/06/01,13:26,536.65,539.35,531,536.35,2020
BANKNIFTYWK20200PE,2020/06/01,13:27,536.35,536.35,523,523,2320
BANKNIFTYWK20200PE,2020/06/01,13:28,525.5,525.5,510.75,517.35,3460
BANKNIFTYWK20200PE,2020/06/01,13:29,517.35,527.2,515.4,515.4,1420
BANKNIFTYWK20200PE,2020/06/01,13:30,517.3,527.6,515.5,527.6,620
BANKNIFTYWK20200PE,2020/06/01,13:31,525,526.65,520,520,1240
BANKNIFTYWK20200PE,2020/06/01,13:32,526.95,526.95,514.15,516.15,1200
BANKNIFTYWK20200PE,2020/06/01,13:33,516,517.4,508.9,513,1840
BANKNIFTYWK20200PE,2020/06/01,13:34,512.8,518,511.85,518,1120
BANKNIFTYWK20200PE,2020/06/01,13:35,518,521.05,515,515.65,820
BANKNIFTYWK20200PE,2020/06/01,13:36,521,533,521,532.15,1180
BANKNIFTYWK20200PE,2020/06/01,13:37,529.25,553.95,527.4,553.95,3260
BANKNIFTYWK20200PE,2020/06/01,13:38,554.6,591,551.1,591,12140
BANKNIFTYWK20200PE,2020/06/01,13:39,589.7,614.65,579.6,614.65,7600
BANKNIFTYWK20200PE,2020/06/01,13:40,615,640.25,610.25,640.25,6160
BANKNIFTYWK20200PE,2020/06/01,13:41,654.15,657.55,626.35,643.55,4800
BANKNIFTYWK20200PE,2020/06/01,13:42,637.15,640.8,620,626.25,3720
BANKNIFTYWK20200PE,2020/06/01,13:43,621.35,626.35,598.85,616.8,2340
BANKNIFTYWK20200PE,2020/06/01,13:44,607.05,630,604.05,626.2,1000
BANKNIFTYWK20200PE,2020/06/01,13:45,628.15,692.95,628.1,677.7,4280
BANKNIFTYWK20200PE,2020/06/01,13:46,677.7,715.25,675.8,694.5,5400
BANKNIFTYWK20200PE,2020/06/01,13:47,700.2,713.8,688.05,688.95,2160
BANKNIFTYWK20200PE,2020/06/01,13:48,688.95,708,671,699.05,1940
BANKNIFTYWK20200PE,2020/06/01,13:49,701.35,706.1,641,642.9,1640
BANKNIFTYWK20200PE,2020/06/01,13:50,642.9,682.95,642.9,662.45,1300
BANKNIFTYWK20200PE,2020/06/01,13:51,662.45,674.9,643.1,646.15,440
BANKNIFTYWK20200PE,2020/06/01,13:52,653.35,677.95,653.35,677.95,1580
BANKNIFTYWK20200PE,2020/06/01,13:53,677.95,689.95,675.35,677.65,760
BANKNIFTYWK20200PE,2020/06/01,13:54,683.9,710.4,682,689.3,2080
BANKNIFTYWK20200PE,2020/06/01,13:55,681.05,696.6,681.05,690.1,740
BANKNIFTYWK20200PE,2020/06/01,13:56,671.15,671.15,640.95,664.15,940
BANKNIFTYWK20200PE,2020/06/01,13:57,664.15,664.15,620.05,620.05,900
BANKNIFTYWK20200PE,2020/06/01,13:58,617.25,654.5,617.25,648.05,1180
BANKNIFTYWK20200PE,2020/06/01,13:59,652.2,655.65,635.75,644.8,480
BANKNIFTYWK20200PE,2020/06/01,14:00,640,640,602.3,609.35,1260
BANKNIFTYWK20200PE,2020/06/01,14:01,609.25,622.55,608.7,619.9,1260
BANKNIFTYWK20200PE,2020/06/01,14:02,624.05,631.6,623.15,629.45,700
BANKNIFTYWK20200PE,2020/06/01,14:03,628,634.55,623.35,626,840
BANKNIFTYWK20200PE,2020/06/01,14:04,637.95,652.8,637.45,650.3,1080
BANKNIFTYWK20200PE,2020/06/01,14:05,652.95,680,652.95,671.55,5760
BANKNIFTYWK20200PE,2020/06/01,14:06,661.3,671,661.3,664.05,200
BANKNIFTYWK20200PE,2020/06/01,14:07,653.65,657.45,643,650.75,1480
BANKNIFTYWK20200PE,2020/06/01,14:08,649.6,650.45,645.6,647.45,380
BANKNIFTYWK20200PE,2020/06/01,14:09,644.4,670.85,642.3,664.35,420
BANKNIFTYWK20200PE,2020/06/01,14:10,666.9,672.9,656.8,662.5,1600
BANKNIFTYWK20200PE,2020/06/01,14:11,657.35,663.45,648.05,658.8,200
BANKNIFTYWK20200PE,2020/06/01,14:12,660.15,680.85,660.15,679.05,480
BANKNIFTYWK20200PE,2020/06/01,14:13,681.65,681.65,661.8,662.3,620
BANKNIFTYWK20200PE,2020/06/01,14:14,661.5,666.55,652,652,600
BANKNIFTYWK20200PE,2020/06/01,14:15,647.9,681.2,647.9,672.8,1480
BANKNIFTYWK20200PE,2020/06/01,14:16,674,676.65,667.3,671.5,460
BANKNIFTYWK20200PE,2020/06/01,14:17,660,661.7,650.2,654.35,280
BANKNIFTYWK20200PE,2020/06/01,14:18,665,670,661.05,667,440
BANKNIFTYWK20200PE,2020/06/01,14:19,667.7,667.7,656,656,440
BANKNIFTYWK20200PE,2020/06/01,14:20,648.15,648.15,610.05,628,1440
BANKNIFTYWK20200PE,2020/06/01,14:21,628,630,583.6,610.5,2460
BANKNIFTYWK20200PE,2020/06/01,14:22,610.5,622.4,610.5,612.7,760
BANKNIFTYWK20200PE,2020/06/01,14:23,615.7,621.95,602.75,603.35,980
BANKNIFTYWK20200PE,2020/06/01,14:24,603.35,612.35,601.1,612.35,580
BANKNIFTYWK20200PE,2020/06/01,14:25,612.35,622.45,606.05,622.45,200
BANKNIFTYWK20200PE,2020/06/01,14:26,616.1,620.95,588.3,589.1,1120
BANKNIFTYWK20200PE,2020/06/01,14:27,588.65,592.4,570.8,579.7,2340
BANKNIFTYWK20200PE,2020/06/01,14:28,579.7,598.9,575.35,592.35,1820
BANKNIFTYWK20200PE,2020/06/01,14:29,590.15,609.8,590.15,596,800
BANKNIFTYWK20200PE,2020/06/01,14:30,591,606.95,591,602.7,600
BANKNIFTYWK20200PE,2020/06/01,14:31,606,613.35,599.45,600.35,440
BANKNIFTYWK20200PE,2020/06/01,14:32,600.05,600.05,589.75,589.75,360
BANKNIFTYWK20200PE,2020/06/01,14:33,576,576.2,533.85,533.85,4240
BANKNIFTYWK20200PE,2020/06/01,14:34,544.1,554,538.5,554,580
BANKNIFTYWK20200PE,2020/06/01,14:35,553.3,568.8,550.55,568.8,460
BANKNIFTYWK20200PE,2020/06/01,14:36,569.15,576.85,545.85,552.95,1480
BANKNIFTYWK20200PE,2020/06/01,14:37,553.15,576,553.15,570.05,3440
BANKNIFTYWK20200PE,2020/06/01,14:38,570.05,575,561.3,561.3,1000
BANKNIFTYWK20200PE,2020/06/01,14:39,561.3,561.3,553,560,340
BANKNIFTYWK20200PE,2020/06/01,14:40,560,570.3,560,569.3,380
BANKNIFTYWK20200PE,2020/06/01,14:41,569.3,578.4,569.3,575,660
BANKNIFTYWK20200PE,2020/06/01,14:42,578.35,597.3,569.05,588.05,2140
BANKNIFTYWK20200PE,2020/06/01,14:43,588.05,613.7,587.9,591.55,1420
BANKNIFTYWK20200PE,2020/06/01,14:44,587.3,596.35,587.3,592,320
BANKNIFTYWK20200PE,2020/06/01,14:45,593.55,593.55,566.35,571.5,680
BANKNIFTYWK20200PE,2020/06/01,14:46,571.5,577,559.4,563.6,1340
BANKNIFTYWK20200PE,2020/06/01,14:47,563.6,570.15,561.55,561.55,160
BANKNIFTYWK20200PE,2020/06/01,14:48,561.55,581,561.55,566.6,1600
BANKNIFTYWK20200PE,2020/06/01,14:49,566.7,569,549.55,550.25,1580
BANKNIFTYWK20200PE,2020/06/01,14:50,551.85,552.8,534.35,549.1,1180
BANKNIFTYWK20200PE,2020/06/01,14:51,549.35,561.35,549.35,558.8,1520
BANKNIFTYWK20200PE,2020/06/01,14:52,558.5,571.9,558.2,559.5,620
BANKNIFTYWK20200PE,2020/06/01,14:53,570,570,556.75,561.55,1040
BANKNIFTYWK20200PE,2020/06/01,14:54,565,570.5,562.35,570.5,1360
BANKNIFTYWK20200PE,2020/06/01,14:55,573.2,579.7,566.95,576.65,840
BANKNIFTYWK20200PE,2020/06/01,14:56,575.35,575.35,555,561.15,1120
BANKNIFTYWK20200PE,2020/06/01,14:57,562.15,564,555,558.95,700
BANKNIFTYWK20200PE,2020/06/01,14:58,556.6,567.85,553,560.85,2000
BANKNIFTYWK20200PE,2020/06/01,14:59,567.35,586.75,563.55,583.6,1460
BANKNIFTYWK20200PE,2020/06/01,15:00,586.15,600,585.45,593.35,2020
BANKNIFTYWK20200PE,2020/06/01,15:01,585.5,585.5,555,569.1,980
BANKNIFTYWK20200PE,2020/06/01,15:02,569.15,572.25,560.95,560.95,1240
BANKNIFTYWK20200PE,2020/06/01,15:03,566.25,570.4,565.6,570.4,400
BANKNIFTYWK20200PE,2020/06/01,15:04,575,579.9,550,553.05,3520
BANKNIFTYWK20200PE,2020/06/01,15:05,550.55,558.7,550.55,558,920
BANKNIFTYWK20200PE,2020/06/01,15:06,560.95,568,558.25,568,1220
BANKNIFTYWK20200PE,2020/06/01,15:07,570,575,560.95,567.75,1020
BANKNIFTYWK20200PE,2020/06/01,15:08,563.75,563.75,552.25,561.1,880
BANKNIFTYWK20200PE,2020/06/01,15:09,561.9,561.9,553.65,559,820
BANKNIFTYWK20200PE,2020/06/01,15:10,559.65,567.25,558.4,559.25,1740
BANKNIFTYWK20200PE,2020/06/01,15:11,561.5,570.9,560.95,570.9,860
BANKNIFTYWK20200PE,2020/06/01,15:12,571.5,571.5,563.05,566.35,440
BANKNIFTYWK20200PE,2020/06/01,15:13,567.85,567.85,553.15,553.15,500
BANKNIFTYWK20200PE,2020/06/01,15:14,555,570,555,570,1380
BANKNIFTYWK20200PE,2020/06/01,15:15,567.7,573.75,565.45,570,2140
BANKNIFTYWK20200PE,2020/06/01,15:16,571.15,572.1,567.7,568.05,780
BANKNIFTYWK20200PE,2020/06/01,15:17,568.05,575.6,568.05,575.15,740
BANKNIFTYWK20200PE,2020/06/01,15:18,572,574.95,567.95,567.95,1260
BANKNIFTYWK20200PE,2020/06/01,15:19,573.65,575.95,568.35,575.95,1540
BANKNIFTYWK20200PE,2020/06/01,15:20,575,577.85,563.45,566.15,1520
BANKNIFTYWK20200PE,2020/06/01,15:21,563.45,568.8,559.4,563.75,2000
BANKNIFTYWK20200PE,2020/06/01,15:22,568,573.4,568,571.8,2420
BANKNIFTYWK20200PE,2020/06/01,15:23,573.2,575.1,570.5,573.3,1320
BANKNIFTYWK20200PE,2020/06/01,15:24,573.95,573.95,566.75,566.8,500
BANKNIFTYWK20200PE,2020/06/01,15:25,565.9,569,555.75,566.75,1720
BANKNIFTYWK20200PE,2020/06/01,15:26,565.95,570.7,565.95,566.15,820
BANKNIFTYWK20200PE,2020/06/01,15:27,565,568.5,564.05,566,1000
BANKNIFTYWK20200PE,2020/06/01,15:28,566,567,562.75,567,1680
BANKNIFTYWK20200PE,2020/06/01,15:29,569,575,551.65,571,1220
BANKNIFTYWK20200PE,2020/06/02,09:15,484.3,623,476.55,602.95,5760
BANKNIFTYWK20200PE,2020/06/02,09:16,600.05,639.95,592.25,611.65,10860
BANKNIFTYWK20200PE,2020/06/02,09:17,610,625.6,588.8,625.6,6400
BANKNIFTYWK20200PE,2020/06/02,09:18,626.95,649.95,625.15,630.5,5120
BANKNIFTYWK20200PE,2020/06/02,09:19,639.55,639.55,600.15,615.05,3100
BANKNIFTYWK20200PE,2020/06/02,09:20,610.35,640,602.05,625,2400
BANKNIFTYWK20200PE,2020/06/02,09:21,620.05,620.05,573.15,590.45,4840
BANKNIFTYWK20200PE,2020/06/02,09:22,590.45,596.05,545.6,565.15,5720
BANKNIFTYWK20200PE,2020/06/02,09:23,565.15,565.15,523.95,526.1,5920
BANKNIFTYWK20200PE,2020/06/02,09:24,528.1,550.5,525,538.05,3160
BANKNIFTYWK20200PE,2020/06/02,09:25,538.05,547.75,499.1,507.55,5480
BANKNIFTYWK20200PE,2020/06/02,09:26,506.15,510,480,493.45,6840
BANKNIFTYWK20200PE,2020/06/02,09:27,499.75,518.7,493,507.5,6900
BANKNIFTYWK20200PE,2020/06/02,09:28,509.75,523.85,502.05,517.85,4040
BANKNIFTYWK20200PE,2020/06/02,09:29,517.85,517.85,468,479.3,6520
BANKNIFTYWK20200PE,2020/06/02,09:30,480.7,503.25,480.15,498.4,2940
BANKNIFTYWK20200PE,2020/06/02,09:31,499.95,512.95,490,498,4180
BANKNIFTYWK20200PE,2020/06/02,09:32,498,519.3,498,516.5,3360
BANKNIFTYWK20200PE,2020/06/02,09:33,519.85,533.3,498.7,503.2,6060
BANKNIFTYWK20200PE,2020/06/02,09:34,504.95,504.95,479.95,483.85,3440
BANKNIFTYWK20200PE,2020/06/02,09:35,477.25,477.25,444,467.65,8140
BANKNIFTYWK20200PE,2020/06/02,09:36,469,469,434.25,438.8,10240
BANKNIFTYWK20200PE,2020/06/02,09:37,440,465.05,435.9,460.65,4420
BANKNIFTYWK20200PE,2020/06/02,09:38,460.65,477.05,460.65,473.6,3480
BANKNIFTYWK20200PE,2020/06/02,09:39,475.8,475.8,454.7,456.85,3500
BANKNIFTYWK20200PE,2020/06/02,09:40,459.5,463.1,450,459,2660
BANKNIFTYWK20200PE,2020/06/02,09:41,459,459,415.15,418.6,7900
BANKNIFTYWK20200PE,2020/06/02,09:42,417.8,430.2,412,420,6880
BANKNIFTYWK20200PE,2020/06/02,09:43,420,420,396.65,402.55,10020
BANKNIFTYWK20200PE,2020/06/02,09:44,405,407.9,390.1,406.65,7320
BANKNIFTYWK20200PE,2020/06/02,09:45,407.85,420.9,401.4,416,8980
BANKNIFTYWK20200PE,2020/06/02,09:46,413.05,422.15,401,422.15,3740
BANKNIFTYWK20200PE,2020/06/02,09:47,422.95,449.05,417.6,423.5,9120
BANKNIFTYWK20200PE,2020/06/02,09:48,423.75,442.65,422.1,433.55,6400
BANKNIFTYWK20200PE,2020/06/02,09:49,433.55,437,425,432.7,3160
BANKNIFTYWK20200PE,2020/06/02,09:50,432.7,448.65,430.2,445.8,6520
BANKNIFTYWK20200PE,2020/06/02,09:51,445.35,447,426.15,429,5780
BANKNIFTYWK20200PE,2020/06/02,09:52,429.1,446.7,429.1,438.3,6200
BANKNIFTYWK20200PE,2020/06/02,09:53,440.3,440.3,420.2,422.8,4640
BANKNIFTYWK20200PE,2020/06/02,09:54,423.95,429.05,405.75,405.95,4520
BANKNIFTYWK20200PE,2020/06/02,09:55,401.4,410,399.3,410,9920
BANKNIFTYWK20200PE,2020/06/02,09:56,411.5,425.95,411.1,418.15,4900
BANKNIFTYWK20200PE,2020/06/02,09:57,419.05,419.05,399.55,408.45,5980
BANKNIFTYWK20200PE,2020/06/02,09:58,408.45,411.65,399.2,407,3960
BANKNIFTYWK20200PE,2020/06/02,09:59,406.35,413.9,400.05,408,3820
BANKNIFTYWK20200PE,2020/06/02,10:00,407,411.4,400,400.35,5060
BANKNIFTYWK20200PE,2020/06/02,10:01,400.85,426.85,400.5,417,11620
BANKNIFTYWK20200PE,2020/06/02,10:02,419.95,432.15,411,430.55,12200
BANKNIFTYWK20200PE,2020/06/02,10:03,429.7,445,419.15,445,9100
BANKNIFTYWK20200PE,2020/06/02,10:04,445.95,445.95,430.8,439.05,7660
BANKNIFTYWK20200PE,2020/06/02,10:05,443.9,461.6,441.05,458.1,16860
BANKNIFTYWK20200PE,2020/06/02,10:06,456.3,458.4,439.85,445.05,7980
BANKNIFTYWK20200PE,2020/06/02,10:07,443.4,451.05,432.25,434.25,7340
BANKNIFTYWK20200PE,2020/06/02,10:08,433.6,445.1,433.35,445.1,3560
BANKNIFTYWK20200PE,2020/06/02,10:09,445.1,458,444.2,454.9,5580
BANKNIFTYWK20200PE,2020/06/02,10:10,453.25,468.1,453.25,459,6400
BANKNIFTYWK20200PE,2020/06/02,10:11,464.2,475,456.45,459,8540
BANKNIFTYWK20200PE,2020/06/02,10:12,458.3,459.75,447.95,451.4,4040
BANKNIFTYWK20200PE,2020/06/02,10:13,455,483.2,454.5,478.35,6380
BANKNIFTYWK20200PE,2020/06/02,10:14,478.5,478.5,461.05,475,6540
BANKNIFTYWK20200PE,2020/06/02,10:15,473.45,494.15,473.45,490,8320
BANKNIFTYWK20200PE,2020/06/02,10:16,487.8,488.6,475.45,479.75,4340
BANKNIFTYWK20200PE,2020/06/02,10:17,482.05,493.5,479.5,483.1,6380
BANKNIFTYWK20200PE,2020/06/02,10:18,480.05,480.05,464.15,476.7,7120
BANKNIFTYWK20200PE,2020/06/02,10:19,478.6,495.15,477.85,495,7920
BANKNIFTYWK20200PE,2020/06/02,10:20,494.2,529.8,494.2,516.4,15560
BANKNIFTYWK20200PE,2020/06/02,10:21,517.15,526.95,513.1,521.4,10300
BANKNIFTYWK20200PE,2020/06/02,10:22,520.25,523.75,508.45,508.45,4700
BANKNIFTYWK20200PE,2020/06/02,10:23,508.45,535,505.45,532.95,9620
BANKNIFTYWK20200PE,2020/06/02,10:24,531.6,537,524.15,524.15,6360
BANKNIFTYWK20200PE,2020/06/02,10:25,523.2,532.5,497.05,498.5,7320
BANKNIFTYWK20200PE,2020/06/02,10:26,500.8,507.25,492.65,501.8,2680
BANKNIFTYWK20200PE,2020/06/02,10:27,500.35,512.4,500,505,3640
BANKNIFTYWK20200PE,2020/06/02,10:28,509.2,520,506.55,517,1820
BANKNIFTYWK20200PE,2020/06/02,10:29,517,518.05,503.55,509.1,1780
BANKNIFTYWK20200PE,2020/06/02,10:30,509.1,515.4,489.95,490,4240
BANKNIFTYWK20200PE,2020/06/02,10:31,490.5,490.5,472.95,488.05,5300
BANKNIFTYWK20200PE,2020/06/02,10:32,485.65,499.6,485,490.45,2480
BANKNIFTYWK20200PE,2020/06/02,10:33,493.5,505.95,493.5,505.95,1120
BANKNIFTYWK20200PE,2020/06/02,10:34,504.95,513.15,497.45,510.65,1300
BANKNIFTYWK20200PE,2020/06/02,10:35,502.05,503.35,495,498.3,780
BANKNIFTYWK20200PE,2020/06/02,10:36,495.45,502.65,492.9,494.7,1440
BANKNIFTYWK20200PE,2020/06/02,10:37,494.7,497.65,489.5,491.7,1220
BANKNIFTYWK20200PE,2020/06/02,10:38,491.7,493.55,484,488,1200
BANKNIFTYWK20200PE,2020/06/02,10:39,487,495,475,493.5,3080
BANKNIFTYWK20200PE,2020/06/02,10:40,494.5,494.5,481.65,486.45,660
BANKNIFTYWK20200PE,2020/06/02,10:41,486.45,495,479.2,493.95,1320
BANKNIFTYWK20200PE,2020/06/02,10:42,493.95,508.2,493.95,495,3580
BANKNIFTYWK20200PE,2020/06/02,10:43,498.8,504.35,495.2,504.35,1160
BANKNIFTYWK20200PE,2020/06/02,10:44,506.3,510,495.7,497.45,940
BANKNIFTYWK20200PE,2020/06/02,10:45,494,494,475,483.8,4400
BANKNIFTYWK20200PE,2020/06/02,10:46,482,485.4,459.95,460.25,6320
BANKNIFTYWK20200PE,2020/06/02,10:47,462.5,469.95,455.9,465.5,3840
BANKNIFTYWK20200PE,2020/06/02,10:48,467.1,478.15,464.2,473.55,5760
BANKNIFTYWK20200PE,2020/06/02,10:49,475.05,478.9,460.15,460.15,1200
BANKNIFTYWK20200PE,2020/06/02,10:50,463,477.65,461,477.4,1020
BANKNIFTYWK20200PE,2020/06/02,10:51,477.4,483.55,474.35,480.7,1320
BANKNIFTYWK20200PE,2020/06/02,10:52,481.75,484,472.25,484,1900
BANKNIFTYWK20200PE,2020/06/02,10:53,484,488.55,479.35,481.3,1040
BANKNIFTYWK20200PE,2020/06/02,10:54,475.9,484.65,470.7,484.65,2660
BANKNIFTYWK20200PE,2020/06/02,10:55,476.8,486.85,476.8,485.05,580
BANKNIFTYWK20200PE,2020/06/02,10:56,484.35,498.95,484.35,493,3380
BANKNIFTYWK20200PE,2020/06/02,10:57,493.85,500,492.85,495.5,1040
BANKNIFTYWK20200PE,2020/06/02,10:58,495.5,500.8,488.9,488.9,1300
BANKNIFTYWK20200PE,2020/06/02,10:59,489.55,497.9,489.55,492.65,620
BANKNIFTYWK20200PE,2020/06/02,11:00,494.8,510,494.25,508.25,2140
BANKNIFTYWK20200PE,2020/06/02,11:01,508.25,512.5,500.8,506.35,2600
BANKNIFTYWK20200PE,2020/06/02,11:02,505,505,483.75,484,2580
BANKNIFTYWK20200PE,2020/06/02,11:03,487.25,487.25,477.2,484,2360
BANKNIFTYWK20200PE,2020/06/02,11:04,482,482,470.05,472.3,3560
BANKNIFTYWK20200PE,2020/06/02,11:05,474.2,474.2,451.9,463.55,5360
BANKNIFTYWK20200PE,2020/06/02,11:06,463.45,466.5,453.3,457.8,4180
BANKNIFTYWK20200PE,2020/06/02,11:07,456.8,473.1,456.8,470,2000
BANKNIFTYWK20200PE,2020/06/02,11:08,470,471.15,460.25,470.2,1640
BANKNIFTYWK20200PE,2020/06/02,11:09,471.1,475.6,458.15,461.85,2000
BANKNIFTYWK20200PE,2020/06/02,11:10,464.2,474.2,464.2,471.4,1400
BANKNIFTYWK20200PE,2020/06/02,11:11,470.6,475,465,470.15,900
BANKNIFTYWK20200PE,2020/06/02,11:12,468,470.7,462,462,620
BANKNIFTYWK20200PE,2020/06/02,11:13,467.55,476.5,465.2,474.9,620
BANKNIFTYWK20200PE,2020/06/02,11:14,475.85,487.75,475.7,484.5,1400
BANKNIFTYWK20200PE,2020/06/02,11:15,481.45,489,477,477,1200
BANKNIFTYWK20200PE,2020/06/02,11:16,473.5,473.75,464.25,469.35,1360
BANKNIFTYWK20200PE,2020/06/02,11:17,469.45,472,469.25,471.1,500
BANKNIFTYWK20200PE,2020/06/02,11:18,474.55,485,474.55,478.6,780
BANKNIFTYWK20200PE,2020/06/02,11:19,484.7,489.3,480.25,489.3,880
BANKNIFTYWK20200PE,2020/06/02,11:20,489.3,495.95,481,485.25,3460
BANKNIFTYWK20200PE,2020/06/02,11:21,484.85,487.3,480,480,1020
BANKNIFTYWK20200PE,2020/06/02,11:22,476.6,490,476.6,487,620
BANKNIFTYWK20200PE,2020/06/02,11:23,487,487.3,479.4,485,420
BANKNIFTYWK20200PE,2020/06/02,11:24,482.1,505,482.1,499.1,2100
BANKNIFTYWK20200PE,2020/06/02,11:25,500.9,507.6,484.7,489.45,2440
BANKNIFTYWK20200PE,2020/06/02,11:26,489.2,489.2,484.55,486.1,460
BANKNIFTYWK20200PE,2020/06/02,11:27,487.1,494.25,480.65,483.25,1840
BANKNIFTYWK20200PE,2020/06/02,11:28,483.25,484.3,465,466.85,3120
BANKNIFTYWK20200PE,2020/06/02,11:29,469.7,470.35,463.6,467.65,1040
BANKNIFTYWK20200PE,2020/06/02,11:30,467.65,467.65,452,460,3420
BANKNIFTYWK20200PE,2020/06/02,11:31,460,467.1,457.15,466.8,1840
BANKNIFTYWK20200PE,2020/06/02,11:32,466.8,473.7,459,472.3,1460
BANKNIFTYWK20200PE,2020/06/02,11:33,472.3,493.5,472.3,482.55,2580
BANKNIFTYWK20200PE,2020/06/02,11:34,478.65,483.25,471.1,471.1,2080
BANKNIFTYWK20200PE,2020/06/02,11:35,472.8,482.3,472.8,477.9,980
BANKNIFTYWK20200PE,2020/06/02,11:36,479.85,487,476.15,476.15,520
BANKNIFTYWK20200PE,2020/06/02,11:37,482.15,484.15,474.65,484.15,360
BANKNIFTYWK20200PE,2020/06/02,11:38,484.4,485,479.75,482,1060
BANKNIFTYWK20200PE,2020/06/02,11:39,485,487.2,473.95,486.5,1460
BANKNIFTYWK20200PE,2020/06/02,11:40,486.5,487,475.15,475.95,460
BANKNIFTYWK20200PE,2020/06/02,11:41,479.75,492.2,479.75,492.2,920
BANKNIFTYWK20200PE,2020/06/02,11:42,489.6,489.6,472.5,474.9,900
BANKNIFTYWK20200PE,2020/06/02,11:43,473.3,479.55,469.95,470,780
BANKNIFTYWK20200PE,2020/06/02,11:44,470,473.8,463.8,473.8,1480
BANKNIFTYWK20200PE,2020/06/02,11:45,477.05,483,474.4,480,940
BANKNIFTYWK20200PE,2020/06/02,11:46,478.85,483.75,472.95,474.5,880
BANKNIFTYWK20200PE,2020/06/02,11:47,475.1,486,475.1,481.5,1200
BANKNIFTYWK20200PE,2020/06/02,11:48,481.5,487,480,487,620
BANKNIFTYWK20200PE,2020/06/02,11:49,488,489.75,477,480,1100
BANKNIFTYWK20200PE,2020/06/02,11:50,480,485.2,479.65,480.05,760
BANKNIFTYWK20200PE,2020/06/02,11:51,480,489.4,480,487.8,1180
BANKNIFTYWK20200PE,2020/06/02,11:52,487.8,487.8,480.2,486,220
BANKNIFTYWK20200PE,2020/06/02,11:53,479.9,481.05,476.15,479.85,960
BANKNIFTYWK20200PE,2020/06/02,11:54,476.9,483.9,475,483.9,500
BANKNIFTYWK20200PE,2020/06/02,11:55,483.9,487.4,480.75,480.75,840
BANKNIFTYWK20200PE,2020/06/02,11:56,480.75,484.95,464.25,472.7,2140
BANKNIFTYWK20200PE,2020/06/02,11:57,470.4,475,465.85,475,1280
BANKNIFTYWK20200PE,2020/06/02,11:58,475,480,475,480,480
BANKNIFTYWK20200PE,2020/06/02,11:59,477.2,477.2,457,461.7,4500
BANKNIFTYWK20200PE,2020/06/02,12:00,465.55,468.15,463,464.7,1260
BANKNIFTYWK20200PE,2020/06/02,12:01,464.7,472,463.9,467.1,740
BANKNIFTYWK20200PE,2020/06/02,12:02,470.15,475.9,470.15,475.9,180
BANKNIFTYWK20200PE,2020/06/02,12:03,476,476,461,461,960
BANKNIFTYWK20200PE,2020/06/02,12:04,461,461,411.9,420.6,14980
BANKNIFTYWK20200PE,2020/06/02,12:05,420.6,422.2,377.1,385.55,15200
BANKNIFTYWK20200PE,2020/06/02,12:06,390.9,395.9,379.3,393.2,12320
BANKNIFTYWK20200PE,2020/06/02,12:07,391.6,404.1,389.8,402,7320
BANKNIFTYWK20200PE,2020/06/02,12:08,402,402,390.15,390.3,5720
BANKNIFTYWK20200PE,2020/06/02,12:09,391.85,403.05,390.25,391.4,4240
BANKNIFTYWK20200PE,2020/06/02,12:10,392.5,410.6,392.5,405.25,4460
BANKNIFTYWK20200PE,2020/06/02,12:11,404.5,409.45,398.75,407.1,3560
BANKNIFTYWK20200PE,2020/06/02,12:12,407.1,407.1,398,400,5140
BANKNIFTYWK20200PE,2020/06/02,12:13,400,408,399,401.1,3220
BANKNIFTYWK20200PE,2020/06/02,12:14,403.9,407.45,398.15,400.5,2380
BANKNIFTYWK20200PE,2020/06/02,12:15,400.5,403.75,391,391,5040
BANKNIFTYWK20200PE,2020/06/02,12:16,390,390,351.65,355.25,17400
BANKNIFTYWK20200PE,2020/06/02,12:17,354.35,374,354.35,374,8420
BANKNIFTYWK20200PE,2020/06/02,12:18,371.9,380,366.8,376.05,7840
BANKNIFTYWK20200PE,2020/06/02,12:19,376.75,392,375.15,385.5,10220
BANKNIFTYWK20200PE,2020/06/02,12:20,382.05,386,375.1,385,6240
BANKNIFTYWK20200PE,2020/06/02,12:21,386.8,392.7,382.05,386.25,6860
BANKNIFTYWK20200PE,2020/06/02,12:22,386.25,387.9,377,377.05,2920
BANKNIFTYWK20200PE,2020/06/02,12:23,377.05,386.6,376.5,382.4,3800
BANKNIFTYWK20200PE,2020/06/02,12:24,383.2,392.4,380,385.6,4680
BANKNIFTYWK20200PE,2020/06/02,12:25,386,393.95,386,393.95,4300
BANKNIFTYWK20200PE,2020/06/02,12:26,393.15,410,392.45,406.4,11980
BANKNIFTYWK20200PE,2020/06/02,12:27,406.3,420,398.1,414.3,13880
BANKNIFTYWK20200PE,2020/06/02,12:28,420,420,405.25,408.65,4000
BANKNIFTYWK20200PE,2020/06/02,12:29,409.15,412.75,400.45,403.6,3420
BANKNIFTYWK20200PE,2020/06/02,12:30,402.75,404.5,393.55,404.5,5220
BANKNIFTYWK20200PE,2020/06/02,12:31,402.55,411.6,401.4,410.3,3200
BANKNIFTYWK20200PE,2020/06/02,12:32,402.55,403.6,388.7,388.7,5240
BANKNIFTYWK20200PE,2020/06/02,12:33,388.2,396.85,380,395.85,5340
BANKNIFTYWK20200PE,2020/06/02,12:34,396.15,397.4,385.75,394.45,2040
BANKNIFTYWK20200PE,2020/06/02,12:35,394.35,396.1,385,386.1,4200
BANKNIFTYWK20200PE,2020/06/02,12:36,385.45,388.85,380.85,387.35,2640
BANKNIFTYWK20200PE,2020/06/02,12:37,386,386,381,382.4,2140
BANKNIFTYWK20200PE,2020/06/02,12:38,385,403.7,383.45,399.55,6360
BANKNIFTYWK20200PE,2020/06/02,12:39,398.05,399.85,386.25,386.25,5500
BANKNIFTYWK20200PE,2020/06/02,12:40,387.6,387.9,355.3,358.3,14400
BANKNIFTYWK20200PE,2020/06/02,12:41,358.7,358.7,332.4,351.25,25620
BANKNIFTYWK20200PE,2020/06/02,12:42,352.6,353.8,315.55,323.8,19820
BANKNIFTYWK20200PE,2020/06/02,12:43,324.85,337.45,322.15,334.7,16320
BANKNIFTYWK20200PE,2020/06/02,12:44,331.95,331.95,318.9,324.15,20060
BANKNIFTYWK20200PE,2020/06/02,12:45,324,341.5,324,338,11680
BANKNIFTYWK20200PE,2020/06/02,12:46,338.7,338.7,301.1,304.3,13820
BANKNIFTYWK20200PE,2020/06/02,12:47,302.15,303.3,288,301,29540
BANKNIFTYWK20200PE,2020/06/02,12:48,299.55,308.85,296.4,301.8,17220
BANKNIFTYWK20200PE,2020/06/02,12:49,301.15,303.3,280.3,282.7,16320
BANKNIFTYWK20200PE,2020/06/02,12:50,283.5,286.6,270,286.6,28820
BANKNIFTYWK20200PE,2020/06/02,12:51,286,299.2,282.95,298.4,23600
BANKNIFTYWK20200PE,2020/06/02,12:52,297.9,300,287.75,294.2,12880
BANKNIFTYWK20200PE,2020/06/02,12:53,291.1,299.25,286.45,287.3,10780
BANKNIFTYWK20200PE,2020/06/02,12:54,289,292.6,274.75,286.1,21420
BANKNIFTYWK20200PE,2020/06/02,12:55,285.2,299.2,285.2,289.35,18920
BANKNIFTYWK20200PE,2020/06/02,12:56,289.35,290.05,281,283.05,9440
BANKNIFTYWK20200PE,2020/06/02,12:57,283.15,294.9,280.4,294.9,10180
BANKNIFTYWK20200PE,2020/06/02,12:58,296.6,298.1,283.45,285.55,11660
BANKNIFTYWK20200PE,2020/06/02,12:59,283.75,289.85,277.6,288.05,7840
BANKNIFTYWK20200PE,2020/06/02,13:00,284.4,287.55,261.2,265,27260
BANKNIFTYWK20200PE,2020/06/02,13:01,265.35,279.8,263.05,276.15,13920
BANKNIFTYWK20200PE,2020/06/02,13:02,277.25,277.25,253,264.75,21940
BANKNIFTYWK20200PE,2020/06/02,13:03,267.4,272.75,261.5,269.2,23280
BANKNIFTYWK20200PE,2020/06/02,13:04,268.9,280.4,268.75,279.85,14080
BANKNIFTYWK20200PE,2020/06/02,13:05,277.2,284.85,274,284,9800
BANKNIFTYWK20200PE,2020/06/02,13:06,284.9,291.15,281.6,290,16200
BANKNIFTYWK20200PE,2020/06/02,13:07,288.6,293,282.05,282.4,12420
BANKNIFTYWK20200PE,2020/06/02,13:08,283.95,283.95,273.6,279.15,9320
BANKNIFTYWK20200PE,2020/06/02,13:09,281.1,289.8,279.65,285.65,8100
BANKNIFTYWK20200PE,2020/06/02,13:10,285.1,290.95,279,283.45,8840
BANKNIFTYWK20200PE,2020/06/02,13:11,283.45,293.85,280.75,291.3,9080
BANKNIFTYWK20200PE,2020/06/02,13:12,294.95,314.7,288.9,310.4,22080
BANKNIFTYWK20200PE,2020/06/02,13:13,312,312,293.85,293.85,14060
BANKNIFTYWK20200PE,2020/06/02,13:14,295.05,301.75,287,287,13840
BANKNIFTYWK20200PE,2020/06/02,13:15,287.95,307.05,287.95,304.8,6640
BANKNIFTYWK20200PE,2020/06/02,13:16,303,309.15,301.25,302.65,10140
BANKNIFTYWK20200PE,2020/06/02,13:17,302.85,314.1,297.4,298.15,10500
BANKNIFTYWK20200PE,2020/06/02,13:18,297.95,306.3,295.45,299.35,7520
BANKNIFTYWK20200PE,2020/06/02,13:19,298.5,304,292.75,294.65,9160
BANKNIFTYWK20200PE,2020/06/02,13:20,294.95,305.25,293.7,295.55,5540
BANKNIFTYWK20200PE,2020/06/02,13:21,299.25,308.45,297.55,300.95,6440
BANKNIFTYWK20200PE,2020/06/02,13:22,300,307.45,296,307.45,6120
BANKNIFTYWK20200PE,2020/06/02,13:23,309.95,320.15,298,314.85,22380
BANKNIFTYWK20200PE,2020/06/02,13:24,315.85,315.85,301.45,307.2,14620
BANKNIFTYWK20200PE,2020/06/02,13:25,306.05,314.6,300.6,300.75,11300
BANKNIFTYWK20200PE,2020/06/02,13:26,300.75,302.95,292.7,293.45,12140
BANKNIFTYWK20200PE,2020/06/02,13:27,290,293,282,286.4,14660
BANKNIFTYWK20200PE,2020/06/02,13:28,287.35,288.35,274,277.15,13460
BANKNIFTYWK20200PE,2020/06/02,13:29,276.8,285.65,276.8,281.15,10860
BANKNIFTYWK20200PE,2020/06/02,13:30,281.45,281.45,271.1,271.6,12880
BANKNIFTYWK20200PE,2020/06/02,13:31,273.15,285.1,273.15,283,9520
BANKNIFTYWK20200PE,2020/06/02,13:32,283.45,293.6,282.65,288.5,8480
BANKNIFTYWK20200PE,2020/06/02,13:33,287.5,288.05,282.05,282.1,5420
BANKNIFTYWK20200PE,2020/06/02,13:34,282.1,282.1,264.1,270.1,15340
BANKNIFTYWK20200PE,2020/06/02,13:35,268.75,272.8,258.05,269.85,13740
BANKNIFTYWK20200PE,2020/06/02,13:36,269.15,274.5,266.15,270.8,7340
BANKNIFTYWK20200PE,2020/06/02,13:37,272.7,272.7,256.6,264.2,11480
BANKNIFTYWK20200PE,2020/06/02,13:38,264.45,264.45,243,258.2,22720
BANKNIFTYWK20200PE,2020/06/02,13:39,257.2,267,254.2,265.95,10600
BANKNIFTYWK20200PE,2020/06/02,13:40,265.95,277.2,262.75,275.5,14340
BANKNIFTYWK20200PE,2020/06/02,13:41,275.35,284.85,270.85,284.25,9960
BANKNIFTYWK20200PE,2020/06/02,13:42,285,286.05,274.5,278,8020
BANKNIFTYWK20200PE,2020/06/02,13:43,279.85,286.55,275,282.75,7820
BANKNIFTYWK20200PE,2020/06/02,13:44,284,287.45,280.5,283.65,5960
BANKNIFTYWK20200PE,2020/06/02,13:45,284.4,286.85,271.7,281.5,11540
BANKNIFTYWK20200PE,2020/06/02,13:46,281.45,286,276.8,282.2,6960
BANKNIFTYWK20200PE,2020/06/02,13:47,282.2,285.75,275.1,276.85,7620
BANKNIFTYWK20200PE,2020/06/02,13:48,273,274.3,261.35,271.75,18780
BANKNIFTYWK20200PE,2020/06/02,13:49,271.2,276.3,265.35,276.3,7060
BANKNIFTYWK20200PE,2020/06/02,13:50,274.6,282.85,273.7,273.7,10740
BANKNIFTYWK20200PE,2020/06/02,13:51,274.45,274.45,260,268.75,12240
BANKNIFTYWK20200PE,2020/06/02,13:52,266.8,274.1,265.3,270.45,6600
BANKNIFTYWK20200PE,2020/06/02,13:53,270,272.1,266.05,269.2,4480
BANKNIFTYWK20200PE,2020/06/02,13:54,270,272.75,260.15,261.45,5520
BANKNIFTYWK20200PE,2020/06/02,13:55,263.05,268,261,265.85,4200
BANKNIFTYWK20200PE,2020/06/02,13:56,263.9,268,254.6,268,18440
BANKNIFTYWK20200PE,2020/06/02,13:57,270.8,273.7,266.5,273.35,6380
BANKNIFTYWK20200PE,2020/06/02,13:58,270.85,270.85,233.7,249.8,29360
BANKNIFTYWK20200PE,2020/06/02,13:59,249.8,255,246.8,251.95,15420
BANKNIFTYWK20200PE,2020/06/02,14:00,250.15,254.25,232.5,238.25,14600
BANKNIFTYWK20200PE,2020/06/02,14:01,237.9,239.4,225.9,234.25,25440
BANKNIFTYWK20200PE,2020/06/02,14:02,235.3,241.6,233.85,241.1,10300
BANKNIFTYWK20200PE,2020/06/02,14:03,241.15,244.65,233.25,234.85,12840
BANKNIFTYWK20200PE,2020/06/02,14:04,234.65,245,234.65,243,8440
BANKNIFTYWK20200PE,2020/06/02,14:05,243,251.25,243,249,10500
BANKNIFTYWK20200PE,2020/06/02,14:06,248.1,249.4,237.95,245,10960
BANKNIFTYWK20200PE,2020/06/02,14:07,245.45,248.7,241,241.35,8580
BANKNIFTYWK20200PE,2020/06/02,14:08,240,240,229.4,235.7,11260
BANKNIFTYWK20200PE,2020/06/02,14:09,235.2,242.25,232.35,241.5,8880
BANKNIFTYWK20200PE,2020/06/02,14:10,242.1,243.65,234,241.35,7260
BANKNIFTYWK20200PE,2020/06/02,14:11,241.5,243.2,235,240.25,11280
BANKNIFTYWK20200PE,2020/06/02,14:12,239.95,239.95,222.05,232,14480
BANKNIFTYWK20200PE,2020/06/02,14:13,232.55,243.2,232.15,243.2,7980
BANKNIFTYWK20200PE,2020/06/02,14:14,244.95,252,243.3,251,20640
BANKNIFTYWK20200PE,2020/06/02,14:15,252,258.7,245.15,258.7,12780
BANKNIFTYWK20200PE,2020/06/02,14:16,258.8,270,256.3,266.35,19720
BANKNIFTYWK20200PE,2020/06/02,14:17,267.3,271.1,257.75,264.3,9780
BANKNIFTYWK20200PE,2020/06/02,14:18,263.85,269,256.55,269,10020
BANKNIFTYWK20200PE,2020/06/02,14:19,269.9,273.3,262.35,271.65,7500
BANKNIFTYWK20200PE,2020/06/02,14:20,272.45,277.95,260,263.4,19360
BANKNIFTYWK20200PE,2020/06/02,14:21,261.35,263.45,250.35,255.95,10960
BANKNIFTYWK20200PE,2020/06/02,14:22,255.85,261.45,253.05,256.25,9920
BANKNIFTYWK20200PE,2020/06/02,14:23,256.15,265.1,255.25,260.9,5140
BANKNIFTYWK20200PE,2020/06/02,14:24,260.9,265.6,259.7,264.8,7180
BANKNIFTYWK20200PE,2020/06/02,14:25,263.75,277.1,262.55,270,18660
BANKNIFTYWK20200PE,2020/06/02,14:26,269.25,270.6,255,255,17180
BANKNIFTYWK20200PE,2020/06/02,14:27,255,265.35,255,263,5400
BANKNIFTYWK20200PE,2020/06/02,14:28,263,272.2,261.55,261.55,5760
BANKNIFTYWK20200PE,2020/06/02,14:29,266.95,271.1,263,263,7420
BANKNIFTYWK20200PE,2020/06/02,14:30,262.65,277.15,260.95,270,21460
BANKNIFTYWK20200PE,2020/06/02,14:31,272.1,272.75,252.85,255,16260
BANKNIFTYWK20200PE,2020/06/02,14:32,253.45,258.1,252,256.85,13540
BANKNIFTYWK20200PE,2020/06/02,14:33,256,260.65,232.1,232.1,17240
BANKNIFTYWK20200PE,2020/06/02,14:34,231.05,238.1,223.85,236.95,17480
BANKNIFTYWK20200PE,2020/06/02,14:35,236.45,236.45,217.25,223,22820
BANKNIFTYWK20200PE,2020/06/02,14:36,224.6,231.5,224.6,229.25,8740
BANKNIFTYWK20200PE,2020/06/02,14:37,228.45,235.65,225.5,232.5,12480
BANKNIFTYWK20200PE,2020/06/02,14:38,234,235.95,229.15,230.4,12220
BANKNIFTYWK20200PE,2020/06/02,14:39,230.85,235,227.65,235,4360
BANKNIFTYWK20200PE,2020/06/02,14:40,236,243,233.55,242.55,15620
BANKNIFTYWK20200PE,2020/06/02,14:41,243,244.75,237.25,241.3,8520
BANKNIFTYWK20200PE,2020/06/02,14:42,240.8,252.45,239,245,14920
BANKNIFTYWK20200PE,2020/06/02,14:43,245,246,235.4,237.3,15200
BANKNIFTYWK20200PE,2020/06/02,14:44,236.05,237.75,230,235.5,14680
BANKNIFTYWK20200PE,2020/06/02,14:45,235.35,236.25,227.55,227.85,11860
BANKNIFTYWK20200PE,2020/06/02,14:46,226.55,227.6,216.05,224.85,23300
BANKNIFTYWK20200PE,2020/06/02,14:47,224.65,228.2,218.15,221,8700
BANKNIFTYWK20200PE,2020/06/02,14:48,222.95,226.25,211,213.35,13800
BANKNIFTYWK20200PE,2020/06/02,14:49,212.6,213.75,196,207.65,35200
BANKNIFTYWK20200PE,2020/06/02,14:50,207.5,217.45,204.05,217.45,19720
BANKNIFTYWK20200PE,2020/06/02,14:51,217.15,222.95,212.6,217.5,11720
BANKNIFTYWK20200PE,2020/06/02,14:52,217.5,220,214,218,6800
BANKNIFTYWK20200PE,2020/06/02,14:53,218,223.6,215,221.35,8480
BANKNIFTYWK20200PE,2020/06/02,14:54,220,223.15,210,213.1,10060
BANKNIFTYWK20200PE,2020/06/02,14:55,213.1,222.7,213.1,219.65,7400
BANKNIFTYWK20200PE,2020/06/02,14:56,220.8,221.5,214.6,216.2,16520
BANKNIFTYWK20200PE,2020/06/02,14:57,216.2,219.9,212.75,218,13760
BANKNIFTYWK20200PE,2020/06/02,14:58,218,222.45,216.75,216.75,12400
BANKNIFTYWK20200PE,2020/06/02,14:59,216.75,216.75,200.1,208.5,19700
BANKNIFTYWK20200PE,2020/06/02,15:00,208.5,210,195.45,197.9,19280
BANKNIFTYWK20200PE,2020/06/02,15:01,199,202,194.55,199.8,21680
BANKNIFTYWK20200PE,2020/06/02,15:02,200,205.5,199.55,203,12640
BANKNIFTYWK20200PE,2020/06/02,15:03,202.1,206.8,201.25,204.1,12580
BANKNIFTYWK20200PE,2020/06/02,15:04,204.05,206.7,200,206.2,14040
BANKNIFTYWK20200PE,2020/06/02,15:05,205.35,206.45,200.9,205.1,10000
BANKNIFTYWK20200PE,2020/06/02,15:06,204.9,208.95,200,200,18000
BANKNIFTYWK20200PE,2020/06/02,15:07,199.3,203.3,197.8,200.35,7960
BANKNIFTYWK20200PE,2020/06/02,15:08,199.55,199.55,193,193,12640
BANKNIFTYWK20200PE,2020/06/02,15:09,192.75,193.6,181,185,30200
BANKNIFTYWK20200PE,2020/06/02,15:10,185.65,185.85,167,170,43240
BANKNIFTYWK20200PE,2020/06/02,15:11,170.1,170.75,163,166.95,34780
BANKNIFTYWK20200PE,2020/06/02,15:12,167.2,172.15,165.25,171.05,15380
BANKNIFTYWK20200PE,2020/06/02,15:13,170.25,172.15,168.1,170.15,10000
BANKNIFTYWK20200PE,2020/06/02,15:14,170.2,176.25,170.2,175.45,15320
BANKNIFTYWK20200PE,2020/06/02,15:15,174.75,177.25,172.05,177.05,20600
BANKNIFTYWK20200PE,2020/06/02,15:16,176.75,178.7,174,176.4,17460
BANKNIFTYWK20200PE,2020/06/02,15:17,177,178.7,172.85,174.7,16920
BANKNIFTYWK20200PE,2020/06/02,15:18,174.65,176.85,173.05,173.95,13700
BANKNIFTYWK20200PE,2020/06/02,15:19,172.75,176.85,172.6,173.85,25400
BANKNIFTYWK20200PE,2020/06/02,15:20,174.3,175.85,167.85,170.85,21260
BANKNIFTYWK20200PE,2020/06/02,15:21,171.6,172,160.1,162.5,16880
BANKNIFTYWK20200PE,2020/06/02,15:22,165,166.3,160.2,160.2,16300
BANKNIFTYWK20200PE,2020/06/02,15:23,160.5,162.95,157,157.25,14120
BANKNIFTYWK20200PE,2020/06/02,15:24,157.75,160.9,156.2,160.9,18320
BANKNIFTYWK20200PE,2020/06/02,15:25,160.65,160.9,154.9,156.2,27080
BANKNIFTYWK20200PE,2020/06/02,15:26,156.4,159.75,155.2,156.3,17720
BANKNIFTYWK20200PE,2020/06/02,15:27,156.2,156.8,152.9,153.8,22100
BANKNIFTYWK20200PE,2020/06/02,15:28,154.2,158.15,152.4,157.9,26980
BANKNIFTYWK20200PE,2020/06/02,15:29,158.35,158.75,142,155.5,29480
BANKNIFTYWK20200PE,2020/06/03,09:15,50,71.1,43.55,46.1,42000
BANKNIFTYWK20200PE,2020/06/03,09:16,45.9,56.3,45.9,56.3,35660
BANKNIFTYWK20200PE,2020/06/03,09:17,56.15,58.75,53.65,53.65,47360
BANKNIFTYWK20200PE,2020/06/03,09:18,54,61.3,54,60.7,38960
BANKNIFTYWK20200PE,2020/06/03,09:19,60.95,60.95,53.1,55,30560
BANKNIFTYWK20200PE,2020/06/03,09:20,53.85,54.45,49.2,49.35,33280
BANKNIFTYWK20200PE,2020/06/03,09:21,49.15,53.65,49.15,50.65,31920
BANKNIFTYWK20200PE,2020/06/03,09:22,51,57.25,50.3,56.3,36840
BANKNIFTYWK20200PE,2020/06/03,09:23,55.8,58.55,55.4,55.95,31040
BANKNIFTYWK20200PE,2020/06/03,09:24,56.25,56.45,50.8,51,33920
BANKNIFTYWK20200PE,2020/06/03,09:25,50.8,56.7,50.8,53.35,34160
BANKNIFTYWK20200PE,2020/06/03,09:26,53.35,56.6,51.85,51.85,23980
BANKNIFTYWK20200PE,2020/06/03,09:27,51.6,54.4,50.1,53.65,22640
BANKNIFTYWK20200PE,2020/06/03,09:28,53,53.8,51.2,52.7,16880
BANKNIFTYWK20200PE,2020/06/03,09:29,52.3,53.4,47.75,49.1,56780
BANKNIFTYWK20200PE,2020/06/03,09:30,48.95,51.25,45.95,47.35,32000
BANKNIFTYWK20200PE,2020/06/03,09:31,47.25,49.2,46.7,47.65,24280
BANKNIFTYWK20200PE,2020/06/03,09:32,47.75,50.55,47.3,49.5,28020
BANKNIFTYWK20200PE,2020/06/03,09:33,49.1,50.9,48.15,49.05,30340
BANKNIFTYWK20200PE,2020/06/03,09:34,48.1,50.8,46.45,50,73780
BANKNIFTYWK20200PE,2020/06/03,09:35,50.7,53.15,48.25,52.8,22060
BANKNIFTYWK20200PE,2020/06/03,09:36,52.9,54.65,49.55,50.65,32400
BANKNIFTYWK20200PE,2020/06/03,09:37,50.35,55,50,53.6,29260
BANKNIFTYWK20200PE,2020/06/03,09:38,53.5,56.95,52.7,54.7,38360
BANKNIFTYWK20200PE,2020/06/03,09:39,54,55.9,51.9,52.85,26800
BANKNIFTYWK20200PE,2020/06/03,09:40,53,55.4,51.55,51.7,27180
BANKNIFTYWK20200PE,2020/06/03,09:41,52.15,53.6,47.95,49.9,39020
BANKNIFTYWK20200PE,2020/06/03,09:42,50.75,51.4,47.65,49.45,31460
BANKNIFTYWK20200PE,2020/06/03,09:43,49.05,49.65,46.55,49.05,28060
BANKNIFTYWK20200PE,2020/06/03,09:44,48.6,51,48.05,50.5,23860
BANKNIFTYWK20200PE,2020/06/03,09:45,50.65,54.55,49.45,54.55,22660
BANKNIFTYWK20200PE,2020/06/03,09:46,54.85,60.35,54.85,57.55,54720
BANKNIFTYWK20200PE,2020/06/03,09:47,57.25,61.3,57.25,61.3,39360
BANKNIFTYWK20200PE,2020/06/03,09:48,61.35,68.55,61.35,67.65,53140
BANKNIFTYWK20200PE,2020/06/03,09:49,67.25,70.7,62.3,68.65,48120
BANKNIFTYWK20200PE,2020/06/03,09:50,68.9,69.6,61.1,61.1,32680
BANKNIFTYWK20200PE,2020/06/03,09:51,61.8,72,61.8,70.5,43900
BANKNIFTYWK20200PE,2020/06/03,09:52,69.3,69.45,63.7,64.7,29840
BANKNIFTYWK20200PE,2020/06/03,09:53,65,67.65,62.65,64.15,26680
BANKNIFTYWK20200PE,2020/06/03,09:54,64.3,67.85,60.75,67.85,23060
BANKNIFTYWK20200PE,2020/06/03,09:55,68,78.5,67.8,75.55,33320
BANKNIFTYWK20200PE,2020/06/03,09:56,74.75,81.95,74.4,77.35,35180
BANKNIFTYWK20200PE,2020/06/03,09:57,77.5,82.55,70.65,71.35,35740
BANKNIFTYWK20200PE,2020/06/03,09:58,71.6,73.9,65.7,66.4,37180
BANKNIFTYWK20200PE,2020/06/03,09:59,64.8,66.25,60.1,62.1,34180
BANKNIFTYWK20200PE,2020/06/03,10:00,62.4,68.55,62.4,67.4,27040
BANKNIFTYWK20200PE,2020/06/03,10:01,68.25,70.4,67.35,69.4,22740
BANKNIFTYWK20200PE,2020/06/03,10:02,69.4,72.5,68.15,72,21440
BANKNIFTYWK20200PE,2020/06/03,10:03,72,72,63.55,64.4,25240
BANKNIFTYWK20200PE,2020/06/03,10:04,64.55,68.15,62.7,66.1,16000
BANKNIFTYWK20200PE,2020/06/03,10:05,65.85,65.85,61.7,62.85,21180
BANKNIFTYWK20200PE,2020/06/03,10:06,62.3,62.95,58.3,60.55,25240
BANKNIFTYWK20200PE,2020/06/03,10:07,59.95,63.05,57.95,62.2,19320
BANKNIFTYWK20200PE,2020/06/03,10:08,62.9,66,62.7,64.95,14680
BANKNIFTYWK20200PE,2020/06/03,10:09,64.35,64.65,60.4,61.6,18900
BANKNIFTYWK20200PE,2020/06/03,10:10,61.5,65.45,60.85,62.7,14160
BANKNIFTYWK20200PE,2020/06/03,10:11,63.55,65,61.9,63.45,8480
BANKNIFTYWK20200PE,2020/06/03,10:12,63.6,65.5,62,64.5,8440
BANKNIFTYWK20200PE,2020/06/03,10:13,63.95,64.5,59.45,59.75,44040
BANKNIFTYWK20200PE,2020/06/03,10:14,59.55,61.5,57.85,60.35,12920
BANKNIFTYWK20200PE,2020/06/03,10:15,59.95,61.25,51.6,55.1,35440
BANKNIFTYWK20200PE,2020/06/03,10:16,55.3,56.6,53.55,53.6,22700
BANKNIFTYWK20200PE,2020/06/03,10:17,53.4,54.5,51.55,53,14440
BANKNIFTYWK20200PE,2020/06/03,10:18,53.95,56,52.65,53.15,15220
BANKNIFTYWK20200PE,2020/06/03,10:19,53.15,54.15,52.05,52.8,11340
BANKNIFTYWK20200PE,2020/06/03,10:20,52.75,55.5,52,55.5,7960
BANKNIFTYWK20200PE,2020/06/03,10:21,55.5,56.35,53.55,54.1,6520
BANKNIFTYWK20200PE,2020/06/03,10:22,54.1,55.05,52.5,53.1,6360
BANKNIFTYWK20200PE,2020/06/03,10:23,53.45,54.4,51.95,51.95,7800
BANKNIFTYWK20200PE,2020/06/03,10:24,51.95,54.75,51.3,53.75,11220
BANKNIFTYWK20200PE,2020/06/03,10:25,53.4,53.4,50.6,53.25,7720
BANKNIFTYWK20200PE,2020/06/03,10:26,53.05,54,51.55,52.6,6960
BANKNIFTYWK20200PE,2020/06/03,10:27,52.75,54.05,50.1,54.05,15040
BANKNIFTYWK20200PE,2020/06/03,10:28,53.4,56.35,53.1,55.2,8020
BANKNIFTYWK20200PE,2020/06/03,10:29,55.3,55.3,53.4,54.15,8840
BANKNIFTYWK20200PE,2020/06/03,10:30,54.35,54.65,49.7,50.5,16220
BANKNIFTYWK20200PE,2020/06/03,10:31,50.15,51.55,49.65,50.65,6540
BANKNIFTYWK20200PE,2020/06/03,10:32,50.65,51.15,49.55,50.3,13660
BANKNIFTYWK20200PE,2020/06/03,10:33,50.4,52.55,50.15,52.3,10840
BANKNIFTYWK20200PE,2020/06/03,10:34,51.25,51.25,49,50.6,8420
BANKNIFTYWK20200PE,2020/06/03,10:35,50.5,51.35,47.05,47.05,17480
BANKNIFTYWK20200PE,2020/06/03,10:36,46.4,47.9,45.75,47.35,19200
BANKNIFTYWK20200PE,2020/06/03,10:37,47.7,48.4,46.1,47.15,12780
BANKNIFTYWK20200PE,2020/06/03,10:38,46.85,46.9,45.05,45.8,22560
BANKNIFTYWK20200PE,2020/06/03,10:39,45.8,46,42.7,45.4,23660
BANKNIFTYWK20200PE,2020/06/03,10:40,45.55,46.75,45,46.25,11620
BANKNIFTYWK20200PE,2020/06/03,10:41,46.1,46.1,44.2,44.45,9820
BANKNIFTYWK20200PE,2020/06/03,10:42,44.2,45.45,44.15,44.55,10740
BANKNIFTYWK20200PE,2020/06/03,10:43,44.55,46.05,44.55,45.4,13000
BANKNIFTYWK20200PE,2020/06/03,10:44,45.15,46.95,45,46.55,15480
BANKNIFTYWK20200PE,2020/06/03,10:45,46.55,46.55,43.9,44,11940
BANKNIFTYWK20200PE,2020/06/03,10:46,43.95,45.75,43.7,44.6,13120
BANKNIFTYWK20200PE,2020/06/03,10:47,44.55,46.3,44.5,45.95,6580
BANKNIFTYWK20200PE,2020/06/03,10:48,46.1,47.1,45.5,46.45,7860
BANKNIFTYWK20200PE,2020/06/03,10:49,46.05,46.75,45.25,46.75,7560
BANKNIFTYWK20200PE,2020/06/03,10:50,47.1,47.95,46.6,47.2,9860
BANKNIFTYWK20200PE,2020/06/03,10:51,47.25,48.1,45.95,46.3,18700
BANKNIFTYWK20200PE,2020/06/03,10:52,46.25,46.25,44.9,45.95,8340
BANKNIFTYWK20200PE,2020/06/03,10:53,45.85,46.85,44.75,45.75,9580
BANKNIFTYWK20200PE,2020/06/03,10:54,45.65,46.45,44.95,45.3,9680
BANKNIFTYWK20200PE,2020/06/03,10:55,45.6,47.4,45,46.3,22040
BANKNIFTYWK20200PE,2020/06/03,10:56,45.6,46.5,45.1,45.95,12600
BANKNIFTYWK20200PE,2020/06/03,10:57,45.75,47.1,45.6,46.25,12540
BANKNIFTYWK20200PE,2020/06/03,10:58,45.75,47.1,44.9,46,9680
BANKNIFTYWK20200PE,2020/06/03,10:59,46.05,46.8,45.2,46.35,5440
BANKNIFTYWK20200PE,2020/06/03,11:00,46,48.6,46,47.75,14240
BANKNIFTYWK20200PE,2020/06/03,11:01,47.75,51,47.5,49,21080
BANKNIFTYWK20200PE,2020/06/03,11:02,49.3,49.85,48.05,48.85,7400
BANKNIFTYWK20200PE,2020/06/03,11:03,48.9,50.5,48.35,50,21460
BANKNIFTYWK20200PE,2020/06/03,11:04,49.75,49.75,46.55,47.1,19880
BANKNIFTYWK20200PE,2020/06/03,11:05,47.55,48.2,44.7,45.05,7960
BANKNIFTYWK20200PE,2020/06/03,11:06,45.05,46.9,44.55,46,6120
BANKNIFTYWK20200PE,2020/06/03,11:07,46.25,47.6,46,46.4,4080
BANKNIFTYWK20200PE,2020/06/03,11:08,46.5,47.3,45.75,47,3660
BANKNIFTYWK20200PE,2020/06/03,11:09,46.85,47.25,45.6,45.85,4480
BANKNIFTYWK20200PE,2020/06/03,11:10,45.7,47.55,45.5,47.35,5440
BANKNIFTYWK20200PE,2020/06/03,11:11,47.35,49,47.25,48,5120
BANKNIFTYWK20200PE,2020/06/03,11:12,48.25,48.85,46.4,47.05,8600
BANKNIFTYWK20200PE,2020/06/03,11:13,47.4,48.55,47.4,48.3,8560
BANKNIFTYWK20200PE,2020/06/03,11:14,48.5,48.95,47.6,48.15,8800
BANKNIFTYWK20200PE,2020/06/03,11:15,47.95,47.95,44.7,46.4,21260
BANKNIFTYWK20200PE,2020/06/03,11:16,45.9,46.45,44.6,46.4,6960
BANKNIFTYWK20200PE,2020/06/03,11:17,46.05,46.05,42.2,43.2,18260
BANKNIFTYWK20200PE,2020/06/03,11:18,43.2,44.1,42.55,43.45,12940
BANKNIFTYWK20200PE,2020/06/03,11:19,43.3,44.85,43.25,44,5160
BANKNIFTYWK20200PE,2020/06/03,11:20,44.5,44.85,43.2,43.95,11380
BANKNIFTYWK20200PE,2020/06/03,11:21,44.35,44.85,43.5,44.6,9620
BANKNIFTYWK20200PE,2020/06/03,11:22,44.6,45.45,44,44.25,6640
BANKNIFTYWK20200PE,2020/06/03,11:23,44.45,44.75,42.8,44.05,12700
BANKNIFTYWK20200PE,2020/06/03,11:24,44.05,44.55,43.45,43.7,7860
BANKNIFTYWK20200PE,2020/06/03,11:25,43.35,44.85,43.35,44,6820
BANKNIFTYWK20200PE,2020/06/03,11:26,44,45.6,43.25,44.2,8340
BANKNIFTYWK20200PE,2020/06/03,11:27,44.2,44.2,39.4,41.75,40800
BANKNIFTYWK20200PE,2020/06/03,11:28,41.7,42,40.1,41.65,12460
BANKNIFTYWK20200PE,2020/06/03,11:29,41.6,43.05,41.4,42.8,7700
BANKNIFTYWK20200PE,2020/06/03,11:30,42.7,42.9,41.3,42,5640
BANKNIFTYWK20200PE,2020/06/03,11:31,41.65,42.45,40.25,42.2,11880
BANKNIFTYWK20200PE,2020/06/03,11:32,42.2,42.2,38.5,40,22580
BANKNIFTYWK20200PE,2020/06/03,11:33,40,41.1,39.25,40.2,21960
BANKNIFTYWK20200PE,2020/06/03,11:34,40.2,41,39.35,39.95,15240
BANKNIFTYWK20200PE,2020/06/03,11:35,39.95,40.5,39.55,40.5,10240
BANKNIFTYWK20200PE,2020/06/03,11:36,40.65,41.2,39.65,41.2,10720
BANKNIFTYWK20200PE,2020/06/03,11:37,41.25,42.1,40.1,40.45,15200
BANKNIFTYWK20200PE,2020/06/03,11:38,40.95,41.6,39.95,40.8,8860
BANKNIFTYWK20200PE,2020/06/03,11:39,40.8,41.1,39.5,39.75,8220
BANKNIFTYWK20200PE,2020/06/03,11:40,40,40.5,39.4,39.75,10200
BANKNIFTYWK20200PE,2020/06/03,11:41,39.55,40.6,39.25,40.2,3700
BANKNIFTYWK20200PE,2020/06/03,11:42,40.15,41.5,40.1,41.5,5820
BANKNIFTYWK20200PE,2020/06/03,11:43,41.5,41.6,40.55,41.2,4040
BANKNIFTYWK20200PE,2020/06/03,11:44,41.15,42.15,40.95,41.95,7480
BANKNIFTYWK20200PE,2020/06/03,11:45,42,42.4,40.55,41.7,4680
BANKNIFTYWK20200PE,2020/06/03,11:46,41.95,42.45,41.25,42,3500
BANKNIFTYWK20200PE,2020/06/03,11:47,42.4,42.4,40.05,41.2,11740
BANKNIFTYWK20200PE,2020/06/03,11:48,41.2,43.9,41.1,43.55,25440
BANKNIFTYWK20200PE,2020/06/03,11:49,43.55,43.85,41.75,41.75,6360
BANKNIFTYWK20200PE,2020/06/03,11:50,41.7,41.75,39.5,41.15,7320
BANKNIFTYWK20200PE,2020/06/03,11:51,41.2,42.1,40.7,40.7,4580
BANKNIFTYWK20200PE,2020/06/03,11:52,40.7,41.25,37.9,39.4,19640
BANKNIFTYWK20200PE,2020/06/03,11:53,39.65,41.05,39.4,39.75,20480
BANKNIFTYWK20200PE,2020/06/03,11:54,39.65,40.8,39.35,40.4,13380
BANKNIFTYWK20200PE,2020/06/03,11:55,40.15,40.15,36.25,38.15,50820
BANKNIFTYWK20200PE,2020/06/03,11:56,38.15,39.8,37.6,39.8,28480
BANKNIFTYWK20200PE,2020/06/03,11:57,39.65,39.65,38.3,39.25,26300
BANKNIFTYWK20200PE,2020/06/03,11:58,39.25,40.8,38.7,39.65,15500
BANKNIFTYWK20200PE,2020/06/03,11:59,39.85,40.55,38.85,40,15320
BANKNIFTYWK20200PE,2020/06/03,12:00,39.95,41.2,39.65,41.05,17180
BANKNIFTYWK20200PE,2020/06/03,12:01,41.05,41.4,40.05,40.15,18880
BANKNIFTYWK20200PE,2020/06/03,12:02,40.15,41.5,40.15,41.4,6320
BANKNIFTYWK20200PE,2020/06/03,12:03,41.25,42.45,40.65,41.15,10340
BANKNIFTYWK20200PE,2020/06/03,12:04,41.2,41.2,40.15,40.15,7460
BANKNIFTYWK20200PE,2020/06/03,12:05,40.3,40.35,38.7,39.85,14140
BANKNIFTYWK20200PE,2020/06/03,12:06,40.1,40.45,37.3,38.65,23380
BANKNIFTYWK20200PE,2020/06/03,12:07,39.2,41,39.05,40.5,21480
BANKNIFTYWK20200PE,2020/06/03,12:08,40.6,41.55,40.4,41,23520
BANKNIFTYWK20200PE,2020/06/03,12:09,41,42.8,40.85,42.6,20240
BANKNIFTYWK20200PE,2020/06/03,12:10,42.8,42.85,41.4,41.65,10100
BANKNIFTYWK20200PE,2020/06/03,12:11,42.05,43.45,41.9,43,9920
BANKNIFTYWK20200PE,2020/06/03,12:12,43.15,44.6,43.15,44.1,9820
BANKNIFTYWK20200PE,2020/06/03,12:13,44.2,45.1,43.1,43.25,7460
BANKNIFTYWK20200PE,2020/06/03,12:14,43.25,44.25,42.6,42.6,11420
BANKNIFTYWK20200PE,2020/06/03,12:15,42.35,44.15,42.3,43.2,14180
BANKNIFTYWK20200PE,2020/06/03,12:16,43.2,43.25,41.7,42,6000
BANKNIFTYWK20200PE,2020/06/03,12:17,42,43.2,41.6,42.8,3080
BANKNIFTYWK20200PE,2020/06/03,12:18,42.7,43.9,42.7,43,4620
BANKNIFTYWK20200PE,2020/06/03,12:19,43,44.9,43,44.85,8960
BANKNIFTYWK20200PE,2020/06/03,12:20,44.85,47.2,44.55,46.7,13500
BANKNIFTYWK20200PE,2020/06/03,12:21,46.5,47.8,46.1,46.15,12220
BANKNIFTYWK20200PE,2020/06/03,12:22,46.35,47.6,45.8,46.2,14300
BANKNIFTYWK20200PE,2020/06/03,12:23,46.35,47.85,46,47,18360
BANKNIFTYWK20200PE,2020/06/03,12:24,47.2,50.65,46.1,50.35,18600
BANKNIFTYWK20200PE,2020/06/03,12:25,50.25,51.6,47.05,48,15440
BANKNIFTYWK20200PE,2020/06/03,12:26,48.1,49.55,47.9,49.55,9360
BANKNIFTYWK20200PE,2020/06/03,12:27,49.65,50.5,48.65,49.75,16900
BANKNIFTYWK20200PE,2020/06/03,12:28,49.75,50.8,46.2,47,12560
BANKNIFTYWK20200PE,2020/06/03,12:29,46.8,48.75,46.7,47.75,4420
BANKNIFTYWK20200PE,2020/06/03,12:30,47.95,48.95,46.1,46.1,8200
BANKNIFTYWK20200PE,2020/06/03,12:31,45.9,46.1,43.65,44,14700
BANKNIFTYWK20200PE,2020/06/03,12:32,44.45,45.5,43.55,43.95,7840
BANKNIFTYWK20200PE,2020/06/03,12:33,43.95,44.95,43.5,43.6,6460
BANKNIFTYWK20200PE,2020/06/03,12:34,43.4,44.2,41.9,43.65,12420
BANKNIFTYWK20200PE,2020/06/03,12:35,43.45,44.3,43.05,43.9,4460
BANKNIFTYWK20200PE,2020/06/03,12:36,43.9,44.8,42.9,44,6100
BANKNIFTYWK20200PE,2020/06/03,12:37,44,46,44,45.45,8600
BANKNIFTYWK20200PE,2020/06/03,12:38,46.05,46.6,44.9,46,7640
BANKNIFTYWK20200PE,2020/06/03,12:39,46.15,46.2,44.4,44.75,7000
BANKNIFTYWK20200PE,2020/06/03,12:40,45.25,47.5,45.1,47.15,10540
BANKNIFTYWK20200PE,2020/06/03,12:41,47.15,48.35,46,46.25,9260
BANKNIFTYWK20200PE,2020/06/03,12:42,46.3,47.75,45.85,46.3,4340
BANKNIFTYWK20200PE,2020/06/03,12:43,46.3,46.7,44.3,46.1,11880
BANKNIFTYWK20200PE,2020/06/03,12:44,46.1,46.1,43.6,44,4520
BANKNIFTYWK20200PE,2020/06/03,12:45,44,44.6,42.7,43.45,7000
BANKNIFTYWK20200PE,2020/06/03,12:46,43.65,43.75,41.7,43.45,12300
BANKNIFTYWK20200PE,2020/06/03,12:47,43.45,44.45,42.5,42.8,7280
BANKNIFTYWK20200PE,2020/06/03,12:48,43.05,44.35,42.8,44.15,7380
BANKNIFTYWK20200PE,2020/06/03,12:49,44.55,44.55,42.9,44.05,5980
BANKNIFTYWK20200PE,2020/06/03,12:50,43.8,44.65,42.75,43.55,3360
BANKNIFTYWK20200PE,2020/06/03,12:51,43.6,44.1,42.7,42.8,2460
BANKNIFTYWK20200PE,2020/06/03,12:52,42.8,44.55,42,44.55,6040
BANKNIFTYWK20200PE,2020/06/03,12:53,44.2,45.6,44.05,45.3,8180
BANKNIFTYWK20200PE,2020/06/03,12:54,45.3,46.2,44.75,44.9,2860
BANKNIFTYWK20200PE,2020/06/03,12:55,45.05,45.7,42.8,43.05,5160
BANKNIFTYWK20200PE,2020/06/03,12:56,43.25,43.25,40.85,42.05,9380
BANKNIFTYWK20200PE,2020/06/03,12:57,42.1,43.35,41.55,42.9,4220
BANKNIFTYWK20200PE,2020/06/03,12:58,42.7,43.6,42.15,43.15,4780
BANKNIFTYWK20200PE,2020/06/03,12:59,43.4,44.25,43.2,44.25,4800
BANKNIFTYWK20200PE,2020/06/03,13:00,44.2,46.05,44.2,45.8,9340
BANKNIFTYWK20200PE,2020/06/03,13:01,45.3,48,45.15,47.7,6680
BANKNIFTYWK20200PE,2020/06/03,13:02,47.45,49.4,47.05,47.1,10700
BANKNIFTYWK20200PE,2020/06/03,13:03,47.2,51.7,46.8,51.25,15640
BANKNIFTYWK20200PE,2020/06/03,13:04,50.75,51.15,48,48,11480
BANKNIFTYWK20200PE,2020/06/03,13:05,48.05,50.95,47.9,50.95,8920
BANKNIFTYWK20200PE,2020/06/03,13:06,50.2,52.5,49.05,52.5,10680
BANKNIFTYWK20200PE,2020/06/03,13:07,53.05,53.2,48.45,49.5,18300
BANKNIFTYWK20200PE,2020/06/03,13:08,49.8,49.9,47.4,48.95,6560
BANKNIFTYWK20200PE,2020/06/03,13:09,48.45,48.6,45.5,46.2,8380
BANKNIFTYWK20200PE,2020/06/03,13:10,46.8,46.8,38.6,41.2,31980
BANKNIFTYWK20200PE,2020/06/03,13:11,41.55,43.35,41.3,41.3,10620
BANKNIFTYWK20200PE,2020/06/03,13:12,41.75,44,41.1,43.45,7260
BANKNIFTYWK20200PE,2020/06/03,13:13,43.35,44.9,43.35,43.85,4000
BANKNIFTYWK20200PE,2020/06/03,13:14,44.35,45.65,44,44.4,10000
BANKNIFTYWK20200PE,2020/06/03,13:15,44.3,44.45,42.1,42.8,7900
BANKNIFTYWK20200PE,2020/06/03,13:16,42.3,43.6,42,43.6,3740
BANKNIFTYWK20200PE,2020/06/03,13:17,43.45,45,42.8,44.15,3540
BANKNIFTYWK20200PE,2020/06/03,13:18,44.5,45.85,44.5,44.65,5360
BANKNIFTYWK20200PE,2020/06/03,13:19,44.3,44.4,43.1,43.15,2260
BANKNIFTYWK20200PE,2020/06/03,13:20,43.55,43.55,41.8,42.95,7600
BANKNIFTYWK20200PE,2020/06/03,13:21,42.7,43.65,40.6,43.3,13040
BANKNIFTYWK20200PE,2020/06/03,13:22,43.55,43.55,41.8,42.25,7100
BANKNIFTYWK20200PE,2020/06/03,13:23,42.4,44,42.4,43.45,8540
BANKNIFTYWK20200PE,2020/06/03,13:24,43.5,44,42.45,43.25,8960
BANKNIFTYWK20200PE,2020/06/03,13:25,42.9,45.6,42.55,44.9,4660
BANKNIFTYWK20200PE,2020/06/03,13:26,44.65,44.65,42.8,43.35,4560
BANKNIFTYWK20200PE,2020/06/03,13:27,43.4,44.4,41.45,41.45,5780
BANKNIFTYWK20200PE,2020/06/03,13:28,41.35,41.35,38.4,40.35,15120
BANKNIFTYWK20200PE,2020/06/03,13:29,40.8,40.8,35.4,37,26340
BANKNIFTYWK20200PE,2020/06/03,13:30,36.95,38.55,36.45,37.9,27980
BANKNIFTYWK20200PE,2020/06/03,13:31,37.85,39.35,37.55,39.35,32660
BANKNIFTYWK20200PE,2020/06/03,13:32,39.25,39.95,37.65,38.15,26320
BANKNIFTYWK20200PE,2020/06/03,13:33,38.1,38.35,35.5,36.55,20760
BANKNIFTYWK20200PE,2020/06/03,13:34,36.6,38.6,36.15,38.35,20240
BANKNIFTYWK20200PE,2020/06/03,13:35,38.3,38.5,36.7,37.75,19240
BANKNIFTYWK20200PE,2020/06/03,13:36,37.7,38.7,37.65,38.5,11000
BANKNIFTYWK20200PE,2020/06/03,13:37,38.95,39.15,37.7,38.2,7380
BANKNIFTYWK20200PE,2020/06/03,13:38,38.35,39.35,37.95,39.1,5240
BANKNIFTYWK20200PE,2020/06/03,13:39,39.35,39.45,36.7,37.05,10580
BANKNIFTYWK20200PE,2020/06/03,13:40,37.25,38.3,35,35.8,24640
BANKNIFTYWK20200PE,2020/06/03,13:41,35.5,37.5,35.5,37.05,9140
BANKNIFTYWK20200PE,2020/06/03,13:42,37.15,38.45,36.75,38.1,11520
BANKNIFTYWK20200PE,2020/06/03,13:43,38.25,39.7,38,38.55,7640
BANKNIFTYWK20200PE,2020/06/03,13:44,38.1,39.15,37.45,38.5,14280
BANKNIFTYWK20200PE,2020/06/03,13:45,38.3,40,38.3,38.95,8360
BANKNIFTYWK20200PE,2020/06/03,13:46,38.95,39.05,37.2,38.1,5580
BANKNIFTYWK20200PE,2020/06/03,13:47,37.75,38.15,36.7,37.75,10980
BANKNIFTYWK20200PE,2020/06/03,13:48,38,38.85,37.35,37.4,7220
BANKNIFTYWK20200PE,2020/06/03,13:49,37,37.55,33.05,35.95,15480
BANKNIFTYWK20200PE,2020/06/03,13:50,36.1,37.45,35.45,36.65,16920
BANKNIFTYWK20200PE,2020/06/03,13:51,36.4,37.85,36.25,36.95,10680
BANKNIFTYWK20200PE,2020/06/03,13:52,36.95,38.75,36.4,38.05,10720
BANKNIFTYWK20200PE,2020/06/03,13:53,38,38.9,37.7,38.2,14500
BANKNIFTYWK20200PE,2020/06/03,13:54,38.2,38.3,36.1,36.5,10000
BANKNIFTYWK20200PE,2020/06/03,13:55,35.85,36.4,33.55,34.4,15120
BANKNIFTYWK20200PE,2020/06/03,13:56,34.3,34.85,33.35,34,10680
BANKNIFTYWK20200PE,2020/06/03,13:57,34,34.85,32.2,32.75,24960
BANKNIFTYWK20200PE,2020/06/03,13:58,33.2,33.95,31.8,33.5,22800
BANKNIFTYWK20200PE,2020/06/03,13:59,33.5,34.9,33,34.35,30020
BANKNIFTYWK20200PE,2020/06/03,14:00,34.25,36.4,33.9,36.1,15820
BANKNIFTYWK20200PE,2020/06/03,14:01,35.35,35.9,34,34.1,14980
BANKNIFTYWK20200PE,2020/06/03,14:02,33.45,33.8,32,33.7,18840
BANKNIFTYWK20200PE,2020/06/03,14:03,34,34.85,32.95,33.3,9160
BANKNIFTYWK20200PE,2020/06/03,14:04,33.55,35.75,33.1,34.75,8280
BANKNIFTYWK20200PE,2020/06/03,14:05,34.75,36,33.85,34.35,15200
BANKNIFTYWK20200PE,2020/06/03,14:06,34.55,34.55,32.75,33.65,4140
BANKNIFTYWK20200PE,2020/06/03,14:07,34.15,34.15,32.1,32.4,5800
BANKNIFTYWK20200PE,2020/06/03,14:08,32.55,33.2,31.35,32.7,6520
BANKNIFTYWK20200PE,2020/06/03,14:09,32.5,32.8,31,31.25,3820
BANKNIFTYWK20200PE,2020/06/03,14:10,31.3,31.7,30.5,31.2,8280
BANKNIFTYWK20200PE,2020/06/03,14:11,31.1,31.1,28.4,29.45,15360
BANKNIFTYWK20200PE,2020/06/03,14:12,29.5,29.65,28.6,29.5,13220
BANKNIFTYWK20200PE,2020/06/03,14:13,29.3,29.55,28.75,29.45,6220
BANKNIFTYWK20200PE,2020/06/03,14:14,29.45,29.45,27.5,27.85,9520
BANKNIFTYWK20200PE,2020/06/03,14:15,27.85,29.55,27.75,29.1,13740
BANKNIFTYWK20200PE,2020/06/03,14:16,28.8,29.4,28.05,28.3,10000
BANKNIFTYWK20200PE,2020/06/03,14:17,28.35,29.3,27.8,29.2,12660
BANKNIFTYWK20200PE,2020/06/03,14:18,29.35,29.5,28.75,29.2,21480
BANKNIFTYWK20200PE,2020/06/03,14:19,29.4,29.75,28.6,29.55,8500
BANKNIFTYWK20200PE,2020/06/03,14:20,29.85,30.3,29.25,29.95,5100
BANKNIFTYWK20200PE,2020/06/03,14:21,29.95,30.25,28.6,29.65,9220
BANKNIFTYWK20200PE,2020/06/03,14:22,29.8,30.4,29.25,30.15,4300
BANKNIFTYWK20200PE,2020/06/03,14:23,30,31.25,29.8,30.45,15040
BANKNIFTYWK20200PE,2020/06/03,14:24,30.3,31,30.05,30.9,4320
BANKNIFTYWK20200PE,2020/06/03,14:25,30.5,30.5,28.8,29.05,5760
BANKNIFTYWK20200PE,2020/06/03,14:26,29.1,29.35,28.55,29.35,3100
BANKNIFTYWK20200PE,2020/06/03,14:27,29.45,29.65,27.75,28.65,13000
BANKNIFTYWK20200PE,2020/06/03,14:28,28.7,29.25,28.05,28.4,5960
BANKNIFTYWK20200PE,2020/06/03,14:29,28.4,28.6,25,25.2,16020
BANKNIFTYWK20200PE,2020/06/03,14:30,25.2,26.75,24.75,26.35,12500
BANKNIFTYWK20200PE,2020/06/03,14:31,26.5,26.7,24.15,24.5,8900
BANKNIFTYWK20200PE,2020/06/03,14:32,24.55,24.75,22.55,22.75,19460
BANKNIFTYWK20200PE,2020/06/03,14:33,22.75,22.75,21.25,21.6,29020
BANKNIFTYWK20200PE,2020/06/03,14:34,21.55,21.7,20.05,20.8,20000
BANKNIFTYWK20200PE,2020/06/03,14:35,20.75,21,18.85,20.15,23020
BANKNIFTYWK20200PE,2020/06/03,14:36,19.95,20.5,19.2,20.2,26380
BANKNIFTYWK20200PE,2020/06/03,14:37,20.1,20.85,19.7,19.8,21040
BANKNIFTYWK20200PE,2020/06/03,14:38,19.95,21.3,19.9,21.25,14240
BANKNIFTYWK20200PE,2020/06/03,14:39,21.25,22.3,20.8,22.3,14760
BANKNIFTYWK20200PE,2020/06/03,14:40,22.25,23.3,21.55,22.55,14280
BANKNIFTYWK20200PE,2020/06/03,14:41,22.65,25.75,22.6,25.15,14240
BANKNIFTYWK20200PE,2020/06/03,14:42,24.9,27.15,24.65,25.8,15900
BANKNIFTYWK20200PE,2020/06/03,14:43,25.85,27.75,25.35,27.15,14540
BANKNIFTYWK20200PE,2020/06/03,14:44,27.1,30.15,26.75,30.05,13080
BANKNIFTYWK20200PE,2020/06/03,14:45,30,32.95,29.45,30.5,18920
BANKNIFTYWK20200PE,2020/06/03,14:46,30.6,34.8,30,34.05,18300
BANKNIFTYWK20200PE,2020/06/03,14:47,34,34,28.5,29.3,21680
BANKNIFTYWK20200PE,2020/06/03,14:48,29.25,31.4,29.25,30.8,28920
BANKNIFTYWK20200PE,2020/06/03,14:49,30.45,31,28.65,30.7,27740
BANKNIFTYWK20200PE,2020/06/03,14:50,30.9,33.6,30.9,32,21640
BANKNIFTYWK20200PE,2020/06/03,14:51,31.85,33.9,31.85,33.3,25960
BANKNIFTYWK20200PE,2020/06/03,14:52,33.1,33.1,30.55,32.3,17960
BANKNIFTYWK20200PE,2020/06/03,14:53,32.1,33.05,31,31.05,17200
BANKNIFTYWK20200PE,2020/06/03,14:54,30.55,30.55,26.05,28.4,19680
BANKNIFTYWK20200PE,2020/06/03,14:55,27.9,31.05,27.9,29.05,15400
BANKNIFTYWK20200PE,2020/06/03,14:56,29,29.95,27.05,28.35,19020
BANKNIFTYWK20200PE,2020/06/03,14:57,28.15,28.5,27.3,28.05,10300
BANKNIFTYWK20200PE,2020/06/03,14:58,28.1,28.3,26.1,27.25,22680
BANKNIFTYWK20200PE,2020/06/03,14:59,27.25,27.6,25.6,27.05,21340
BANKNIFTYWK20200PE,2020/06/03,15:00,27.05,29.85,27.05,29.45,24520
BANKNIFTYWK20200PE,2020/06/03,15:01,29.8,38.05,29.75,38.05,41940
BANKNIFTYWK20200PE,2020/06/03,15:02,37.7,46.5,37.15,46.5,50460
BANKNIFTYWK20200PE,2020/06/03,15:03,55.55,55.55,55.55,55.55,5580680
BANKNIFTYWK20200PE,2020/06/03,15:04,57.45,57.45,57.45,57.45,5654700
BANKNIFTYWK20200PE,2020/06/03,15:05,58.45,59.45,58.45,59.45,5707440
BANKNIFTYWK20200PE,2020/06/03,15:06,51,51,51,51,5740960
BANKNIFTYWK20200PE,2020/06/03,15:07,56.25,56.25,56.25,56.25,5778140
BANKNIFTYWK20200PE,2020/06/03,15:08,47.55,47.55,47.55,47.55,5805840
BANKNIFTYWK20200PE,2020/06/03,15:09,52.65,52.65,52.65,52.65,5839400
BANKNIFTYWK20200PE,2020/06/03,15:10,49.1,49.1,49.1,49.1,5866280
BANKNIFTYWK20200PE,2020/06/03,15:11,43.2,43.2,43.2,43.2,5889860
BANKNIFTYWK20200PE,2020/06/03,15:12,49.55,49.55,49.55,49.55,5915400
BANKNIFTYWK20200PE,2020/06/03,15:13,44.75,44.75,44.75,44.75,5934160
BANKNIFTYWK20200PE,2020/06/03,15:14,49.85,49.85,49.85,49.85,5956120
BANKNIFTYWK20200PE,2020/06/03,15:15,49.85,51.75,49.35,51.6,11040
BANKNIFTYWK20200PE,2020/06/03,15:16,50.7,53.1,50.7,53.1,8140
BANKNIFTYWK20200PE,2020/06/03,15:17,49.2,53.3,49.2,53.05,5920
BANKNIFTYWK20200PE,2020/06/03,15:18,55.7,55.7,52.4,52.4,5940
BANKNIFTYWK20200PE,2020/06/04,09:15,66.3,66.3,63.45,63.45,160
BANKNIFTYWK20200PE,2020/06/04,09:18,63.45,63.45,20.05,20.05,30960
BANKNIFTYWK20200PE,2020/06/04,09:20,20.05,20.05,14.3,16.15,661260
BANKNIFTYWK20200PE,2020/06/04,09:21,16.05,17.6,15,17.1,1025880
BANKNIFTYWK20200PE,2020/06/04,09:22,16.9,17.6,15.2,15.35,1187040
BANKNIFTYWK20200PE,2020/06/04,09:23,15.35,17.35,13.15,15.75,1549300
BANKNIFTYWK20200PE,2020/06/04,09:24,13.95,16.45,13.15,13.55,1841580
BANKNIFTYWK20200PE,2020/06/04,09:25,13.95,14.5,12.15,14.2,631960
BANKNIFTYWK20200PE,2020/06/04,09:26,14.35,15.2,12.8,14.05,28300
BANKNIFTYWK20200PE,2020/06/04,09:27,13.85,15.15,13.15,14.8,3455960
BANKNIFTYWK20200PE,2020/06/04,09:28,13.65,15,12.85,13.05,5356100
BANKNIFTYWK20200PE,2020/06/04,09:29,12.85,14.45,12,12.05,5687800
BANKNIFTYWK20200PE,2020/06/04,09:30,12.65,14.75,12,14.5,5612780
BANKNIFTYWK20200PE,2020/06/04,09:31,14.8,15.2,11.75,14.05,4991580
BANKNIFTYWK20200PE,2020/06/04,09:32,13.95,15.15,12.15,12.9,4411760
BANKNIFTYWK20200PE,2020/06/04,09:33,12.95,15.15,12.55,14,4141080
BANKNIFTYWK20200PE,2020/06/04,09:34,14.1,14.75,11.9,13.3,4416380
BANKNIFTYWK20200PE,2020/06/04,09:35,12,13.5,10.85,12.75,4863900
BANKNIFTYWK20200PE,2020/06/04,09:36,12.8,12.8,10.15,11.95,5331180
BANKNIFTYWK20200PE,2020/06/04,09:37,12.15,13.2,10.05,12.2,5897360
BANKNIFTYWK20200PE,2020/06/04,09:38,12.2,13.1,10.1,12.65,7117260
BANKNIFTYWK20200PE,2020/06/04,09:39,12.95,13.25,9.65,12.75,8032040
BANKNIFTYWK20200PE,2020/06/04,09:40,12.75,13.1,8.95,9.35,8625080
