BANKNIFTY16JUL2021700CE,2020/07/03,10:51,800,800,800,800,100
BANKNIFTY16JUL2021700CE,2020/07/06,09:15,757.45,757.45,800,757.45,0
BANKNIFTY16JUL2021700CE,2020/07/07,12:17,789.6,809.7,789.6,809.7,500
BANKNIFTY16JUL2021700CE,2020/07/07,12:18,809.7,825,790.1,790.1,40
BANKNIFTY16JUL2021700CE,2020/07/07,14:36,790.1,1106.45,790.1,1106.4,100
BANKNIFTY16JUL2021700CE,2020/07/09,09:19,1215.95,1215.95,1215.95,1215.95,20
BANKNIFTY16JUL2021700CE,2020/07/09,09:20,1215.95,1216,1215.95,1216,20
BANKNIFTY16JUL2021700CE,2020/07/09,09:28,1216,1216,1185.75,1185.75,20
BANKNIFTY16JUL2021700CE,2020/07/09,09:31,1185.75,1185.75,1169.1,1169.1,20
BANKNIFTY16JUL2021700CE,2020/07/09,10:54,1123,1123,1123,1123,80
BANKNIFTY16JUL2021700CE,2020/07/09,11:10,1123,1276.85,1123,1276.85,60
BANKNIFTY16JUL2021700CE,2020/07/09,12:50,1276.85,1276.85,1203.2,1203.2,40
BANKNIFTY16JUL2021700CE,2020/07/09,14:43,1203.2,1262,1203.2,1262,20
BANKNIFTY16JUL2021700CE,2020/07/09,14:49,1262,1285,1262,1285,40
BANKNIFTY16JUL2021700CE,2020/07/09,14:57,1285,1285,1285,1285,20
BANKNIFTY16JUL2021700CE,2020/07/09,15:08,1285,1285,1265,1265,20
BANKNIFTY16JUL2021700CE,2020/07/09,15:10,1265,1265,1265,1265,100
BANKNIFTY16JUL2021700CE,2020/07/09,15:18,1265,1265,1260.85,1260.85,20
BANKNIFTY16JUL2021700CE,2020/07/09,15:25,1260.85,1305.05,1260.85,1305.05,20
BANKNIFTY16JUL2021700CE,2020/07/10,09:15,1269.5,1269.5,1123,1269.5,0
BANKNIFTY16JUL2021700CE,2020/07/10,09:16,1133.85,1136.6,1133.25,1133.25,80
BANKNIFTY16JUL2021700CE,2020/07/10,09:19,1133.25,1133.25,1129,1129,20
BANKNIFTY16JUL2021700CE,2020/07/10,09:20,1129,1147.65,1127.95,1147.65,60
BANKNIFTY16JUL2021700CE,2020/07/10,09:29,1147.65,1147.65,1131.1,1131.1,60
BANKNIFTY16JUL2021700CE,2020/07/10,09:30,1131.1,1157,1131.1,1157,20
BANKNIFTY16JUL2021700CE,2020/07/10,09:31,1157,1168.35,1157,1168.35,40
BANKNIFTY16JUL2021700CE,2020/07/10,09:34,1168.35,1168.35,1135.1,1135.1,20
BANKNIFTY16JUL2021700CE,2020/07/10,09:36,1135.1,1135.1,1116.2,1116.2,20
BANKNIFTY16JUL2021700CE,2020/07/10,09:39,1116.2,1138,1116.2,1138,20
BANKNIFTY16JUL2021700CE,2020/07/10,09:45,1138,1138,1138,1138,20
BANKNIFTY16JUL2021700CE,2020/07/10,09:48,1138,1139,1138,1139,20
BANKNIFTY16JUL2021700CE,2020/07/10,10:00,1139,1180.4,1139,1180.4,20
BANKNIFTY16JUL2021700CE,2020/07/10,10:07,1180.4,1180.4,1170,1170,100
BANKNIFTY16JUL2021700CE,2020/07/10,10:08,1170,1170,1170,1170,200
BANKNIFTY16JUL2021700CE,2020/07/10,10:09,1170,1174,1170,1174,100
BANKNIFTY16JUL2021700CE,2020/07/10,10:11,1174,1175,1170,1170,120
BANKNIFTY16JUL2021700CE,2020/07/10,10:14,1180,1180,1180,1180,100
BANKNIFTY16JUL2021700CE,2020/07/10,10:16,1180,1180,1167.1,1167.1,20
BANKNIFTY16JUL2021700CE,2020/07/10,10:24,1167.1,1167.1,1135,1135,20
BANKNIFTY16JUL2021700CE,2020/07/10,10:25,1135,1135,1120,1120,40
BANKNIFTY16JUL2021700CE,2020/07/10,10:29,1120,1125,1120,1125,80
BANKNIFTY16JUL2021700CE,2020/07/10,10:30,1125,1125,1093.45,1093.45,120
BANKNIFTY16JUL2021700CE,2020/07/10,10:36,1093.45,1093.45,1082,1082,20
BANKNIFTY16JUL2021700CE,2020/07/10,10:37,1082,1085,1082,1085,100
BANKNIFTY16JUL2021700CE,2020/07/10,10:38,1085,1085,1077.1,1077.1,20
BANKNIFTY16JUL2021700CE,2020/07/10,10:42,1077.1,1077.1,1058,1058,20
BANKNIFTY16JUL2021700CE,2020/07/10,10:44,1058,1058,1048.25,1048.25,20
BANKNIFTY16JUL2021700CE,2020/07/10,10:58,1048.25,1064,1048.25,1064,40
BANKNIFTY16JUL2021700CE,2020/07/10,11:00,1064,1064,1049,1049,20
BANKNIFTY16JUL2021700CE,2020/07/10,11:08,1049,1049,1017.2,1017.2,20
BANKNIFTY16JUL2021700CE,2020/07/10,11:21,1017.2,1034,1017.2,1028,40
BANKNIFTY16JUL2021700CE,2020/07/10,11:40,1028,1044,1028,1044,20
BANKNIFTY16JUL2021700CE,2020/07/10,11:42,1044,1044,1034,1034,20
BANKNIFTY16JUL2021700CE,2020/07/10,11:50,1034,1034,1020,1020,20
BANKNIFTY16JUL2021700CE,2020/07/10,11:57,1020,1020,1009.9,1009.9,20
BANKNIFTY16JUL2021700CE,2020/07/10,12:17,1009.9,1009.9,933.5,933.55,100
BANKNIFTY16JUL2021700CE,2020/07/10,12:30,933.55,933.55,891.8,891.8,40
BANKNIFTY16JUL2021700CE,2020/07/10,12:40,891.8,909.9,891.8,909.9,20
BANKNIFTY16JUL2021700CE,2020/07/10,12:55,909.9,909.9,906.9,906.9,20
BANKNIFTY16JUL2021700CE,2020/07/10,13:34,906.9,994.35,906.9,994.35,60
BANKNIFTY16JUL2021700CE,2020/07/10,13:41,994.35,994.35,993.45,993.45,20
BANKNIFTY16JUL2021700CE,2020/07/10,13:42,993.45,993.45,980,980,20
BANKNIFTY16JUL2021700CE,2020/07/10,13:47,980,980,951.2,951.2,20
BANKNIFTY16JUL2021700CE,2020/07/10,13:50,951.2,951.2,931.8,931.8,40
BANKNIFTY16JUL2021700CE,2020/07/10,13:58,931.8,931.8,929.45,929.45,20
BANKNIFTY16JUL2021700CE,2020/07/10,13:59,929.45,932.6,929.45,932.6,20
BANKNIFTY16JUL2021700CE,2020/07/10,14:01,932.6,932.6,915.35,915.35,20
BANKNIFTY16JUL2021700CE,2020/07/10,14:04,915.35,915.35,882.85,882.85,40
BANKNIFTY16JUL2021700CE,2020/07/10,14:05,882.85,882.85,880,880,40
BANKNIFTY16JUL2021700CE,2020/07/10,14:16,880,909.35,880,901.35,60
BANKNIFTY16JUL2021700CE,2020/07/10,14:23,901.35,901.35,851.75,851.75,20
BANKNIFTY16JUL2021700CE,2020/07/10,14:38,851.75,910.95,851.75,910.95,20
BANKNIFTY16JUL2021700CE,2020/07/10,14:43,910.95,910.95,886.3,886.3,20
BANKNIFTY16JUL2021700CE,2020/07/10,14:45,886.3,886.3,877,877,20
BANKNIFTY16JUL2021700CE,2020/07/10,14:53,877,888.55,877,888.55,40
BANKNIFTY16JUL2021700CE,2020/07/10,14:58,888.55,888.55,885,885,20
BANKNIFTY16JUL2021700CE,2020/07/10,14:59,885,900,885,900,20
BANKNIFTY16JUL2021700CE,2020/07/10,15:01,900,936.8,900,936.8,20
BANKNIFTY16JUL2021700CE,2020/07/10,15:02,936.8,936.8,928.9,928.9,40
BANKNIFTY16JUL2021700CE,2020/07/10,15:04,928.9,928.9,927.3,927.3,40
BANKNIFTY16JUL2021700CE,2020/07/10,15:06,927.3,927.3,920,920,40
BANKNIFTY16JUL2021700CE,2020/07/10,15:11,920,920,845.95,846,80
BANKNIFTY16JUL2021700CE,2020/07/10,15:12,846,857.15,846,857.15,40
BANKNIFTY16JUL2021700CE,2020/07/10,15:13,857.15,857.15,857.15,857.15,20
BANKNIFTY16JUL2021700CE,2020/07/10,15:21,857.15,874.55,857.15,874.55,20
BANKNIFTY16JUL2021700CE,2020/07/10,15:22,874.55,875,874.55,875,40
BANKNIFTY16JUL2021700CE,2020/07/10,15:26,875,901.95,875,901.95,40
BANKNIFTY16JUL2021700CE,2020/07/10,15:28,901.95,901.95,888.85,888.85,20
BANKNIFTY16JUL2021700CE,2020/07/10,15:29,888.85,888.85,877.45,877.45,20
BANKNIFTY16JUL2021700CE,2020/07/13,09:15,1022.2,1022.2,1022.2,1022.2,40
BANKNIFTY16JUL2021700CE,2020/07/13,09:16,1022.2,1022.2,1003.75,1003.75,80
BANKNIFTY16JUL2021700CE,2020/07/13,09:17,1003.75,1026.05,995.35,1026,160
BANKNIFTY16JUL2021700CE,2020/07/13,09:19,1026,1026,993,1014.85,780
BANKNIFTY16JUL2021700CE,2020/07/13,09:22,1014.85,1014.85,993,993,720
BANKNIFTY16JUL2021700CE,2020/07/13,09:23,994.05,1010.75,994.05,1010.75,100
BANKNIFTY16JUL2021700CE,2020/07/13,09:25,1010.75,1010.75,986.85,986.85,20
BANKNIFTY16JUL2021700CE,2020/07/13,09:31,986.85,1015.3,986.85,1015.3,40
BANKNIFTY16JUL2021700CE,2020/07/13,09:35,1015.3,1015.3,993.3,993.3,20
BANKNIFTY16JUL2021700CE,2020/07/13,09:36,993.3,993.3,975.3,975.3,20
BANKNIFTY16JUL2021700CE,2020/07/13,09:40,975.3,979.85,975.3,979.85,40
BANKNIFTY16JUL2021700CE,2020/07/13,09:51,979.85,979.85,930,930,400
BANKNIFTY16JUL2021700CE,2020/07/13,09:54,930,930,916.95,917,1440
BANKNIFTY16JUL2021700CE,2020/07/13,09:56,917,917,901.5,901.5,300
BANKNIFTY16JUL2021700CE,2020/07/13,09:59,901.5,916.4,901.5,916.4,40
BANKNIFTY16JUL2021700CE,2020/07/13,10:06,916.4,936.2,916.4,936.2,20
BANKNIFTY16JUL2021700CE,2020/07/13,10:11,936.2,936.2,906.9,906.9,40
BANKNIFTY16JUL2021700CE,2020/07/13,10:12,906.9,906.9,892.4,892.4,20
BANKNIFTY16JUL2021700CE,2020/07/13,10:13,892.4,899.1,892.4,899.1,60
BANKNIFTY16JUL2021700CE,2020/07/13,10:14,899.1,899.85,897.65,897.65,40
BANKNIFTY16JUL2021700CE,2020/07/13,10:40,890.2,890.2,890.2,890.2,20
BANKNIFTY16JUL2021700CE,2020/07/13,10:44,890.2,917.9,890.2,917.9,20
BANKNIFTY16JUL2021700CE,2020/07/13,10:45,917.9,927.6,917.9,927.6,20
BANKNIFTY16JUL2021700CE,2020/07/13,11:07,927.6,927.6,765.6,780,320
BANKNIFTY16JUL2021700CE,2020/07/13,11:08,780,797.95,760.7,760.7,40
BANKNIFTY16JUL2021700CE,2020/07/13,11:10,760.7,760.7,739.2,739.2,100
BANKNIFTY16JUL2021700CE,2020/07/13,11:11,739.2,739.2,720.4,720.4,40
BANKNIFTY16JUL2021700CE,2020/07/13,11:13,720.4,731,720.4,731,20
BANKNIFTY16JUL2021700CE,2020/07/13,11:15,731,731,720,720,20
BANKNIFTY16JUL2021700CE,2020/07/13,11:16,720,720,717.55,717.55,300
BANKNIFTY16JUL2021700CE,2020/07/13,11:17,717.55,729.3,717.55,729.3,20
BANKNIFTY16JUL2021700CE,2020/07/13,11:24,729.3,753.05,729.3,753.05,20
BANKNIFTY16JUL2021700CE,2020/07/13,11:25,753.05,760,753.05,760,20
BANKNIFTY16JUL2021700CE,2020/07/13,11:28,760,760,742,742,40
BANKNIFTY16JUL2021700CE,2020/07/13,11:37,742,745,742,745,20
BANKNIFTY16JUL2021700CE,2020/07/13,11:38,745,745,740,740,20
BANKNIFTY16JUL2021700CE,2020/07/13,11:40,740,740,728,728,440
BANKNIFTY16JUL2021700CE,2020/07/13,11:41,728,735,728,730,240
BANKNIFTY16JUL2021700CE,2020/07/13,11:43,730,735,730,735,140
BANKNIFTY16JUL2021700CE,2020/07/13,11:44,735,735,715,715,20
BANKNIFTY16JUL2021700CE,2020/07/13,11:46,715,727.95,715,727.95,140
BANKNIFTY16JUL2021700CE,2020/07/13,11:50,727.95,727.95,680.2,680.2,420
BANKNIFTY16JUL2021700CE,2020/07/13,11:51,680.2,687.8,680.2,685,220
BANKNIFTY16JUL2021700CE,2020/07/13,11:52,685,695,685,695,20
BANKNIFTY16JUL2021700CE,2020/07/13,11:54,695,695,683.95,683.95,100
BANKNIFTY16JUL2021700CE,2020/07/13,11:55,683.95,683.95,670,670,100
BANKNIFTY16JUL2021700CE,2020/07/13,11:57,670,680.3,670,680.3,140
BANKNIFTY16JUL2021700CE,2020/07/13,12:00,680.3,683.55,680.3,683.55,20
BANKNIFTY16JUL2021700CE,2020/07/13,12:01,683.55,694.9,683.55,694.9,140
BANKNIFTY16JUL2021700CE,2020/07/13,12:02,694.9,694.9,660.4,660.4,40
BANKNIFTY16JUL2021700CE,2020/07/13,12:04,660.4,669.9,660.4,669.9,20
BANKNIFTY16JUL2021700CE,2020/07/13,12:09,669.9,683.05,666,669.2,60
BANKNIFTY16JUL2021700CE,2020/07/13,12:11,669.2,674.2,669.2,674.2,20
BANKNIFTY16JUL2021700CE,2020/07/13,12:12,674.2,674.2,669,669,140
BANKNIFTY16JUL2021700CE,2020/07/13,12:13,669,669,664.8,665.8,40
BANKNIFTY16JUL2021700CE,2020/07/13,12:15,665.8,665.8,658.95,659,40
BANKNIFTY16JUL2021700CE,2020/07/13,12:16,659,672.7,659,672.6,300
BANKNIFTY16JUL2021700CE,2020/07/13,12:17,672.6,672.6,668.8,668.8,100
BANKNIFTY16JUL2021700CE,2020/07/13,12:18,668.8,671.75,668.8,671.75,80
BANKNIFTY16JUL2021700CE,2020/07/13,12:21,671.75,680.15,671.75,671.8,360
BANKNIFTY16JUL2021700CE,2020/07/13,12:25,671.8,671.8,667.9,669.9,160
BANKNIFTY16JUL2021700CE,2020/07/13,12:28,669.9,700,669.9,694.15,260
BANKNIFTY16JUL2021700CE,2020/07/13,12:29,694.15,694.15,694,694,200
BANKNIFTY16JUL2021700CE,2020/07/13,12:30,694,724.3,693,709.2,880
BANKNIFTY16JUL2021700CE,2020/07/13,12:31,709.2,713.1,709.2,710.5,360
BANKNIFTY16JUL2021700CE,2020/07/13,12:32,710.5,714.75,710.5,714.75,120
BANKNIFTY16JUL2021700CE,2020/07/13,12:34,714.75,714.75,700,705,80
BANKNIFTY16JUL2021700CE,2020/07/13,12:35,705,724.85,705,715,160
BANKNIFTY16JUL2021700CE,2020/07/13,12:36,715,722.35,715,722.35,20
BANKNIFTY16JUL2021700CE,2020/07/13,12:38,722.35,722.35,700,700,160
BANKNIFTY16JUL2021700CE,2020/07/13,12:40,700,704.85,700,704.85,140
BANKNIFTY16JUL2021700CE,2020/07/13,12:42,704.85,704.85,691.95,692.75,60
BANKNIFTY16JUL2021700CE,2020/07/13,12:44,692.75,692.75,672.75,672.75,120
BANKNIFTY16JUL2021700CE,2020/07/13,12:45,672.75,672.75,670,670,120
BANKNIFTY16JUL2021700CE,2020/07/13,12:48,670,671.25,663.9,663.9,200
BANKNIFTY16JUL2021700CE,2020/07/13,12:49,663.9,672.55,651.8,666,100
BANKNIFTY16JUL2021700CE,2020/07/13,12:53,666,680,666,680,40
BANKNIFTY16JUL2021700CE,2020/07/13,12:56,680,680,620,626.9,220
BANKNIFTY16JUL2021700CE,2020/07/13,12:57,626.9,626.9,598.3,604.65,1100
BANKNIFTY16JUL2021700CE,2020/07/13,12:58,604.65,613.8,604.65,606.05,700
BANKNIFTY16JUL2021700CE,2020/07/13,12:59,614.4,614.4,602.3,602.3,120
BANKNIFTY16JUL2021700CE,2020/07/13,13:00,602.3,613,601,612.9,340
BANKNIFTY16JUL2021700CE,2020/07/13,13:01,612.9,615.95,612.9,615.95,20
BANKNIFTY16JUL2021700CE,2020/07/13,13:02,615.95,615.95,611.35,615.95,80
BANKNIFTY16JUL2021700CE,2020/07/13,13:03,615.95,615.95,611.35,612,60
BANKNIFTY16JUL2021700CE,2020/07/13,13:05,612,627.95,612,627.95,40
BANKNIFTY16JUL2021700CE,2020/07/13,13:06,627.95,631.9,626,631.9,200
BANKNIFTY16JUL2021700CE,2020/07/13,13:08,631.9,641.35,631.9,641.35,40
BANKNIFTY16JUL2021700CE,2020/07/13,13:09,641.35,641.35,630.15,630.15,20
BANKNIFTY16JUL2021700CE,2020/07/13,13:10,630.15,648.55,630.15,642.95,40
BANKNIFTY16JUL2021700CE,2020/07/13,13:13,642.95,670,642.95,655,260
BANKNIFTY16JUL2021700CE,2020/07/13,13:15,655,655,645,645,20
BANKNIFTY16JUL2021700CE,2020/07/13,13:16,645,645,632.3,639.9,40
BANKNIFTY16JUL2021700CE,2020/07/13,13:19,639.9,639.9,629.2,629.2,60
BANKNIFTY16JUL2021700CE,2020/07/13,13:23,629.2,643,629.2,643,20
BANKNIFTY16JUL2021700CE,2020/07/13,13:25,643,643.1,643,643.1,40
BANKNIFTY16JUL2021700CE,2020/07/13,13:26,643.1,649.55,643.1,649.55,20
BANKNIFTY16JUL2021700CE,2020/07/13,13:27,650,659.95,650,659.95,220
BANKNIFTY16JUL2021700CE,2020/07/13,13:28,659.95,670,659.95,670,160
BANKNIFTY16JUL2021700CE,2020/07/13,13:30,670,670,643.35,643.35,40
BANKNIFTY16JUL2021700CE,2020/07/13,13:31,643.35,643.35,612.85,612.85,140
BANKNIFTY16JUL2021700CE,2020/07/13,13:32,612.85,612.85,607.1,607.1,20
BANKNIFTY16JUL2021700CE,2020/07/13,13:34,607.1,620,607.1,620,100
BANKNIFTY16JUL2021700CE,2020/07/13,13:35,620,625,620,625,20
BANKNIFTY16JUL2021700CE,2020/07/13,13:38,625,628.4,625,628.4,20
BANKNIFTY16JUL2021700CE,2020/07/13,13:40,628.4,652,628.4,652,20
BANKNIFTY16JUL2021700CE,2020/07/13,13:42,652,652,640,640.8,600
BANKNIFTY16JUL2021700CE,2020/07/13,13:44,640.8,652.55,640.8,652.55,100
BANKNIFTY16JUL2021700CE,2020/07/13,13:45,652.55,652.55,641.05,641.05,40
BANKNIFTY16JUL2021700CE,2020/07/13,13:47,641.05,641.05,618,618,100
BANKNIFTY16JUL2021700CE,2020/07/13,13:49,618,629.2,610,610,40
BANKNIFTY16JUL2021700CE,2020/07/13,13:50,610,624.05,610,624.05,200
BANKNIFTY16JUL2021700CE,2020/07/13,13:51,624.05,637.75,624.05,637.75,20
BANKNIFTY16JUL2021700CE,2020/07/13,13:52,637.75,637.75,620.05,620.05,40
BANKNIFTY16JUL2021700CE,2020/07/13,13:53,620.05,625,620.05,625,20
BANKNIFTY16JUL2021700CE,2020/07/13,13:54,625,625,582.35,585.55,1360
BANKNIFTY16JUL2021700CE,2020/07/13,13:55,585.55,585.55,571.05,585.3,260
BANKNIFTY16JUL2021700CE,2020/07/13,13:56,585.3,589.9,585,585,120
BANKNIFTY16JUL2021700CE,2020/07/13,13:57,585,585,580.05,584.3,80
BANKNIFTY16JUL2021700CE,2020/07/13,13:58,584.3,584.3,580,583.9,60
BANKNIFTY16JUL2021700CE,2020/07/13,14:00,583.9,610.25,583.9,606.5,280
BANKNIFTY16JUL2021700CE,2020/07/13,14:03,606.5,606.5,599,600,140
BANKNIFTY16JUL2021700CE,2020/07/13,14:04,600,600,595,595.9,240
BANKNIFTY16JUL2021700CE,2020/07/13,14:05,595.9,595.9,584.55,585.4,60
BANKNIFTY16JUL2021700CE,2020/07/13,14:06,585.4,612,585.4,612,140
BANKNIFTY16JUL2021700CE,2020/07/13,14:08,612,612,609.45,609.45,40
BANKNIFTY16JUL2021700CE,2020/07/13,14:11,609.45,622.85,609.45,621.1,560
BANKNIFTY16JUL2021700CE,2020/07/13,14:13,621.1,621.1,610.8,610.8,20
BANKNIFTY16JUL2021700CE,2020/07/13,14:14,610.8,640,610.8,631.05,1420
BANKNIFTY16JUL2021700CE,2020/07/13,14:15,629.6,660,629.6,652.15,820
BANKNIFTY16JUL2021700CE,2020/07/13,14:16,652.15,652.15,645.55,645.55,80
BANKNIFTY16JUL2021700CE,2020/07/13,14:17,645.55,645.55,616.15,624.35,120
BANKNIFTY16JUL2021700CE,2020/07/13,14:18,624.35,626,624.35,626,20
BANKNIFTY16JUL2021700CE,2020/07/13,14:19,626,634,626,634,80
BANKNIFTY16JUL2021700CE,2020/07/13,14:20,634,634,620,620,20
BANKNIFTY16JUL2021700CE,2020/07/13,14:21,620,620,614,614,80
BANKNIFTY16JUL2021700CE,2020/07/13,14:23,614,629.25,614,628.7,100
BANKNIFTY16JUL2021700CE,2020/07/13,14:30,628.7,628.7,620,620,20
BANKNIFTY16JUL2021700CE,2020/07/13,14:31,620,632,620,632,60
BANKNIFTY16JUL2021700CE,2020/07/13,14:32,632,632,630,630,540
BANKNIFTY16JUL2021700CE,2020/07/13,14:33,630,630,627.4,627.4,20
BANKNIFTY16JUL2021700CE,2020/07/13,14:35,627.4,627.4,611,611.1,80
BANKNIFTY16JUL2021700CE,2020/07/13,14:38,611.1,628.95,611.1,628.95,20
BANKNIFTY16JUL2021700CE,2020/07/13,14:39,628.95,628.95,620,620,520
BANKNIFTY16JUL2021700CE,2020/07/13,14:40,626,679.8,626,679.8,320
BANKNIFTY16JUL2021700CE,2020/07/13,14:41,679.8,683,677.15,681.9,280
BANKNIFTY16JUL2021700CE,2020/07/13,14:42,681.9,681.9,662.8,663.15,80
BANKNIFTY16JUL2021700CE,2020/07/13,14:43,663.15,663.15,661.25,661.25,20
BANKNIFTY16JUL2021700CE,2020/07/13,14:44,661.25,694.2,661.25,673.45,200
BANKNIFTY16JUL2021700CE,2020/07/13,14:46,673.45,673.45,671,671,20
BANKNIFTY16JUL2021700CE,2020/07/13,14:48,671,705.35,671,705.35,20
BANKNIFTY16JUL2021700CE,2020/07/13,14:49,705.35,705.35,677.05,677.05,60
BANKNIFTY16JUL2021700CE,2020/07/13,14:50,677.05,677.05,653.1,655.1,120
BANKNIFTY16JUL2021700CE,2020/07/13,14:51,650.45,660.9,650.45,660.9,80
BANKNIFTY16JUL2021700CE,2020/07/13,14:52,660.9,667.4,660.9,667.4,20
BANKNIFTY16JUL2021700CE,2020/07/13,14:53,667.4,667.4,652.9,652.9,100
BANKNIFTY16JUL2021700CE,2020/07/13,14:54,652.9,652.9,628.05,628.05,40
BANKNIFTY16JUL2021700CE,2020/07/13,14:55,641.5,654.5,641.5,654.5,40
BANKNIFTY16JUL2021700CE,2020/07/13,14:56,654.5,671.55,654.5,671.55,20
BANKNIFTY16JUL2021700CE,2020/07/13,14:57,671.55,671.55,656.45,656.45,20
BANKNIFTY16JUL2021700CE,2020/07/13,15:01,656.45,661.95,656.45,661.95,20
BANKNIFTY16JUL2021700CE,2020/07/13,15:02,661.95,663.95,661.95,663.95,40
BANKNIFTY16JUL2021700CE,2020/07/13,15:03,663.95,670.5,657.65,670.5,180
BANKNIFTY16JUL2021700CE,2020/07/13,15:09,670.5,670.5,655,658.05,120
BANKNIFTY16JUL2021700CE,2020/07/13,15:10,658.05,658.05,651,651,40
BANKNIFTY16JUL2021700CE,2020/07/13,15:11,651,651,624.2,624.2,40
BANKNIFTY16JUL2021700CE,2020/07/13,15:13,624.2,640.5,624.2,640.5,140
BANKNIFTY16JUL2021700CE,2020/07/13,15:14,640.5,640.5,640.5,640.5,20
BANKNIFTY16JUL2021700CE,2020/07/13,15:15,640.5,644.1,635,636,380
BANKNIFTY16JUL2021700CE,2020/07/13,15:16,636,636,634.35,634.35,20
BANKNIFTY16JUL2021700CE,2020/07/13,15:17,634.35,644.6,634.35,644.6,40
BANKNIFTY16JUL2021700CE,2020/07/13,15:18,644.6,650.2,644.6,650.2,20
BANKNIFTY16JUL2021700CE,2020/07/13,15:19,650.2,660,650.2,660,140
BANKNIFTY16JUL2021700CE,2020/07/13,15:20,660,664,658.65,664,160
BANKNIFTY16JUL2021700CE,2020/07/13,15:21,657.65,663,649.9,654.3,580
BANKNIFTY16JUL2021700CE,2020/07/13,15:22,654.3,654.65,652,654.65,60
BANKNIFTY16JUL2021700CE,2020/07/13,15:24,654.65,656.8,650.05,650.05,80
BANKNIFTY16JUL2021700CE,2020/07/13,15:25,650.05,652.65,645.35,649.7,200
BANKNIFTY16JUL2021700CE,2020/07/13,15:26,649.7,649.7,649,649,20
BANKNIFTY16JUL2021700CE,2020/07/13,15:27,649,649,646.5,646.5,20
BANKNIFTY16JUL2021700CE,2020/07/13,15:28,646.5,651.2,646.5,650,40
BANKNIFTY16JUL2021700CE,2020/07/13,15:29,650,650,642.6,649.1,100
BANKNIFTY16JUL2021700CE,2020/07/14,09:15,448.15,457.85,392.1,408.5,4680
BANKNIFTY16JUL2021700CE,2020/07/14,09:16,412,415.85,406.2,406.25,4580
BANKNIFTY16JUL2021700CE,2020/07/14,09:17,405.3,411.65,397.25,409.05,1720
BANKNIFTY16JUL2021700CE,2020/07/14,09:18,409.05,412.55,397.95,403.85,1540
BANKNIFTY16JUL2021700CE,2020/07/14,09:19,403.85,405.8,398,401.35,2780
BANKNIFTY16JUL2021700CE,2020/07/14,09:20,399.25,399.25,381.05,381.2,5980
BANKNIFTY16JUL2021700CE,2020/07/14,09:21,380,389.5,378.6,381.15,6820
BANKNIFTY16JUL2021700CE,2020/07/14,09:22,380.8,383.6,370.3,383.6,8280
BANKNIFTY16JUL2021700CE,2020/07/14,09:23,382.9,386.75,378.05,385.45,7200
BANKNIFTY16JUL2021700CE,2020/07/14,09:24,384.55,393.45,384.55,392.95,7460
BANKNIFTY16JUL2021700CE,2020/07/14,09:25,390.3,390.3,379.25,387.55,4340
BANKNIFTY16JUL2021700CE,2020/07/14,09:26,387.55,387.55,367.15,371.6,5660
BANKNIFTY16JUL2021700CE,2020/07/14,09:27,373.6,373.6,357.8,365.2,14880
BANKNIFTY16JUL2021700CE,2020/07/14,09:28,363.95,367.75,362.15,364.3,8520
BANKNIFTY16JUL2021700CE,2020/07/14,09:29,365.3,367.35,352.5,358,16400
BANKNIFTY16JUL2021700CE,2020/07/14,09:30,357.55,357.55,331,342.7,34340
BANKNIFTY16JUL2021700CE,2020/07/14,09:31,343.7,358.1,341.5,357.15,17260
BANKNIFTY16JUL2021700CE,2020/07/14,09:32,357.15,363.2,356.2,360,15060
BANKNIFTY16JUL2021700CE,2020/07/14,09:33,360.6,360.6,348.8,358.1,10560
BANKNIFTY16JUL2021700CE,2020/07/14,09:34,356.7,363,355.6,361.05,6340
BANKNIFTY16JUL2021700CE,2020/07/14,09:35,361.2,363.75,356.95,363.75,13040
BANKNIFTY16JUL2021700CE,2020/07/14,09:36,363.75,363.75,351.8,355,9240
BANKNIFTY16JUL2021700CE,2020/07/14,09:37,355,359,351.65,353.25,5820
BANKNIFTY16JUL2021700CE,2020/07/14,09:38,352.85,353.05,344,348.5,5800
BANKNIFTY16JUL2021700CE,2020/07/14,09:39,347.65,357.3,344.95,344.95,16460
BANKNIFTY16JUL2021700CE,2020/07/14,09:40,343.55,349,338.85,346,9520
BANKNIFTY16JUL2021700CE,2020/07/14,09:41,346.7,352.95,342,350,12620
BANKNIFTY16JUL2021700CE,2020/07/14,09:42,349.15,350.2,344.3,345.25,8040
BANKNIFTY16JUL2021700CE,2020/07/14,09:43,345.25,346.55,330.35,340.05,21400
BANKNIFTY16JUL2021700CE,2020/07/14,09:44,340.05,340.05,320.95,330.05,26960
BANKNIFTY16JUL2021700CE,2020/07/14,09:45,328.85,337.65,327.85,334.85,16220
BANKNIFTY16JUL2021700CE,2020/07/14,09:46,331.6,339,331.6,335,13260
BANKNIFTY16JUL2021700CE,2020/07/14,09:47,333.5,339,331.4,337,11100
BANKNIFTY16JUL2021700CE,2020/07/14,09:48,337,338.8,334.7,337,6240
BANKNIFTY16JUL2021700CE,2020/07/14,09:49,335.85,336,317.45,326.05,20960
BANKNIFTY16JUL2021700CE,2020/07/14,09:50,326.95,331.3,322.85,331.3,8660
BANKNIFTY16JUL2021700CE,2020/07/14,09:51,330.35,334.95,327.1,333.3,11200
BANKNIFTY16JUL2021700CE,2020/07/14,09:52,334.05,337.65,330.35,337.55,11380
BANKNIFTY16JUL2021700CE,2020/07/14,09:53,337.85,343.2,334.8,342.4,21660
BANKNIFTY16JUL2021700CE,2020/07/14,09:54,340.75,344.1,333,334.6,7420
BANKNIFTY16JUL2021700CE,2020/07/14,09:55,335,340.25,330.2,332.25,7280
BANKNIFTY16JUL2021700CE,2020/07/14,09:56,330.05,338.3,330.05,337,5480
BANKNIFTY16JUL2021700CE,2020/07/14,09:57,338.1,343.95,335.5,339.4,11820
BANKNIFTY16JUL2021700CE,2020/07/14,09:58,338.35,340.95,334.7,336,7000
BANKNIFTY16JUL2021700CE,2020/07/14,09:59,336,336,326,334,13440
BANKNIFTY16JUL2021700CE,2020/07/14,10:00,335,339.5,329.7,336.25,12600
BANKNIFTY16JUL2021700CE,2020/07/14,10:01,336.85,342.65,333,335,6600
BANKNIFTY16JUL2021700CE,2020/07/14,10:02,333,337.5,327,334.5,13820
BANKNIFTY16JUL2021700CE,2020/07/14,10:03,332.95,335.15,328.65,329,4280
BANKNIFTY16JUL2021700CE,2020/07/14,10:04,328.05,337.3,328.05,334.95,6800
BANKNIFTY16JUL2021700CE,2020/07/14,10:05,333.65,335.9,329,330.45,8140
BANKNIFTY16JUL2021700CE,2020/07/14,10:06,330.2,332,326.95,326.95,7940
BANKNIFTY16JUL2021700CE,2020/07/14,10:07,324,334.2,320,334.2,13940
BANKNIFTY16JUL2021700CE,2020/07/14,10:08,333.45,338.6,330.05,338.6,9920
BANKNIFTY16JUL2021700CE,2020/07/14,10:09,337.75,343.75,332.8,339.3,19680
BANKNIFTY16JUL2021700CE,2020/07/14,10:10,340.4,344.55,340.05,344.55,15840
BANKNIFTY16JUL2021700CE,2020/07/14,10:11,342.5,348.55,340.2,343.65,19740
BANKNIFTY16JUL2021700CE,2020/07/14,10:12,342,344.45,328.7,330.4,11700
BANKNIFTY16JUL2021700CE,2020/07/14,10:13,331.2,334.85,330,331.8,7240
BANKNIFTY16JUL2021700CE,2020/07/14,10:14,332.15,332.5,328.05,330,7520
BANKNIFTY16JUL2021700CE,2020/07/14,10:15,329.5,329.5,283.9,296.1,61840
BANKNIFTY16JUL2021700CE,2020/07/14,10:16,297.6,299,291.4,291.9,27500
BANKNIFTY16JUL2021700CE,2020/07/14,10:17,292.55,298,290,296.5,24840
BANKNIFTY16JUL2021700CE,2020/07/14,10:18,296.2,300.5,294.45,299,19840
BANKNIFTY16JUL2021700CE,2020/07/14,10:19,299,302.05,297.9,300.3,14400
BANKNIFTY16JUL2021700CE,2020/07/14,10:20,299,299,290,294.65,28540
BANKNIFTY16JUL2021700CE,2020/07/14,10:21,295.1,298.9,291.55,297,18000
BANKNIFTY16JUL2021700CE,2020/07/14,10:22,297,297.9,289.65,297.6,13540
BANKNIFTY16JUL2021700CE,2020/07/14,10:23,297.6,298.95,291.25,293.65,14200
BANKNIFTY16JUL2021700CE,2020/07/14,10:24,293,298,288,298,15280
BANKNIFTY16JUL2021700CE,2020/07/14,10:25,297.05,299.4,295,299,5180
BANKNIFTY16JUL2021700CE,2020/07/14,10:26,298.7,300,296.35,296.8,8160
BANKNIFTY16JUL2021700CE,2020/07/14,10:27,298.8,299,291.35,292.25,10020
BANKNIFTY16JUL2021700CE,2020/07/14,10:28,293,299.6,293,299.6,4060
BANKNIFTY16JUL2021700CE,2020/07/14,10:29,298.6,298.6,293.75,298.05,7000
BANKNIFTY16JUL2021700CE,2020/07/14,10:30,295.55,296.05,290.1,294.3,9940
BANKNIFTY16JUL2021700CE,2020/07/14,10:31,294.3,295.15,289.3,291.55,13040
BANKNIFTY16JUL2021700CE,2020/07/14,10:32,291.55,291.55,276.6,289.75,24500
BANKNIFTY16JUL2021700CE,2020/07/14,10:33,290.8,291.8,285.55,287.5,10720
BANKNIFTY16JUL2021700CE,2020/07/14,10:34,288.25,291.05,287.3,288.55,9860
BANKNIFTY16JUL2021700CE,2020/07/14,10:35,288.9,289.8,280.6,280.95,17120
BANKNIFTY16JUL2021700CE,2020/07/14,10:36,280,280,266.3,275.6,19760
BANKNIFTY16JUL2021700CE,2020/07/14,10:37,275.45,280.6,274.85,278.2,10980
BANKNIFTY16JUL2021700CE,2020/07/14,10:38,278.2,281.8,277,280,9540
BANKNIFTY16JUL2021700CE,2020/07/14,10:39,280.9,281.85,277,277.6,5040
BANKNIFTY16JUL2021700CE,2020/07/14,10:40,277.6,280.4,274.25,278.5,8400
BANKNIFTY16JUL2021700CE,2020/07/14,10:41,276.65,277.5,272.2,273.95,10460
BANKNIFTY16JUL2021700CE,2020/07/14,10:42,274,274,262.45,270.8,16140
BANKNIFTY16JUL2021700CE,2020/07/14,10:43,270.3,273,264,264.95,14780
BANKNIFTY16JUL2021700CE,2020/07/14,10:44,264.45,274.45,264.45,272.65,19640
BANKNIFTY16JUL2021700CE,2020/07/14,10:45,270.6,272.75,261.5,265.75,14080
BANKNIFTY16JUL2021700CE,2020/07/14,10:46,265.3,271,264,268.15,9960
BANKNIFTY16JUL2021700CE,2020/07/14,10:47,268.9,272.15,264.35,271.8,12640
BANKNIFTY16JUL2021700CE,2020/07/14,10:48,270.9,273.4,267.15,267.75,8420
BANKNIFTY16JUL2021700CE,2020/07/14,10:49,267.15,272.3,267.15,271.05,3300
BANKNIFTY16JUL2021700CE,2020/07/14,10:50,271.5,271.5,263.85,266.6,8860
BANKNIFTY16JUL2021700CE,2020/07/14,10:51,267.2,268.4,262.9,264,5060
BANKNIFTY16JUL2021700CE,2020/07/14,10:52,264.85,268.1,262.85,263.55,7160
BANKNIFTY16JUL2021700CE,2020/07/14,10:53,263.45,265,255.5,261.5,17980
BANKNIFTY16JUL2021700CE,2020/07/14,10:54,261.4,262,238.7,261.15,34400
BANKNIFTY16JUL2021700CE,2020/07/14,10:55,261.15,268,254.65,262.1,41120
BANKNIFTY16JUL2021700CE,2020/07/14,10:56,264.1,264.35,252.75,261.7,19180
BANKNIFTY16JUL2021700CE,2020/07/14,10:57,260.5,260.85,255,256.7,12740
BANKNIFTY16JUL2021700CE,2020/07/14,10:58,257.4,259.05,251.5,257.8,19300
BANKNIFTY16JUL2021700CE,2020/07/14,10:59,258.65,259.05,250.45,251.85,18640
BANKNIFTY16JUL2021700CE,2020/07/14,11:00,251.1,257.6,246.45,252.9,31560
BANKNIFTY16JUL2021700CE,2020/07/14,11:01,253.1,256.15,252.3,255,12240
BANKNIFTY16JUL2021700CE,2020/07/14,11:02,254.35,255.35,247.7,252.2,15100
BANKNIFTY16JUL2021700CE,2020/07/14,11:03,253.1,255.7,237.5,244.45,22120
BANKNIFTY16JUL2021700CE,2020/07/14,11:04,245.7,246.75,234,239.7,22040
BANKNIFTY16JUL2021700CE,2020/07/14,11:05,239.3,241.95,236.05,241.95,13220
BANKNIFTY16JUL2021700CE,2020/07/14,11:06,239.8,240.95,227.15,228.1,27160
BANKNIFTY16JUL2021700CE,2020/07/14,11:07,230,233,229.35,233,14120
BANKNIFTY16JUL2021700CE,2020/07/14,11:08,232.25,233.15,226.1,227,19760
BANKNIFTY16JUL2021700CE,2020/07/14,11:09,227,229.35,223.2,226.9,15300
BANKNIFTY16JUL2021700CE,2020/07/14,11:10,226.5,227.8,224.4,226.1,10540
BANKNIFTY16JUL2021700CE,2020/07/14,11:11,226,228.65,224.65,227.25,26720
BANKNIFTY16JUL2021700CE,2020/07/14,11:12,228.25,232,227.4,229.65,18180
BANKNIFTY16JUL2021700CE,2020/07/14,11:13,230.65,231.95,228.4,230.45,9000
BANKNIFTY16JUL2021700CE,2020/07/14,11:14,230.45,236.35,230.45,236,10000
BANKNIFTY16JUL2021700CE,2020/07/14,11:15,235.05,236.05,232.25,233.6,6560
BANKNIFTY16JUL2021700CE,2020/07/14,11:16,234,234,229.6,232.35,11340
BANKNIFTY16JUL2021700CE,2020/07/14,11:17,232.5,240.9,231.15,238.55,13700
BANKNIFTY16JUL2021700CE,2020/07/14,11:18,238.55,251,238.5,246.7,27340
BANKNIFTY16JUL2021700CE,2020/07/14,11:19,246,253.7,244.8,248.1,24300
BANKNIFTY16JUL2021700CE,2020/07/14,11:20,248.15,253,244.4,252.25,22880
BANKNIFTY16JUL2021700CE,2020/07/14,11:21,252.65,252.65,246.8,249.55,17380
BANKNIFTY16JUL2021700CE,2020/07/14,11:22,250,250,240.95,243.35,13740
BANKNIFTY16JUL2021700CE,2020/07/14,11:23,243.25,245,239.6,239.6,7540
BANKNIFTY16JUL2021700CE,2020/07/14,11:24,240,240,235.85,237.15,16400
BANKNIFTY16JUL2021700CE,2020/07/14,11:25,236.25,242.65,236,242.65,14460
BANKNIFTY16JUL2021700CE,2020/07/14,11:26,242.25,244.4,240,243.75,10920
BANKNIFTY16JUL2021700CE,2020/07/14,11:27,244.85,248,240.75,248,8240
BANKNIFTY16JUL2021700CE,2020/07/14,11:28,246.65,247.1,243,244.1,5860
BANKNIFTY16JUL2021700CE,2020/07/14,11:29,243.3,244.4,240.2,243.3,3300
BANKNIFTY16JUL2021700CE,2020/07/14,11:30,243.3,248,243.3,247,5120
BANKNIFTY16JUL2021700CE,2020/07/14,11:31,246.95,256.85,246.75,256.85,12240
BANKNIFTY16JUL2021700CE,2020/07/14,11:32,255.4,256.7,252.6,255.65,7920
BANKNIFTY16JUL2021700CE,2020/07/14,11:33,255.9,262.45,255.9,261.5,25540
BANKNIFTY16JUL2021700CE,2020/07/14,11:34,263.35,265,257.95,257.95,20080
BANKNIFTY16JUL2021700CE,2020/07/14,11:35,257.95,262.1,257.95,261.7,16220
BANKNIFTY16JUL2021700CE,2020/07/14,11:36,262.2,264.65,251.15,256.15,19700
BANKNIFTY16JUL2021700CE,2020/07/14,11:37,257.05,258.45,253.2,253.2,11420
BANKNIFTY16JUL2021700CE,2020/07/14,11:38,253.3,255.75,251,254.5,9180
BANKNIFTY16JUL2021700CE,2020/07/14,11:39,254.5,262.25,254.45,261.7,9220
BANKNIFTY16JUL2021700CE,2020/07/14,11:40,262,267.75,261,267.7,23800
BANKNIFTY16JUL2021700CE,2020/07/14,11:41,267.3,268.95,263.4,265.25,15120
BANKNIFTY16JUL2021700CE,2020/07/14,11:42,265.35,265.5,259.4,260.1,7720
BANKNIFTY16JUL2021700CE,2020/07/14,11:43,260.1,264.3,260.1,263.5,12320
BANKNIFTY16JUL2021700CE,2020/07/14,11:44,263.65,267.7,260,267.7,12620
BANKNIFTY16JUL2021700CE,2020/07/14,11:45,266.25,267.35,261.15,262.25,11660
BANKNIFTY16JUL2021700CE,2020/07/14,11:46,261,262,257.25,259.2,8580
BANKNIFTY16JUL2021700CE,2020/07/14,11:47,259.9,259.9,247.9,250.8,18540
BANKNIFTY16JUL2021700CE,2020/07/14,11:48,250,250.9,241.95,245.75,14220
BANKNIFTY16JUL2021700CE,2020/07/14,11:49,245.75,251.45,244.95,248.9,4720
BANKNIFTY16JUL2021700CE,2020/07/14,11:50,249.65,254.75,248.55,253.15,4260
BANKNIFTY16JUL2021700CE,2020/07/14,11:51,252.55,258.75,252.55,256,5900
BANKNIFTY16JUL2021700CE,2020/07/14,11:52,255.5,256.7,252.55,253,4560
BANKNIFTY16JUL2021700CE,2020/07/14,11:53,253.25,255,250.3,255,5160
BANKNIFTY16JUL2021700CE,2020/07/14,11:54,255,256.05,242.15,246.8,15140
BANKNIFTY16JUL2021700CE,2020/07/14,11:55,247.85,255,247.5,250.65,10600
BANKNIFTY16JUL2021700CE,2020/07/14,11:56,250.65,253.25,248.45,248.45,5060
BANKNIFTY16JUL2021700CE,2020/07/14,11:57,250.45,251,242.7,243.55,19540
BANKNIFTY16JUL2021700CE,2020/07/14,11:58,242.65,248,242,244.4,4800
BANKNIFTY16JUL2021700CE,2020/07/14,11:59,244.4,249.2,244.4,249.2,4000
BANKNIFTY16JUL2021700CE,2020/07/14,12:00,250.65,251.95,245.8,250.55,7120
BANKNIFTY16JUL2021700CE,2020/07/14,12:01,251,251.15,242.65,245,11260
BANKNIFTY16JUL2021700CE,2020/07/14,12:02,245,245.8,237.15,237.8,12860
BANKNIFTY16JUL2021700CE,2020/07/14,12:03,239.6,243.75,239.6,241.35,6200
BANKNIFTY16JUL2021700CE,2020/07/14,12:04,241.25,243.4,239.5,241.6,7640
BANKNIFTY16JUL2021700CE,2020/07/14,12:05,242,243.3,236,236.55,8340
BANKNIFTY16JUL2021700CE,2020/07/14,12:06,236.55,244.4,236.55,237,5240
BANKNIFTY16JUL2021700CE,2020/07/14,12:07,237.5,242.55,236.9,239,3560
BANKNIFTY16JUL2021700CE,2020/07/14,12:08,239.35,244.65,239.35,240.55,4780
BANKNIFTY16JUL2021700CE,2020/07/14,12:09,240.55,242.2,237.25,239.85,3220
BANKNIFTY16JUL2021700CE,2020/07/14,12:10,240.8,241.4,237.85,238.2,2560
BANKNIFTY16JUL2021700CE,2020/07/14,12:11,238.2,239.85,229.8,235.15,13300
BANKNIFTY16JUL2021700CE,2020/07/14,12:12,235.15,237.4,231.95,231.95,5720
BANKNIFTY16JUL2021700CE,2020/07/14,12:13,232.2,236.05,230,236.05,10780
BANKNIFTY16JUL2021700CE,2020/07/14,12:14,236.05,239,234.35,239,3940
BANKNIFTY16JUL2021700CE,2020/07/14,12:15,240.2,251.85,239,251.1,29760
BANKNIFTY16JUL2021700CE,2020/07/14,12:16,251.1,258.65,250.25,251.15,18300
BANKNIFTY16JUL2021700CE,2020/07/14,12:17,253.8,253.95,250.5,251.95,9640
BANKNIFTY16JUL2021700CE,2020/07/14,12:18,251.95,251.95,246,246.85,6060
BANKNIFTY16JUL2021700CE,2020/07/14,12:19,246.55,253.4,246.55,250.5,5460
BANKNIFTY16JUL2021700CE,2020/07/14,12:20,250.25,251.05,245,245.2,4340
BANKNIFTY16JUL2021700CE,2020/07/14,12:21,245.2,249.6,245.2,247.6,5840
BANKNIFTY16JUL2021700CE,2020/07/14,12:22,248.55,251.45,244.3,251.45,9880
BANKNIFTY16JUL2021700CE,2020/07/14,12:23,250.75,255,250,252,7400
BANKNIFTY16JUL2021700CE,2020/07/14,12:24,252,252,246.7,248.25,4000
BANKNIFTY16JUL2021700CE,2020/07/14,12:25,248,248,237.05,240.95,8800
BANKNIFTY16JUL2021700CE,2020/07/14,12:26,243,245.5,240.9,245.5,5920
BANKNIFTY16JUL2021700CE,2020/07/14,12:27,244.65,244.95,240.3,241.95,3340
BANKNIFTY16JUL2021700CE,2020/07/14,12:28,241.95,241.95,194.35,207.75,75440
BANKNIFTY16JUL2021700CE,2020/07/14,12:29,208.95,212.9,208.1,211.05,33220
BANKNIFTY16JUL2021700CE,2020/07/14,12:30,209.3,214.9,207.3,214.9,19160
BANKNIFTY16JUL2021700CE,2020/07/14,12:31,215.1,215.1,209.35,212.5,14280
BANKNIFTY16JUL2021700CE,2020/07/14,12:32,212.5,213.4,198.05,199.7,37180
BANKNIFTY16JUL2021700CE,2020/07/14,12:33,200.8,201.7,193.55,198.05,22640
BANKNIFTY16JUL2021700CE,2020/07/14,12:34,197.95,197.95,182.25,182.25,34760
BANKNIFTY16JUL2021700CE,2020/07/14,12:35,184.75,195.7,184.4,195.7,35480
BANKNIFTY16JUL2021700CE,2020/07/14,12:36,195.6,199.15,194.8,196.95,16280
BANKNIFTY16JUL2021700CE,2020/07/14,12:37,197.45,200.35,194,194.95,15580
BANKNIFTY16JUL2021700CE,2020/07/14,12:38,196.8,198.35,194.4,197.75,14740
BANKNIFTY16JUL2021700CE,2020/07/14,12:39,195.35,199.1,195.2,197.65,10800
BANKNIFTY16JUL2021700CE,2020/07/14,12:40,196.7,197.65,194.95,197.55,10980
BANKNIFTY16JUL2021700CE,2020/07/14,12:41,197.2,204.4,196.9,198.15,11680
BANKNIFTY16JUL2021700CE,2020/07/14,12:42,199.4,203.5,196.9,198.15,18740
BANKNIFTY16JUL2021700CE,2020/07/14,12:43,200,203.95,199.2,199.8,7080
BANKNIFTY16JUL2021700CE,2020/07/14,12:44,200.7,200.85,195.4,196.6,4500
BANKNIFTY16JUL2021700CE,2020/07/14,12:45,195.05,196.8,194.35,194.85,5460
BANKNIFTY16JUL2021700CE,2020/07/14,12:46,193.7,194.25,186.4,187.1,12140
BANKNIFTY16JUL2021700CE,2020/07/14,12:47,186.35,190.95,183,186.65,13180
BANKNIFTY16JUL2021700CE,2020/07/14,12:48,186.3,192.6,185.35,192.25,9520
BANKNIFTY16JUL2021700CE,2020/07/14,12:49,192.7,197.4,191.2,195.4,8800
BANKNIFTY16JUL2021700CE,2020/07/14,12:50,195.4,199,194.35,196.85,5960
BANKNIFTY16JUL2021700CE,2020/07/14,12:51,198.85,198.95,190.3,190.3,10140
BANKNIFTY16JUL2021700CE,2020/07/14,12:52,191.15,191.25,172,178.9,38820
BANKNIFTY16JUL2021700CE,2020/07/14,12:53,179.1,185,179.1,182.25,13760
BANKNIFTY16JUL2021700CE,2020/07/14,12:54,181.6,186,180.25,185.5,20160
BANKNIFTY16JUL2021700CE,2020/07/14,12:55,185.7,186.8,183.65,186.7,19380
BANKNIFTY16JUL2021700CE,2020/07/14,12:56,186.8,192,184.95,189.7,11840
BANKNIFTY16JUL2021700CE,2020/07/14,12:57,189.7,195.75,189,195.15,14520
BANKNIFTY16JUL2021700CE,2020/07/14,12:58,195.15,196.4,193.65,195.25,10280
BANKNIFTY16JUL2021700CE,2020/07/14,12:59,195.25,196.25,190.1,195,9520
BANKNIFTY16JUL2021700CE,2020/07/14,13:00,195,195,186.5,189.5,11320
BANKNIFTY16JUL2021700CE,2020/07/14,13:01,189.75,194.4,188.05,192.95,7420
BANKNIFTY16JUL2021700CE,2020/07/14,13:02,192.95,193.4,183,183,8360
BANKNIFTY16JUL2021700CE,2020/07/14,13:03,181.75,186.9,181.15,185.55,42140
BANKNIFTY16JUL2021700CE,2020/07/14,13:04,184.2,184.2,180,180.85,9080
BANKNIFTY16JUL2021700CE,2020/07/14,13:05,170.65,178,159.2,178,43920
BANKNIFTY16JUL2021700CE,2020/07/14,13:06,177.6,179.55,176.65,178.15,9620
BANKNIFTY16JUL2021700CE,2020/07/14,13:07,179,182.1,177.65,180,10020
BANKNIFTY16JUL2021700CE,2020/07/14,13:08,180.05,183.8,179,180.55,9120
BANKNIFTY16JUL2021700CE,2020/07/14,13:09,180.55,181.3,164.45,168.25,29920
BANKNIFTY16JUL2021700CE,2020/07/14,13:10,169.2,173.4,167.95,169.35,25320
BANKNIFTY16JUL2021700CE,2020/07/14,13:11,169,169.3,154.55,167,43560
BANKNIFTY16JUL2021700CE,2020/07/14,13:12,167.25,171.05,165.1,166,22520
BANKNIFTY16JUL2021700CE,2020/07/14,13:13,165.75,168.1,162,166.55,17160
BANKNIFTY16JUL2021700CE,2020/07/14,13:14,165.75,166.25,162.15,166.05,11100
BANKNIFTY16JUL2021700CE,2020/07/14,13:15,165.25,171.75,162.55,171.75,23200
BANKNIFTY16JUL2021700CE,2020/07/14,13:16,170.75,172.15,164.45,170.9,15260
BANKNIFTY16JUL2021700CE,2020/07/14,13:17,171.25,175.25,170.75,173.4,22360
BANKNIFTY16JUL2021700CE,2020/07/14,13:18,172.65,174.6,171.25,172.2,25260
BANKNIFTY16JUL2021700CE,2020/07/14,13:19,172.2,174.55,169.9,173.05,16900
BANKNIFTY16JUL2021700CE,2020/07/14,13:20,173.6,174,167,170.7,17180
BANKNIFTY16JUL2021700CE,2020/07/14,13:21,170,173.65,168.4,172.15,6700
BANKNIFTY16JUL2021700CE,2020/07/14,13:22,172.15,177.95,170,174.05,14960
BANKNIFTY16JUL2021700CE,2020/07/14,13:23,173,174.8,165.9,166.45,9160
BANKNIFTY16JUL2021700CE,2020/07/14,13:24,167.35,170.8,163.05,169.15,9340
BANKNIFTY16JUL2021700CE,2020/07/14,13:25,170.2,171,166.1,171,8700
BANKNIFTY16JUL2021700CE,2020/07/14,13:26,170.8,173,168.4,169.55,6720
BANKNIFTY16JUL2021700CE,2020/07/14,13:27,169.55,173.8,167.4,171.3,5180
BANKNIFTY16JUL2021700CE,2020/07/14,13:28,171.3,176.3,170.55,173.75,8060
BANKNIFTY16JUL2021700CE,2020/07/14,13:29,173.75,177.7,173.55,175.85,17000
BANKNIFTY16JUL2021700CE,2020/07/14,13:30,175.75,179.5,172.4,177.7,11500
BANKNIFTY16JUL2021700CE,2020/07/14,13:31,176.25,184.9,175.95,183.45,23360
BANKNIFTY16JUL2021700CE,2020/07/14,13:32,183.45,187.55,181.65,184,13840
BANKNIFTY16JUL2021700CE,2020/07/14,13:33,184,184,176.5,179,14380
BANKNIFTY16JUL2021700CE,2020/07/14,13:34,179,183.6,179,182.4,4520
BANKNIFTY16JUL2021700CE,2020/07/14,13:35,180.2,180.25,173.75,175.8,7740
BANKNIFTY16JUL2021700CE,2020/07/14,13:36,175.8,190.15,175.8,186.4,19080
BANKNIFTY16JUL2021700CE,2020/07/14,13:37,187.15,193.65,187.05,191,14120
BANKNIFTY16JUL2021700CE,2020/07/14,13:38,191,191.35,186.1,187.6,11820
BANKNIFTY16JUL2021700CE,2020/07/14,13:39,187.4,195.8,186.65,187.55,11940
BANKNIFTY16JUL2021700CE,2020/07/14,13:40,187.35,200,187.35,196.65,22220
BANKNIFTY16JUL2021700CE,2020/07/14,13:41,197.9,198.7,193.15,193.55,16580
BANKNIFTY16JUL2021700CE,2020/07/14,13:42,194.05,201.65,193.6,196.1,17060
BANKNIFTY16JUL2021700CE,2020/07/14,13:43,194.3,194.3,186.3,188.35,12060
BANKNIFTY16JUL2021700CE,2020/07/14,13:44,189.1,189.1,183.15,186.6,7320
BANKNIFTY16JUL2021700CE,2020/07/14,13:45,186.95,191.2,184.9,188.8,8720
BANKNIFTY16JUL2021700CE,2020/07/14,13:46,188,189.55,182.5,187.6,10360
BANKNIFTY16JUL2021700CE,2020/07/14,13:47,187.6,190,185.85,186.65,4480
BANKNIFTY16JUL2021700CE,2020/07/14,13:48,186.65,187.5,178.65,184.35,10660
BANKNIFTY16JUL2021700CE,2020/07/14,13:49,184.45,184.45,178.4,183.25,7240
BANKNIFTY16JUL2021700CE,2020/07/14,13:50,183.15,187.65,180.65,185.15,6800
BANKNIFTY16JUL2021700CE,2020/07/14,13:51,186,190.35,182.7,187.4,12240
BANKNIFTY16JUL2021700CE,2020/07/14,13:52,188.6,193.95,187.15,193.35,6660
BANKNIFTY16JUL2021700CE,2020/07/14,13:53,193.3,203.05,190.35,200.55,29580
BANKNIFTY16JUL2021700CE,2020/07/14,13:54,199.65,207.1,197,200.75,16820
BANKNIFTY16JUL2021700CE,2020/07/14,13:55,202.35,204.35,194.3,195.35,11940
BANKNIFTY16JUL2021700CE,2020/07/14,13:56,195.6,198.3,191.85,194.5,10700
BANKNIFTY16JUL2021700CE,2020/07/14,13:57,194,194,186.2,191.8,10340
BANKNIFTY16JUL2021700CE,2020/07/14,13:58,191.8,192,187.45,188.05,4580
BANKNIFTY16JUL2021700CE,2020/07/14,13:59,188.5,195.4,188.15,192.4,5640
BANKNIFTY16JUL2021700CE,2020/07/14,14:00,193.15,200.15,190.6,196.2,12140
BANKNIFTY16JUL2021700CE,2020/07/14,14:01,195,200.3,193.9,198.25,7260
BANKNIFTY16JUL2021700CE,2020/07/14,14:02,199,201.45,194,197.4,9120
BANKNIFTY16JUL2021700CE,2020/07/14,14:03,197.4,200.65,191.65,194.6,7200
BANKNIFTY16JUL2021700CE,2020/07/14,14:04,194.05,194.05,173.95,184.25,23480
BANKNIFTY16JUL2021700CE,2020/07/14,14:05,184.1,184.1,175.3,178.65,13180
BANKNIFTY16JUL2021700CE,2020/07/14,14:06,178.65,180.6,170.6,178.45,10440
BANKNIFTY16JUL2021700CE,2020/07/14,14:07,178.45,181.3,177.1,180.6,5900
BANKNIFTY16JUL2021700CE,2020/07/14,14:08,180.6,181.85,176.5,179,4720
BANKNIFTY16JUL2021700CE,2020/07/14,14:09,177.9,183.6,176.3,182.25,8780
BANKNIFTY16JUL2021700CE,2020/07/14,14:10,182.25,187.25,179.05,184.35,5960
BANKNIFTY16JUL2021700CE,2020/07/14,14:11,184.35,186,179.45,182.2,6200
BANKNIFTY16JUL2021700CE,2020/07/14,14:12,182.2,189.7,181.25,188,5840
BANKNIFTY16JUL2021700CE,2020/07/14,14:13,188,196.8,184.35,196.8,13680
BANKNIFTY16JUL2021700CE,2020/07/14,14:14,196.95,199.9,190.65,194.3,20480
BANKNIFTY16JUL2021700CE,2020/07/14,14:15,193,210.45,193,209.8,30220
BANKNIFTY16JUL2021700CE,2020/07/14,14:16,210.05,210.05,196.4,200,14960
BANKNIFTY16JUL2021700CE,2020/07/14,14:17,199.75,204.65,198.3,198.3,13500
BANKNIFTY16JUL2021700CE,2020/07/14,14:18,197.95,200.05,193.6,200.05,10040
BANKNIFTY16JUL2021700CE,2020/07/14,14:19,199.55,199.55,188.5,190,9460
BANKNIFTY16JUL2021700CE,2020/07/14,14:20,189.85,189.85,180.55,183.5,21220
BANKNIFTY16JUL2021700CE,2020/07/14,14:21,182.4,183.4,173.3,173.3,19820
BANKNIFTY16JUL2021700CE,2020/07/14,14:22,174.35,178,169.5,174.6,14400
BANKNIFTY16JUL2021700CE,2020/07/14,14:23,174.7,177.9,169.55,169.6,13660
BANKNIFTY16JUL2021700CE,2020/07/14,14:24,170,170,162.4,167.5,28340
BANKNIFTY16JUL2021700CE,2020/07/14,14:25,167.5,169.75,165.05,168.75,9020
BANKNIFTY16JUL2021700CE,2020/07/14,14:26,167.55,172,167,172,5880
BANKNIFTY16JUL2021700CE,2020/07/14,14:27,172,172.7,167.25,170.65,4060
BANKNIFTY16JUL2021700CE,2020/07/14,14:28,170.65,171.35,166,167.2,5200
BANKNIFTY16JUL2021700CE,2020/07/14,14:29,167.2,168.75,163.55,166,8940
BANKNIFTY16JUL2021700CE,2020/07/14,14:30,166.2,170.65,163.75,170.65,6960
BANKNIFTY16JUL2021700CE,2020/07/14,14:31,170.35,172,167.3,171.9,5860
BANKNIFTY16JUL2021700CE,2020/07/14,14:32,172.1,179.3,170.9,179,13900
BANKNIFTY16JUL2021700CE,2020/07/14,14:33,179.9,187.3,178.15,181.9,18880
BANKNIFTY16JUL2021700CE,2020/07/14,14:34,181.35,183.7,175,181.15,9740
BANKNIFTY16JUL2021700CE,2020/07/14,14:35,180.9,180.9,170.8,177.1,6640
BANKNIFTY16JUL2021700CE,2020/07/14,14:36,177.05,178,170,178,5980
BANKNIFTY16JUL2021700CE,2020/07/14,14:37,178.9,182.1,174,182.1,7500
BANKNIFTY16JUL2021700CE,2020/07/14,14:38,183.25,183.5,176.55,176.55,9540
BANKNIFTY16JUL2021700CE,2020/07/14,14:39,176.55,180.15,173.15,177.8,5080
BANKNIFTY16JUL2021700CE,2020/07/14,14:40,177.95,177.95,168.5,173.65,11320
BANKNIFTY16JUL2021700CE,2020/07/14,14:41,174.3,175.2,167.4,173.8,11640
BANKNIFTY16JUL2021700CE,2020/07/14,14:42,173.8,175,169,169,7800
BANKNIFTY16JUL2021700CE,2020/07/14,14:43,169.95,171.8,165,168.05,11800
BANKNIFTY16JUL2021700CE,2020/07/14,14:44,167.55,169,158.3,166.2,15460
BANKNIFTY16JUL2021700CE,2020/07/14,14:45,166.2,171.75,162.9,171.75,11340
BANKNIFTY16JUL2021700CE,2020/07/14,14:46,171.1,179.5,170.05,176.4,14320
BANKNIFTY16JUL2021700CE,2020/07/14,14:47,176,184.65,175.25,179.85,16000
BANKNIFTY16JUL2021700CE,2020/07/14,14:48,180.15,181.65,175.9,181.65,6580
BANKNIFTY16JUL2021700CE,2020/07/14,14:49,181.35,183,174.7,179.35,12380
BANKNIFTY16JUL2021700CE,2020/07/14,14:50,178.85,179.15,175.5,176.55,5340
BANKNIFTY16JUL2021700CE,2020/07/14,14:51,174.55,181.7,173.15,179.45,7640
BANKNIFTY16JUL2021700CE,2020/07/14,14:52,178.95,186.75,177,184.5,12800
BANKNIFTY16JUL2021700CE,2020/07/14,14:53,185,185,178.6,178.6,9040
BANKNIFTY16JUL2021700CE,2020/07/14,14:54,179,184.5,177.45,183,10120
BANKNIFTY16JUL2021700CE,2020/07/14,14:55,182.35,183,176.6,178.35,16780
BANKNIFTY16JUL2021700CE,2020/07/14,14:56,178.25,186.7,178,178.9,27320
BANKNIFTY16JUL2021700CE,2020/07/14,14:57,179,179.6,176.4,178.05,19760
BANKNIFTY16JUL2021700CE,2020/07/14,14:58,178.05,185.95,176.15,184.75,24440
BANKNIFTY16JUL2021700CE,2020/07/14,14:59,185.25,185.25,180.9,182.55,12500
BANKNIFTY16JUL2021700CE,2020/07/14,15:00,182.55,193.3,182.55,188.5,32820
BANKNIFTY16JUL2021700CE,2020/07/14,15:01,189.5,189.5,184.15,188.45,10680
BANKNIFTY16JUL2021700CE,2020/07/14,15:02,188.45,190.35,179.05,180.7,19520
BANKNIFTY16JUL2021700CE,2020/07/14,15:03,181.65,181.7,172.35,177,23440
BANKNIFTY16JUL2021700CE,2020/07/14,15:04,175.65,176.55,167.4,169.75,22740
BANKNIFTY16JUL2021700CE,2020/07/14,15:05,170.4,175.45,169.05,172.9,10940
BANKNIFTY16JUL2021700CE,2020/07/14,15:06,173,178.6,170.85,171.9,7220
BANKNIFTY16JUL2021700CE,2020/07/14,15:07,172.2,175.2,166.9,174.6,16760
BANKNIFTY16JUL2021700CE,2020/07/14,15:08,174.95,176.35,172.2,174.35,10700
BANKNIFTY16JUL2021700CE,2020/07/14,15:09,173.85,175.7,170.9,173.4,18140
BANKNIFTY16JUL2021700CE,2020/07/14,15:10,173.2,179.35,173.2,174.85,12160
BANKNIFTY16JUL2021700CE,2020/07/14,15:11,174.8,178.25,173.8,177.8,9380
BANKNIFTY16JUL2021700CE,2020/07/14,15:12,177.8,183,176,181.4,13960
BANKNIFTY16JUL2021700CE,2020/07/14,15:13,181.35,187.1,181.2,186.3,9380
BANKNIFTY16JUL2021700CE,2020/07/14,15:14,186.5,187.9,184,187.7,19000
BANKNIFTY16JUL2021700CE,2020/07/14,15:15,189.3,202.45,188.9,201.9,34600
BANKNIFTY16JUL2021700CE,2020/07/14,15:16,202.4,204,200.25,202.85,18000
BANKNIFTY16JUL2021700CE,2020/07/14,15:17,203,205.65,196.5,198.05,17440
BANKNIFTY16JUL2021700CE,2020/07/14,15:18,198.05,202.4,198.05,201.3,20480
BANKNIFTY16JUL2021700CE,2020/07/14,15:19,201.4,201.4,195.25,195.85,11380
BANKNIFTY16JUL2021700CE,2020/07/14,15:20,195.55,206.1,195.55,204.55,33440
BANKNIFTY16JUL2021700CE,2020/07/14,15:21,204.35,206,195.85,196.35,15380
BANKNIFTY16JUL2021700CE,2020/07/14,15:22,197.35,199.9,196,196.5,8060
BANKNIFTY16JUL2021700CE,2020/07/14,15:23,195.95,196.75,194.7,194.95,8920
BANKNIFTY16JUL2021700CE,2020/07/14,15:24,194.45,194.45,191.25,192.45,7820
BANKNIFTY16JUL2021700CE,2020/07/14,15:25,192.15,194.15,187.75,191.6,16280
BANKNIFTY16JUL2021700CE,2020/07/14,15:26,191.6,195.4,191.6,194.55,7900
BANKNIFTY16JUL2021700CE,2020/07/14,15:27,194.7,194.7,191.95,193,15220
BANKNIFTY16JUL2021700CE,2020/07/14,15:28,192.65,196.5,192.65,196.5,15940
BANKNIFTY16JUL2021700CE,2020/07/14,15:29,195.95,197.6,195.2,196.35,18700
BANKNIFTY16JUL2021700CE,2020/07/15,09:15,250.1,257,222.55,230,55980
BANKNIFTY16JUL2021700CE,2020/07/15,09:16,229.95,242.9,229.95,240.05,45880
BANKNIFTY16JUL2021700CE,2020/07/15,09:17,242.15,242.15,235.15,237.25,36640
BANKNIFTY16JUL2021700CE,2020/07/15,09:18,238,238,232,233.3,31820
BANKNIFTY16JUL2021700CE,2020/07/15,09:19,232.2,232.5,225.1,229.5,42940
BANKNIFTY16JUL2021700CE,2020/07/15,09:20,230.25,230.55,216.25,216.25,41080
BANKNIFTY16JUL2021700CE,2020/07/15,09:21,216.85,220.5,216.85,218.6,38480
BANKNIFTY16JUL2021700CE,2020/07/15,09:22,218.8,218.8,202,202.35,44980
BANKNIFTY16JUL2021700CE,2020/07/15,09:23,203.1,205,195.35,200.3,35840
BANKNIFTY16JUL2021700CE,2020/07/15,09:24,199.85,212,199.8,210.9,32040
BANKNIFTY16JUL2021700CE,2020/07/15,09:25,210.6,216.35,208.05,215,20060
BANKNIFTY16JUL2021700CE,2020/07/15,09:26,214.75,224.8,212.65,221.85,32480
BANKNIFTY16JUL2021700CE,2020/07/15,09:27,222.5,227.45,221.2,226.3,33100
BANKNIFTY16JUL2021700CE,2020/07/15,09:28,225.45,226.25,216.8,221.1,38000
BANKNIFTY16JUL2021700CE,2020/07/15,09:29,221.55,226.8,220.45,222.1,37240
BANKNIFTY16JUL2021700CE,2020/07/15,09:30,224.15,248.4,222.95,248.4,54460
BANKNIFTY16JUL2021700CE,2020/07/15,09:31,246.1,253.15,245.3,251.35,67660
BANKNIFTY16JUL2021700CE,2020/07/15,09:32,250.8,272.55,250.8,261.5,87440
BANKNIFTY16JUL2021700CE,2020/07/15,09:33,264,270.8,256.65,266.45,62140
BANKNIFTY16JUL2021700CE,2020/07/15,09:34,265.35,283,265.35,278.45,101820
BANKNIFTY16JUL2021700CE,2020/07/15,09:35,280,293.75,279.6,283.35,84300
BANKNIFTY16JUL2021700CE,2020/07/15,09:36,284.45,285.85,279.85,279.85,52280
BANKNIFTY16JUL2021700CE,2020/07/15,09:37,279.15,299.5,279.15,294.75,54740
BANKNIFTY16JUL2021700CE,2020/07/15,09:38,296.75,308.2,293.95,308.2,45860
BANKNIFTY16JUL2021700CE,2020/07/15,09:39,307,319.8,304.2,309.75,81240
BANKNIFTY16JUL2021700CE,2020/07/15,09:40,310.2,311.25,292.4,300.15,58460
BANKNIFTY16JUL2021700CE,2020/07/15,09:41,300.1,304.25,294.95,304.1,53440
BANKNIFTY16JUL2021700CE,2020/07/15,09:42,299.95,314.65,299.95,313.35,32560
BANKNIFTY16JUL2021700CE,2020/07/15,09:43,313.7,315.9,303.9,312.55,30020
BANKNIFTY16JUL2021700CE,2020/07/15,09:44,313.6,313.7,295.95,304.3,26200
BANKNIFTY16JUL2021700CE,2020/07/15,09:45,303.85,320,303.85,309.45,58160
BANKNIFTY16JUL2021700CE,2020/07/15,09:46,310.9,314,304.15,306.25,29680
BANKNIFTY16JUL2021700CE,2020/07/15,09:47,308.75,309.2,301.75,308.4,31040
BANKNIFTY16JUL2021700CE,2020/07/15,09:48,307,307,295.85,295.85,26840
BANKNIFTY16JUL2021700CE,2020/07/15,09:49,296.65,303,290.2,297,31260
BANKNIFTY16JUL2021700CE,2020/07/15,09:50,295.75,299.85,294,297.05,17900
BANKNIFTY16JUL2021700CE,2020/07/15,09:51,295.2,300,289.75,296,25060
BANKNIFTY16JUL2021700CE,2020/07/15,09:52,295.7,303,295.7,303,16340
BANKNIFTY16JUL2021700CE,2020/07/15,09:53,303.5,309,301.1,305.4,26760
BANKNIFTY16JUL2021700CE,2020/07/15,09:54,306.35,314.95,306.05,310.7,32100
BANKNIFTY16JUL2021700CE,2020/07/15,09:55,314.55,327.8,310.25,311.55,55100
BANKNIFTY16JUL2021700CE,2020/07/15,09:56,312.8,314,302.7,306.4,32820
BANKNIFTY16JUL2021700CE,2020/07/15,09:57,307.95,307.95,294.15,298.4,27880
BANKNIFTY16JUL2021700CE,2020/07/15,09:58,297.5,308.6,297.3,305.05,20820
BANKNIFTY16JUL2021700CE,2020/07/15,09:59,305,307.65,300,302.3,14020
BANKNIFTY16JUL2021700CE,2020/07/15,10:00,302.7,308,299.8,305.1,20320
BANKNIFTY16JUL2021700CE,2020/07/15,10:01,306.55,313.15,303.15,311.9,24680
BANKNIFTY16JUL2021700CE,2020/07/15,10:02,312.05,313.25,303,304.35,26360
BANKNIFTY16JUL2021700CE,2020/07/15,10:03,303.75,305,298,301.3,15900
BANKNIFTY16JUL2021700CE,2020/07/15,10:04,302.65,306,298,301.45,16520
BANKNIFTY16JUL2021700CE,2020/07/15,10:05,300.7,302.5,285.45,287,35200
BANKNIFTY16JUL2021700CE,2020/07/15,10:06,288.65,292.95,278.6,288,36060
BANKNIFTY16JUL2021700CE,2020/07/15,10:07,287.45,292.95,287.4,291.35,19480
BANKNIFTY16JUL2021700CE,2020/07/15,10:08,290.5,294.95,290.5,291.8,16060
BANKNIFTY16JUL2021700CE,2020/07/15,10:09,291.3,298.5,291.3,296.55,17480
BANKNIFTY16JUL2021700CE,2020/07/15,10:10,297.85,305,297.3,304,21500
BANKNIFTY16JUL2021700CE,2020/07/15,10:11,303.4,307,299,299.25,24840
BANKNIFTY16JUL2021700CE,2020/07/15,10:12,299.05,302.4,292.5,292.5,17440
BANKNIFTY16JUL2021700CE,2020/07/15,10:13,290.65,295.2,287.2,291.05,20720
BANKNIFTY16JUL2021700CE,2020/07/15,10:14,291.75,292.45,288.3,292.45,9240
BANKNIFTY16JUL2021700CE,2020/07/15,10:15,292.45,323.45,291.35,323.45,53100
BANKNIFTY16JUL2021700CE,2020/07/15,10:16,322.65,339,320,325.95,95500
BANKNIFTY16JUL2021700CE,2020/07/15,10:17,328.65,335,326.05,328.05,50980
BANKNIFTY16JUL2021700CE,2020/07/15,10:18,328,337.05,326.95,331.8,34660
BANKNIFTY16JUL2021700CE,2020/07/15,10:19,335.45,341.7,329,329,37780
BANKNIFTY16JUL2021700CE,2020/07/15,10:20,331.35,350,331.35,342,46060
BANKNIFTY16JUL2021700CE,2020/07/15,10:21,341.9,344.35,334,340,24000
BANKNIFTY16JUL2021700CE,2020/07/15,10:22,340.2,345.7,338.05,342.15,15500
BANKNIFTY16JUL2021700CE,2020/07/15,10:23,342.2,344.75,336.1,342.25,17000
BANKNIFTY16JUL2021700CE,2020/07/15,10:24,342.05,344.9,334.35,338,24000
BANKNIFTY16JUL2021700CE,2020/07/15,10:25,336.15,342.35,330.25,334.8,18460
BANKNIFTY16JUL2021700CE,2020/07/15,10:26,332.3,343.75,330.5,343.75,20440
BANKNIFTY16JUL2021700CE,2020/07/15,10:27,344,360,342.35,353.95,50080
BANKNIFTY16JUL2021700CE,2020/07/15,10:28,351.75,352.9,347,349.4,17180
BANKNIFTY16JUL2021700CE,2020/07/15,10:29,347.4,355.35,347.4,350.1,18060
BANKNIFTY16JUL2021700CE,2020/07/15,10:30,351.6,355.7,349.4,351.8,11180
BANKNIFTY16JUL2021700CE,2020/07/15,10:31,352.55,354.65,350,350.6,9360
BANKNIFTY16JUL2021700CE,2020/07/15,10:32,352,359.6,351.75,352.25,20120
BANKNIFTY16JUL2021700CE,2020/07/15,10:33,352.65,354.25,335.1,343.8,31740
BANKNIFTY16JUL2021700CE,2020/07/15,10:34,342,343.8,326.2,330.1,27540
BANKNIFTY16JUL2021700CE,2020/07/15,10:35,330.1,342.85,328.8,339.85,16240
BANKNIFTY16JUL2021700CE,2020/07/15,10:36,340.2,346.45,335.95,338.75,14280
BANKNIFTY16JUL2021700CE,2020/07/15,10:37,339.05,341.75,334.95,339.75,6840
BANKNIFTY16JUL2021700CE,2020/07/15,10:38,339.6,343.15,337.9,340,7040
BANKNIFTY16JUL2021700CE,2020/07/15,10:39,340.8,341.55,335,335.95,10020
BANKNIFTY16JUL2021700CE,2020/07/15,10:40,336.45,338.5,331.45,334.5,7700
BANKNIFTY16JUL2021700CE,2020/07/15,10:41,334.85,336.85,331.15,333.1,12840
BANKNIFTY16JUL2021700CE,2020/07/15,10:42,334,341.2,334,339.95,7800
BANKNIFTY16JUL2021700CE,2020/07/15,10:43,339.6,350.45,339.6,346.35,12000
BANKNIFTY16JUL2021700CE,2020/07/15,10:44,346.25,348.7,342.55,345,8200
BANKNIFTY16JUL2021700CE,2020/07/15,10:45,346.8,348,341,341.3,5720
BANKNIFTY16JUL2021700CE,2020/07/15,10:46,341.85,344.75,325.1,331.5,22800
BANKNIFTY16JUL2021700CE,2020/07/15,10:47,331.75,335.75,329,333.25,12580
BANKNIFTY16JUL2021700CE,2020/07/15,10:48,333.25,334.4,310.65,324,27600
BANKNIFTY16JUL2021700CE,2020/07/15,10:49,322.8,327.95,317.15,324.2,12480
BANKNIFTY16JUL2021700CE,2020/07/15,10:50,322.8,328.9,321.85,328.35,9340
BANKNIFTY16JUL2021700CE,2020/07/15,10:51,328.4,329.05,322.35,322.35,10360
BANKNIFTY16JUL2021700CE,2020/07/15,10:52,323,323.55,314.45,318.9,13380
BANKNIFTY16JUL2021700CE,2020/07/15,10:53,317,321.75,307.6,314.8,13320
BANKNIFTY16JUL2021700CE,2020/07/15,10:54,314.8,317,309.75,315.65,10140
BANKNIFTY16JUL2021700CE,2020/07/15,10:55,315.65,333.7,315.55,332.35,18320
BANKNIFTY16JUL2021700CE,2020/07/15,10:56,330.75,333.4,326.9,329.05,13480
BANKNIFTY16JUL2021700CE,2020/07/15,10:57,329.55,335,326.65,332.95,9280
BANKNIFTY16JUL2021700CE,2020/07/15,10:58,331.3,339.05,330.5,339.05,8400
BANKNIFTY16JUL2021700CE,2020/07/15,10:59,339.8,342,334.05,334.05,13740
BANKNIFTY16JUL2021700CE,2020/07/15,11:00,334.35,338.5,333.3,335.45,6000
BANKNIFTY16JUL2021700CE,2020/07/15,11:01,334.3,337.25,329.3,336,12620
BANKNIFTY16JUL2021700CE,2020/07/15,11:02,334.7,338.5,333.4,336.55,4500
BANKNIFTY16JUL2021700CE,2020/07/15,11:03,336.55,339.35,333.5,333.95,5720
BANKNIFTY16JUL2021700CE,2020/07/15,11:04,333.95,341,333.3,338.9,9480
BANKNIFTY16JUL2021700CE,2020/07/15,11:05,339,340.9,337,339.55,4640
BANKNIFTY16JUL2021700CE,2020/07/15,11:06,339.55,340,332.75,332.75,3620
BANKNIFTY16JUL2021700CE,2020/07/15,11:07,331.8,334.45,320.6,330.2,14160
BANKNIFTY16JUL2021700CE,2020/07/15,11:08,331.05,335.1,330.7,331.6,2440
BANKNIFTY16JUL2021700CE,2020/07/15,11:09,331.6,334,327.75,328.6,2060
BANKNIFTY16JUL2021700CE,2020/07/15,11:10,328.05,328.05,316.1,325.85,9820
BANKNIFTY16JUL2021700CE,2020/07/15,11:11,326.9,331.2,325.55,328,4220
BANKNIFTY16JUL2021700CE,2020/07/15,11:12,329.3,338.95,328,338.6,7580
BANKNIFTY16JUL2021700CE,2020/07/15,11:13,338.6,338.6,332.2,334.6,2420
BANKNIFTY16JUL2021700CE,2020/07/15,11:14,334.6,334.85,327,327,6420
BANKNIFTY16JUL2021700CE,2020/07/15,11:15,326.95,340,326.95,336.55,13080
BANKNIFTY16JUL2021700CE,2020/07/15,11:16,336.55,338.4,331.35,332.75,5040
BANKNIFTY16JUL2021700CE,2020/07/15,11:17,333.6,334.2,325,331.3,6680
BANKNIFTY16JUL2021700CE,2020/07/15,11:18,331.3,331.8,327,327,2160
BANKNIFTY16JUL2021700CE,2020/07/15,11:19,327.85,330.3,326,327.85,1780
BANKNIFTY16JUL2021700CE,2020/07/15,11:20,327,339.25,327,336.9,6840
BANKNIFTY16JUL2021700CE,2020/07/15,11:21,338.85,373.8,338.85,367.9,61520
BANKNIFTY16JUL2021700CE,2020/07/15,11:22,370.05,372.5,360,371.25,20660
BANKNIFTY16JUL2021700CE,2020/07/15,11:23,369.25,371.75,359.15,367,13160
BANKNIFTY16JUL2021700CE,2020/07/15,11:24,366.05,385,366.05,373.15,27960
BANKNIFTY16JUL2021700CE,2020/07/15,11:25,373.15,374.65,366.95,366.95,10340
BANKNIFTY16JUL2021700CE,2020/07/15,11:26,366.95,370,364.6,365.95,7680
BANKNIFTY16JUL2021700CE,2020/07/15,11:27,365.85,372,364.05,365.05,10000
BANKNIFTY16JUL2021700CE,2020/07/15,11:28,365.2,369.15,360.45,365.05,6420
BANKNIFTY16JUL2021700CE,2020/07/15,11:29,365.45,381.6,365.45,377.8,16780
BANKNIFTY16JUL2021700CE,2020/07/15,11:30,381,390,379.7,382.6,18000
BANKNIFTY16JUL2021700CE,2020/07/15,11:31,381.8,387.7,371.7,374.05,16500
BANKNIFTY16JUL2021700CE,2020/07/15,11:32,375,375.6,369,371.4,13300
BANKNIFTY16JUL2021700CE,2020/07/15,11:33,371.4,376.35,368.4,376,9280
BANKNIFTY16JUL2021700CE,2020/07/15,11:34,376,376,368.8,369.5,8540
BANKNIFTY16JUL2021700CE,2020/07/15,11:35,369.35,374.2,362.75,368.1,14480
BANKNIFTY16JUL2021700CE,2020/07/15,11:36,366.75,372,366.75,369,7640
BANKNIFTY16JUL2021700CE,2020/07/15,11:37,372,372,365.25,369.4,5520
BANKNIFTY16JUL2021700CE,2020/07/15,11:38,370.65,372.25,366.95,370.6,5580
BANKNIFTY16JUL2021700CE,2020/07/15,11:39,370,377.55,370,376.2,6740
BANKNIFTY16JUL2021700CE,2020/07/15,11:40,376.2,383.7,376.2,382.2,6180
BANKNIFTY16JUL2021700CE,2020/07/15,11:41,380,381.1,376,377.05,4280
BANKNIFTY16JUL2021700CE,2020/07/15,11:42,377.05,377.05,351.4,358.55,17740
BANKNIFTY16JUL2021700CE,2020/07/15,11:43,356.95,365,355.3,361.35,9220
BANKNIFTY16JUL2021700CE,2020/07/15,11:44,361.25,369.95,361.25,365.55,4740
BANKNIFTY16JUL2021700CE,2020/07/15,11:45,363,364.55,348.35,357.45,13900
BANKNIFTY16JUL2021700CE,2020/07/15,11:46,357.45,359.45,352.25,358.4,5780
BANKNIFTY16JUL2021700CE,2020/07/15,11:47,359.7,360,352.7,356,2940
BANKNIFTY16JUL2021700CE,2020/07/15,11:48,355.85,365,355.85,362.5,4440
BANKNIFTY16JUL2021700CE,2020/07/15,11:49,362.8,366.65,354.95,354.95,7140
BANKNIFTY16JUL2021700CE,2020/07/15,11:50,355,355.55,343.7,351.85,7720
BANKNIFTY16JUL2021700CE,2020/07/15,11:51,350.15,350.85,338.4,344.75,8180
BANKNIFTY16JUL2021700CE,2020/07/15,11:52,344.75,345,334.8,338.25,26040
BANKNIFTY16JUL2021700CE,2020/07/15,11:53,337.05,346.1,337,345.55,6920
BANKNIFTY16JUL2021700CE,2020/07/15,11:54,345,346.45,343,345,4160
BANKNIFTY16JUL2021700CE,2020/07/15,11:55,345,347,335.9,342.95,4680
BANKNIFTY16JUL2021700CE,2020/07/15,11:56,344.25,347.4,334.85,337.8,3440
BANKNIFTY16JUL2021700CE,2020/07/15,11:57,337.8,338,326.45,332,10360
BANKNIFTY16JUL2021700CE,2020/07/15,11:58,330.25,340.3,323.35,340.3,14820
BANKNIFTY16JUL2021700CE,2020/07/15,11:59,337.7,339.9,332.95,338.75,7080
BANKNIFTY16JUL2021700CE,2020/07/15,12:00,336.8,336.8,315.1,319.55,15500
BANKNIFTY16JUL2021700CE,2020/07/15,12:01,320.05,320.85,290.6,298.75,39080
BANKNIFTY16JUL2021700CE,2020/07/15,12:02,297.65,297.65,266.85,272.9,49800
BANKNIFTY16JUL2021700CE,2020/07/15,12:03,272.65,283.85,269.85,283.85,33580
BANKNIFTY16JUL2021700CE,2020/07/15,12:04,280.5,286.25,276.05,281.7,26220
BANKNIFTY16JUL2021700CE,2020/07/15,12:05,280.65,287,278.45,280.5,17320
BANKNIFTY16JUL2021700CE,2020/07/15,12:06,281.55,289.15,280,282,17720
BANKNIFTY16JUL2021700CE,2020/07/15,12:07,282.6,285.4,276.8,279.45,17020
BANKNIFTY16JUL2021700CE,2020/07/15,12:08,278.1,284.95,275.1,284.95,10360
BANKNIFTY16JUL2021700CE,2020/07/15,12:09,286.05,289.7,283.2,284.95,18840
BANKNIFTY16JUL2021700CE,2020/07/15,12:10,284.95,285.25,258.35,267.05,24740
BANKNIFTY16JUL2021700CE,2020/07/15,12:11,268.8,273,258.5,260,26560
BANKNIFTY16JUL2021700CE,2020/07/15,12:12,262.1,274.5,260.15,268.9,14120
BANKNIFTY16JUL2021700CE,2020/07/15,12:13,269,274.95,265.05,272.45,9840
BANKNIFTY16JUL2021700CE,2020/07/15,12:14,272.45,274.35,257.2,260.4,20340
BANKNIFTY16JUL2021700CE,2020/07/15,12:15,259.35,259.35,237.4,245,58840
BANKNIFTY16JUL2021700CE,2020/07/15,12:16,245,245.85,228,235.35,46740
BANKNIFTY16JUL2021700CE,2020/07/15,12:17,235.3,236.05,222.15,226.65,37920
BANKNIFTY16JUL2021700CE,2020/07/15,12:18,227.85,237,222.5,232.3,29680
BANKNIFTY16JUL2021700CE,2020/07/15,12:19,233.15,236.7,230.75,236,25640
BANKNIFTY16JUL2021700CE,2020/07/15,12:20,235.25,238.8,230.4,235.05,22040
BANKNIFTY16JUL2021700CE,2020/07/15,12:21,236.85,241.3,234.35,235.7,29420
BANKNIFTY16JUL2021700CE,2020/07/15,12:22,235.75,239.25,225.1,229,22580
BANKNIFTY16JUL2021700CE,2020/07/15,12:23,231.2,237.95,225.1,225.1,23920
BANKNIFTY16JUL2021700CE,2020/07/15,12:24,224.75,234.45,224.75,231.4,30500
BANKNIFTY16JUL2021700CE,2020/07/15,12:25,231.4,240,229.3,235.95,20660
BANKNIFTY16JUL2021700CE,2020/07/15,12:26,234.85,248.45,234.1,245.95,16440
BANKNIFTY16JUL2021700CE,2020/07/15,12:27,247.2,248.6,241.5,245.45,24080
BANKNIFTY16JUL2021700CE,2020/07/15,12:28,243.05,245.55,240.9,245,11400
BANKNIFTY16JUL2021700CE,2020/07/15,12:29,245.5,248.6,244.1,246,10180
BANKNIFTY16JUL2021700CE,2020/07/15,12:30,247,267.4,246.55,261.7,52780
BANKNIFTY16JUL2021700CE,2020/07/15,12:31,262.9,269.2,257.8,264,30180
BANKNIFTY16JUL2021700CE,2020/07/15,12:32,265,266.2,260,265.5,13480
BANKNIFTY16JUL2021700CE,2020/07/15,12:33,265.5,266.55,258.15,265.25,17700
BANKNIFTY16JUL2021700CE,2020/07/15,12:34,264.4,266.05,255.55,257.65,13800
BANKNIFTY16JUL2021700CE,2020/07/15,12:35,258.4,265,256,259.2,8240
BANKNIFTY16JUL2021700CE,2020/07/15,12:36,260,264.25,258.75,260.4,8480
BANKNIFTY16JUL2021700CE,2020/07/15,12:37,261.05,261.05,243.3,247.4,28480
BANKNIFTY16JUL2021700CE,2020/07/15,12:38,248.35,248.35,237,242,28320
BANKNIFTY16JUL2021700CE,2020/07/15,12:39,242,242.35,230.55,237.15,21960
BANKNIFTY16JUL2021700CE,2020/07/15,12:40,236,238.95,208.15,212.05,53760
BANKNIFTY16JUL2021700CE,2020/07/15,12:41,215,218.95,191.25,205,57260
BANKNIFTY16JUL2021700CE,2020/07/15,12:42,204,212.25,200.1,211.45,37160
BANKNIFTY16JUL2021700CE,2020/07/15,12:43,211.1,216,210,213,19260
BANKNIFTY16JUL2021700CE,2020/07/15,12:44,214.35,215.25,206,209.4,21420
BANKNIFTY16JUL2021700CE,2020/07/15,12:45,211.05,226.8,204.75,226.8,37740
BANKNIFTY16JUL2021700CE,2020/07/15,12:46,226.7,228.6,222.4,225.2,23960
BANKNIFTY16JUL2021700CE,2020/07/15,12:47,224.85,227.1,216.55,223.75,19580
BANKNIFTY16JUL2021700CE,2020/07/15,12:48,223.1,225.45,219,219.4,16620
BANKNIFTY16JUL2021700CE,2020/07/15,12:49,220.7,229.2,219.5,226.3,19280
BANKNIFTY16JUL2021700CE,2020/07/15,12:50,226,241.5,225.8,237.3,27860
BANKNIFTY16JUL2021700CE,2020/07/15,12:51,238.5,245.35,236.2,241.35,28380
BANKNIFTY16JUL2021700CE,2020/07/15,12:52,240.5,241.35,228.35,230.5,23440
BANKNIFTY16JUL2021700CE,2020/07/15,12:53,230.25,235.7,227.35,231.75,9100
BANKNIFTY16JUL2021700CE,2020/07/15,12:54,232.4,238.65,230.95,234.9,8720
BANKNIFTY16JUL2021700CE,2020/07/15,12:55,234.65,241.45,234.65,237,9540
BANKNIFTY16JUL2021700CE,2020/07/15,12:56,237,240.9,230.2,231.45,17940
BANKNIFTY16JUL2021700CE,2020/07/15,12:57,231.45,239.65,231.45,233.45,9540
BANKNIFTY16JUL2021700CE,2020/07/15,12:58,233.7,235.2,219.75,226.7,28020
BANKNIFTY16JUL2021700CE,2020/07/15,12:59,226.2,234.35,224.5,233.85,20480
BANKNIFTY16JUL2021700CE,2020/07/15,13:00,234.5,235.2,225,225.8,9240
BANKNIFTY16JUL2021700CE,2020/07/15,13:01,225.8,231.9,223.9,223.9,12320
BANKNIFTY16JUL2021700CE,2020/07/15,13:02,223.25,231.95,221,231.95,24840
BANKNIFTY16JUL2021700CE,2020/07/15,13:03,231.2,239.55,229.65,237,18460
BANKNIFTY16JUL2021700CE,2020/07/15,13:04,238.1,238.1,232.15,232.8,17580
BANKNIFTY16JUL2021700CE,2020/07/15,13:05,232.8,239.2,228.15,229.2,19220
BANKNIFTY16JUL2021700CE,2020/07/15,13:06,228.55,233,219.6,228.85,19000
BANKNIFTY16JUL2021700CE,2020/07/15,13:07,228.8,228.8,220.75,224.65,13760
BANKNIFTY16JUL2021700CE,2020/07/15,13:08,225.65,226,214.4,225,21300
BANKNIFTY16JUL2021700CE,2020/07/15,13:09,225,227.3,216.95,220.5,19140
BANKNIFTY16JUL2021700CE,2020/07/15,13:10,221.8,236,220.55,232.7,33900
BANKNIFTY16JUL2021700CE,2020/07/15,13:11,232.9,251.85,232.9,246.25,63340
BANKNIFTY16JUL2021700CE,2020/07/15,13:12,247.55,268.85,246.25,258.35,52120
BANKNIFTY16JUL2021700CE,2020/07/15,13:13,258.2,262.55,251.2,253.5,25040
BANKNIFTY16JUL2021700CE,2020/07/15,13:14,253.3,257.85,244.35,244.35,15520
BANKNIFTY16JUL2021700CE,2020/07/15,13:15,246.95,253.65,246,249.2,13420
BANKNIFTY16JUL2021700CE,2020/07/15,13:16,250,252.85,248.15,248.15,15760
BANKNIFTY16JUL2021700CE,2020/07/15,13:17,245.75,247.65,238.8,244.95,21440
BANKNIFTY16JUL2021700CE,2020/07/15,13:18,244.15,252,241.65,250.9,13500
BANKNIFTY16JUL2021700CE,2020/07/15,13:19,252.25,264,248.6,254.6,23820
BANKNIFTY16JUL2021700CE,2020/07/15,13:20,253.35,259.6,249.1,252.3,15520
BANKNIFTY16JUL2021700CE,2020/07/15,13:21,253.85,257.05,251,252.35,8180
BANKNIFTY16JUL2021700CE,2020/07/15,13:22,252.35,255.35,246.4,250.45,14960
BANKNIFTY16JUL2021700CE,2020/07/15,13:23,248.6,251.35,239.55,246.1,17860
BANKNIFTY16JUL2021700CE,2020/07/15,13:24,246.1,260,246.1,258,18800
BANKNIFTY16JUL2021700CE,2020/07/15,13:25,259.45,294.55,259.45,290.25,86480
BANKNIFTY16JUL2021700CE,2020/07/15,13:26,290.7,301.9,285,288.8,57120
BANKNIFTY16JUL2021700CE,2020/07/15,13:27,290,297.65,286.9,295.95,29260
BANKNIFTY16JUL2021700CE,2020/07/15,13:28,296.2,306.5,285.2,295.9,35180
BANKNIFTY16JUL2021700CE,2020/07/15,13:29,297.95,304.75,290.55,299.8,36240
BANKNIFTY16JUL2021700CE,2020/07/15,13:30,299.8,308.7,296,297.85,36980
BANKNIFTY16JUL2021700CE,2020/07/15,13:31,296.55,304.7,287,288.7,30600
BANKNIFTY16JUL2021700CE,2020/07/15,13:32,289.95,293,283.7,292.4,18060
BANKNIFTY16JUL2021700CE,2020/07/15,13:33,291.8,300.85,284,300.5,18700
BANKNIFTY16JUL2021700CE,2020/07/15,13:34,300.55,303.65,291,294.6,15840
BANKNIFTY16JUL2021700CE,2020/07/15,13:35,294.6,295.7,286.2,290.1,11220
BANKNIFTY16JUL2021700CE,2020/07/15,13:36,292.45,294,276,292.6,39100
BANKNIFTY16JUL2021700CE,2020/07/15,13:37,294.3,298,288.4,292.75,17920
BANKNIFTY16JUL2021700CE,2020/07/15,13:38,292.45,298.25,292.45,294.3,8880
BANKNIFTY16JUL2021700CE,2020/07/15,13:39,293.05,311.1,291.05,305.55,28440
BANKNIFTY16JUL2021700CE,2020/07/15,13:40,307.55,307.55,293.25,293.5,13780
BANKNIFTY16JUL2021700CE,2020/07/15,13:41,293.55,295,286.35,291.85,21000
BANKNIFTY16JUL2021700CE,2020/07/15,13:42,288,293.55,281.15,293.55,18900
BANKNIFTY16JUL2021700CE,2020/07/15,13:43,294.2,304.3,293.55,296.2,21180
BANKNIFTY16JUL2021700CE,2020/07/15,13:44,296.2,297.1,285.45,285.45,6900
BANKNIFTY16JUL2021700CE,2020/07/15,13:45,285.15,292.7,270.45,275.8,41300
BANKNIFTY16JUL2021700CE,2020/07/15,13:46,274.9,278.9,242.85,246.1,43400
BANKNIFTY16JUL2021700CE,2020/07/15,13:47,251.35,258,250,254.7,36040
BANKNIFTY16JUL2021700CE,2020/07/15,13:48,256.15,259,250,250,15760
BANKNIFTY16JUL2021700CE,2020/07/15,13:49,250.35,257.05,247.25,256.35,11800
BANKNIFTY16JUL2021700CE,2020/07/15,13:50,254.45,267.85,253.45,266,16040
BANKNIFTY16JUL2021700CE,2020/07/15,13:51,267,267.4,260,267.2,12000
BANKNIFTY16JUL2021700CE,2020/07/15,13:52,264.95,276.9,263.8,272.55,15260
BANKNIFTY16JUL2021700CE,2020/07/15,13:53,272.75,275,267.65,271,10320
BANKNIFTY16JUL2021700CE,2020/07/15,13:54,271,271.55,255.2,257.35,13140
BANKNIFTY16JUL2021700CE,2020/07/15,13:55,258.45,259.6,251.5,257.9,16080
BANKNIFTY16JUL2021700CE,2020/07/15,13:56,256.6,268.85,255.55,267.65,11900
BANKNIFTY16JUL2021700CE,2020/07/15,13:57,267.1,272,258.55,259.65,10000
BANKNIFTY16JUL2021700CE,2020/07/15,13:58,258.35,274.25,257.95,274.25,20480
BANKNIFTY16JUL2021700CE,2020/07/15,13:59,274.85,291.55,274.85,291.05,30680
BANKNIFTY16JUL2021700CE,2020/07/15,14:00,290.35,296.95,282.05,283.1,27920
BANKNIFTY16JUL2021700CE,2020/07/15,14:01,282,282.2,268,268.7,15120
BANKNIFTY16JUL2021700CE,2020/07/15,14:02,267.35,274.2,247,253.3,32420
BANKNIFTY16JUL2021700CE,2020/07/15,14:03,253.25,269.4,253.25,264.1,15720
BANKNIFTY16JUL2021700CE,2020/07/15,14:04,266.5,267.75,255.55,259.3,14600
BANKNIFTY16JUL2021700CE,2020/07/15,14:05,259.65,265,251.7,255.05,15380
BANKNIFTY16JUL2021700CE,2020/07/15,14:06,256.7,256.7,248.6,252.8,16300
BANKNIFTY16JUL2021700CE,2020/07/15,14:07,252.8,261.6,252.8,258.1,12400
BANKNIFTY16JUL2021700CE,2020/07/15,14:08,258.1,267.55,250.75,252.6,16880
BANKNIFTY16JUL2021700CE,2020/07/15,14:09,256.9,259.95,253.15,256.2,6640
BANKNIFTY16JUL2021700CE,2020/07/15,14:10,255,256.6,251.45,253.4,7040
BANKNIFTY16JUL2021700CE,2020/07/15,14:11,252.65,254.25,202.25,227.65,70300
BANKNIFTY16JUL2021700CE,2020/07/15,14:12,229.7,230.65,220.25,228.2,32360
BANKNIFTY16JUL2021700CE,2020/07/15,14:13,228.3,235.65,228,234.5,23200
BANKNIFTY16JUL2021700CE,2020/07/15,14:14,232.75,233.1,223.25,223.65,31920
BANKNIFTY16JUL2021700CE,2020/07/15,14:15,224.45,230.7,213.8,226.65,27260
BANKNIFTY16JUL2021700CE,2020/07/15,14:16,225.2,232,224.2,230.1,18560
BANKNIFTY16JUL2021700CE,2020/07/15,14:17,229.85,231.6,214,218.85,27840
BANKNIFTY16JUL2021700CE,2020/07/15,14:18,217.3,220.5,198.85,205.85,52100
BANKNIFTY16JUL2021700CE,2020/07/15,14:19,207.05,218,206.3,210.95,45360
BANKNIFTY16JUL2021700CE,2020/07/15,14:20,210.35,210.45,195.05,199,69520
BANKNIFTY16JUL2021700CE,2020/07/15,14:21,199.3,199.3,156.05,168.9,126580
BANKNIFTY16JUL2021700CE,2020/07/15,14:22,165,172.7,162.65,164.05,78820
BANKNIFTY16JUL2021700CE,2020/07/15,14:23,164.95,169.55,155.9,169.55,60480
BANKNIFTY16JUL2021700CE,2020/07/15,14:24,169.9,169.9,161.4,167.9,42880
BANKNIFTY16JUL2021700CE,2020/07/15,14:25,168,177.5,166.15,172.85,42240
BANKNIFTY16JUL2021700CE,2020/07/15,14:26,173.25,173.35,162,167.5,31740
BANKNIFTY16JUL2021700CE,2020/07/15,14:27,165.05,165.05,144,151,44360
BANKNIFTY16JUL2021700CE,2020/07/15,14:28,150.55,159.2,148.75,159.05,33900
BANKNIFTY16JUL2021700CE,2020/07/15,14:29,156.85,166.95,155.9,159.25,41140
BANKNIFTY16JUL2021700CE,2020/07/15,14:30,158.6,158.75,137.6,146.45,59780
BANKNIFTY16JUL2021700CE,2020/07/15,14:31,143.75,143.75,131,135.4,76200
BANKNIFTY16JUL2021700CE,2020/07/15,14:32,134.7,146.6,134.7,143.2,57680
BANKNIFTY16JUL2021700CE,2020/07/15,14:33,141.3,151.65,140.9,143.1,53760
BANKNIFTY16JUL2021700CE,2020/07/15,14:34,144.85,147.55,130,132.65,41500
BANKNIFTY16JUL2021700CE,2020/07/15,14:35,133.4,135.5,111.95,111.95,93860
BANKNIFTY16JUL2021700CE,2020/07/15,14:36,109.75,112.45,100.15,100.15,111720
BANKNIFTY16JUL2021700CE,2020/07/15,14:37,100,100.2,85.35,96.8,127280
BANKNIFTY16JUL2021700CE,2020/07/15,14:38,94.25,96.2,78.75,90.45,147360
BANKNIFTY16JUL2021700CE,2020/07/15,14:39,92.05,94.65,86.85,86.85,95980
BANKNIFTY16JUL2021700CE,2020/07/15,14:40,87.45,90.65,78.6,87.8,101940
BANKNIFTY16JUL2021700CE,2020/07/15,14:41,86.15,90.05,84.7,87.65,69280
BANKNIFTY16JUL2021700CE,2020/07/15,14:42,86.7,97.2,84.95,95.7,117720
BANKNIFTY16JUL2021700CE,2020/07/15,14:43,95.55,105.5,94.95,97.7,97700
BANKNIFTY16JUL2021700CE,2020/07/15,14:44,96.8,97.55,89.45,92.45,53480
BANKNIFTY16JUL2021700CE,2020/07/15,14:45,90.65,91.2,78.85,84,63380
BANKNIFTY16JUL2021700CE,2020/07/15,14:46,84.45,88.2,79.95,86.55,51600
BANKNIFTY16JUL2021700CE,2020/07/15,14:47,86,89.1,84.3,85,47540
BANKNIFTY16JUL2021700CE,2020/07/15,14:48,86,89.85,85.3,86.55,28360
BANKNIFTY16JUL2021700CE,2020/07/15,14:49,87,90.35,75.4,81.45,72040
BANKNIFTY16JUL2021700CE,2020/07/15,14:50,81.2,88.45,78.95,82.05,50320
BANKNIFTY16JUL2021700CE,2020/07/15,14:51,81.6,89,81.6,89,39040
BANKNIFTY16JUL2021700CE,2020/07/15,14:52,89.2,91.85,84.4,86.5,43620
BANKNIFTY16JUL2021700CE,2020/07/15,14:53,86,88.35,84.2,86.9,34680
BANKNIFTY16JUL2021700CE,2020/07/15,14:54,88.4,95.9,88.4,95,48160
BANKNIFTY16JUL2021700CE,2020/07/15,14:55,95.65,105.25,93.75,100.35,59940
BANKNIFTY16JUL2021700CE,2020/07/15,14:56,99.25,99.45,87.75,87.8,42100
BANKNIFTY16JUL2021700CE,2020/07/15,14:57,87.95,96.6,87.65,95.9,27960
BANKNIFTY16JUL2021700CE,2020/07/15,14:58,97.5,97.5,88.6,91.1,26700
BANKNIFTY16JUL2021700CE,2020/07/15,14:59,92.7,93.1,82.6,82.6,28820
BANKNIFTY16JUL2021700CE,2020/07/15,15:00,83,83.95,77.45,78,58600
BANKNIFTY16JUL2021700CE,2020/07/15,15:01,77.15,84.75,74.1,81.85,52640
BANKNIFTY16JUL2021700CE,2020/07/15,15:02,81.55,81.55,68.85,71.2,44900
BANKNIFTY16JUL2021700CE,2020/07/15,15:03,70.5,76.4,69.35,76,59800
BANKNIFTY16JUL2021700CE,2020/07/15,15:04,75.75,76.35,73.75,75.35,23520
BANKNIFTY16JUL2021700CE,2020/07/15,15:05,74.05,80,71.4,77.75,45660
BANKNIFTY16JUL2021700CE,2020/07/15,15:06,77.2,82.7,73.15,73.15,49640
BANKNIFTY16JUL2021700CE,2020/07/15,15:07,73.4,75.5,67.15,70.4,43820
BANKNIFTY16JUL2021700CE,2020/07/15,15:08,69.95,69.95,55.25,56.3,114940
BANKNIFTY16JUL2021700CE,2020/07/15,15:09,56.3,57.35,49.35,50.35,77760
BANKNIFTY16JUL2021700CE,2020/07/15,15:10,50.65,55.35,49.75,49.75,78300
BANKNIFTY16JUL2021700CE,2020/07/15,15:11,49.4,52.05,47.45,51.1,93680
BANKNIFTY16JUL2021700CE,2020/07/15,15:12,51.7,55.9,50.9,55.4,56360
BANKNIFTY16JUL2021700CE,2020/07/15,15:13,54.35,55.55,52.1,55,54080
BANKNIFTY16JUL2021700CE,2020/07/15,15:14,54.6,58.5,53.2,58,63620
BANKNIFTY16JUL2021700CE,2020/07/15,15:15,57.45,58.6,53.85,55.25,44800
BANKNIFTY16JUL2021700CE,2020/07/15,15:16,55.6,57.35,53.6,55.45,45080
BANKNIFTY16JUL2021700CE,2020/07/15,15:17,55.6,57.9,54.25,56,38840
BANKNIFTY16JUL2021700CE,2020/07/15,15:18,55.45,59.6,55.4,59.6,56700
BANKNIFTY16JUL2021700CE,2020/07/15,15:19,59.7,62.85,58.65,61.65,57180
BANKNIFTY16JUL2021700CE,2020/07/15,15:20,61.5,67.55,61.5,66.35,53480
BANKNIFTY16JUL2021700CE,2020/07/15,15:21,66.8,68.6,62.45,66.25,47460
BANKNIFTY16JUL2021700CE,2020/07/15,15:22,66,67.7,64.9,67.65,28820
BANKNIFTY16JUL2021700CE,2020/07/15,15:23,67.65,68.3,66.75,68,26880
BANKNIFTY16JUL2021700CE,2020/07/15,15:24,67.55,68.7,66,68.5,36400
BANKNIFTY16JUL2021700CE,2020/07/15,15:25,68.85,72.4,68.4,71.2,44620
BANKNIFTY16JUL2021700CE,2020/07/15,15:26,71.1,73.4,70.7,73.4,53740
BANKNIFTY16JUL2021700CE,2020/07/15,15:27,73.4,73.75,70.1,70.1,25240
BANKNIFTY16JUL2021700CE,2020/07/15,15:28,70,70,67.45,68.45,30880
BANKNIFTY16JUL2021700CE,2020/07/15,15:29,69,71.9,68.55,71.9,28380
BANKNIFTY16JUL2021700CE,2020/07/16,09:15,45.4,45.75,13.65,19.2,141160
BANKNIFTY16JUL2021700CE,2020/07/16,09:16,18.8,20.05,14.75,16.55,149220
BANKNIFTY16JUL2021700CE,2020/07/16,09:17,16.75,18.4,16,17.3,157960
BANKNIFTY16JUL2021700CE,2020/07/16,09:18,17.2,17.35,15.75,15.75,162500
BANKNIFTY16JUL2021700CE,2020/07/16,09:19,16.15,16.15,15,15.8,121020
BANKNIFTY16JUL2021700CE,2020/07/16,09:20,15.9,16.5,15.35,16.3,115680
BANKNIFTY16JUL2021700CE,2020/07/16,09:21,16.2,16.8,15.4,16.7,139460
BANKNIFTY16JUL2021700CE,2020/07/16,09:22,16.45,17.05,15.9,16.15,76520
BANKNIFTY16JUL2021700CE,2020/07/16,09:23,16.15,16.65,15,15,78100
BANKNIFTY16JUL2021700CE,2020/07/16,09:24,15,15.25,10.25,10.55,126300
BANKNIFTY16JUL2021700CE,2020/07/16,09:25,10.65,10.65,9,10.15,166420
BANKNIFTY16JUL2021700CE,2020/07/16,09:26,10.2,11.95,9.85,11.9,109280
BANKNIFTY16JUL2021700CE,2020/07/16,09:27,11.75,12,10.5,11.45,83560
BANKNIFTY16JUL2021700CE,2020/07/16,09:28,11.8,11.8,9.85,10.15,78040
BANKNIFTY16JUL2021700CE,2020/07/16,09:29,10.35,10.7,9.75,9.95,78580
BANKNIFTY16JUL2021700CE,2020/07/16,09:30,9.9,10,8.35,8.45,164040
BANKNIFTY16JUL2021700CE,2020/07/16,09:31,8.55,8.95,8,8.6,98400
BANKNIFTY16JUL2021700CE,2020/07/16,09:32,8.45,9.25,8.15,8.75,96660
BANKNIFTY16JUL2021700CE,2020/07/16,09:33,8.7,9.4,8.7,9.2,72340
BANKNIFTY16JUL2021700CE,2020/07/16,09:34,9.35,9.45,8.95,9.15,51560
BANKNIFTY16JUL2021700CE,2020/07/16,09:35,9.05,10.7,9.05,10.7,70780
BANKNIFTY16JUL2021700CE,2020/07/16,09:36,10.75,10.95,9.05,9.3,59320
BANKNIFTY16JUL2021700CE,2020/07/16,09:37,9.45,10.75,9.45,10.2,54820
BANKNIFTY16JUL2021700CE,2020/07/16,09:38,10.3,10.9,9.95,10.7,68040
BANKNIFTY16JUL2021700CE,2020/07/16,09:39,10.7,19.15,10.7,15.45,268800
BANKNIFTY16JUL2021700CE,2020/07/16,09:40,15.95,17.35,14.7,15.35,134640
BANKNIFTY16JUL2021700CE,2020/07/16,09:41,16,16.05,12.6,13.55,122600
BANKNIFTY16JUL2021700CE,2020/07/16,09:42,13.3,15.45,12.9,13,95860
BANKNIFTY16JUL2021700CE,2020/07/16,09:43,12.8,14.3,12.6,13.55,70220
BANKNIFTY16JUL2021700CE,2020/07/16,09:44,13.25,16.6,13.25,14.95,103180
BANKNIFTY16JUL2021700CE,2020/07/16,09:45,14.9,21.05,14.85,17.5,176560
BANKNIFTY16JUL2021700CE,2020/07/16,09:46,17.5,18.8,15.9,16.85,134080
BANKNIFTY16JUL2021700CE,2020/07/16,09:47,16.55,20.05,16.55,18.35,136420
BANKNIFTY16JUL2021700CE,2020/07/16,09:48,18.25,19,16.65,18.65,103860
BANKNIFTY16JUL2021700CE,2020/07/16,09:49,17.95,18.65,14.9,16.55,123360
BANKNIFTY16JUL2021700CE,2020/07/16,09:50,16.4,18.65,16.25,17.3,64880
BANKNIFTY16JUL2021700CE,2020/07/16,09:51,16.9,18.9,16.45,17.35,91040
BANKNIFTY16JUL2021700CE,2020/07/16,09:52,17.5,21.55,17.45,19.25,153640
BANKNIFTY16JUL2021700CE,2020/07/16,09:53,19.5,19.8,18.1,19.3,88480
BANKNIFTY16JUL2021700CE,2020/07/16,09:54,19.05,19.2,15.85,17.7,92220
BANKNIFTY16JUL2021700CE,2020/07/16,09:55,17.75,18.8,13,13.2,142580
BANKNIFTY16JUL2021700CE,2020/07/16,09:56,13.5,13.65,11.15,12,105620
BANKNIFTY16JUL2021700CE,2020/07/16,09:57,11.9,13.45,11.9,12.8,84400
BANKNIFTY16JUL2021700CE,2020/07/16,09:58,12.6,12.7,10.2,10.5,127020
BANKNIFTY16JUL2021700CE,2020/07/16,09:59,10.55,11.4,9.75,10.7,106940
BANKNIFTY16JUL2021700CE,2020/07/16,10:00,10.9,10.9,8.85,9.3,136880
BANKNIFTY16JUL2021700CE,2020/07/16,10:01,9.4,10.85,9.15,10.45,83100
BANKNIFTY16JUL2021700CE,2020/07/16,10:02,10.3,10.5,9.85,10.35,45720
BANKNIFTY16JUL2021700CE,2020/07/16,10:03,10.35,10.75,9.35,10.75,42080
BANKNIFTY16JUL2021700CE,2020/07/16,10:04,10.65,11.45,10.65,10.95,60020
BANKNIFTY16JUL2021700CE,2020/07/16,10:05,11.1,12.85,11.05,12.85,79740
BANKNIFTY16JUL2021700CE,2020/07/16,10:06,12.45,13.05,11.5,11.95,65160
BANKNIFTY16JUL2021700CE,2020/07/16,10:07,11.85,12.5,10.8,10.8,56900
BANKNIFTY16JUL2021700CE,2020/07/16,10:08,10.95,11.05,10.05,10.85,52620
BANKNIFTY16JUL2021700CE,2020/07/16,10:09,10.7,11.2,10.45,10.75,30260
BANKNIFTY16JUL2021700CE,2020/07/16,10:10,10.45,11.2,9.85,11.15,61360
BANKNIFTY16JUL2021700CE,2020/07/16,10:11,10.95,11.3,10.8,11.1,41120
BANKNIFTY16JUL2021700CE,2020/07/16,10:12,11.1,11.6,10,11.25,31280
BANKNIFTY16JUL2021700CE,2020/07/16,10:13,11.2,11.45,10.25,10.5,32340
BANKNIFTY16JUL2021700CE,2020/07/16,10:14,10.45,10.95,9.95,10.7,41260
BANKNIFTY16JUL2021700CE,2020/07/16,10:15,10.85,10.9,9.65,10.4,60040
BANKNIFTY16JUL2021700CE,2020/07/16,10:16,10.4,11.3,9.95,11.3,60680
BANKNIFTY16JUL2021700CE,2020/07/16,10:17,10.9,11.25,10.7,10.9,68240
BANKNIFTY16JUL2021700CE,2020/07/16,10:18,10.95,11.55,10.4,10.4,43880
BANKNIFTY16JUL2021700CE,2020/07/16,10:19,10.5,11.4,10.05,10.95,55400
BANKNIFTY16JUL2021700CE,2020/07/16,10:20,10.8,11.55,10.5,10.55,43240
BANKNIFTY16JUL2021700CE,2020/07/16,10:21,10.5,11,10.2,10.85,43720
BANKNIFTY16JUL2021700CE,2020/07/16,10:22,10.85,12.65,10.85,12.25,86020
BANKNIFTY16JUL2021700CE,2020/07/16,10:23,12.5,13.65,11.2,12.25,76540
BANKNIFTY16JUL2021700CE,2020/07/16,10:24,12.4,13,11.65,12.35,43140
BANKNIFTY16JUL2021700CE,2020/07/16,10:25,12.35,14,12.1,12.15,59000
BANKNIFTY16JUL2021700CE,2020/07/16,10:26,12.15,12.4,11.3,12.3,53740
BANKNIFTY16JUL2021700CE,2020/07/16,10:27,12.35,12.35,11.3,11.6,61040
BANKNIFTY16JUL2021700CE,2020/07/16,10:28,11.5,12,10.35,10.35,50420
BANKNIFTY16JUL2021700CE,2020/07/16,10:29,10.7,12.25,10.7,11.7,48660
BANKNIFTY16JUL2021700CE,2020/07/16,10:30,11.75,12.7,11.2,11.2,65100
BANKNIFTY16JUL2021700CE,2020/07/16,10:31,11.15,11.5,10.05,10.2,61140
BANKNIFTY16JUL2021700CE,2020/07/16,10:32,10.05,11.25,10.05,10.15,54320
BANKNIFTY16JUL2021700CE,2020/07/16,10:33,10.05,10.35,9,9.4,81720
BANKNIFTY16JUL2021700CE,2020/07/16,10:34,9.3,10.05,8.95,9.35,53860
BANKNIFTY16JUL2021700CE,2020/07/16,10:35,9.15,9.65,8.65,9.65,80040
BANKNIFTY16JUL2021700CE,2020/07/16,10:36,9.7,9.75,9.15,9.55,40100
BANKNIFTY16JUL2021700CE,2020/07/16,10:37,9.7,9.9,9.05,9.1,47420
BANKNIFTY16JUL2021700CE,2020/07/16,10:38,9.1,9.35,8.85,9,32600
BANKNIFTY16JUL2021700CE,2020/07/16,10:39,9.25,9.85,9.15,9.25,28140
BANKNIFTY16JUL2021700CE,2020/07/16,10:40,9.15,9.75,8.9,9.55,38700
BANKNIFTY16JUL2021700CE,2020/07/16,10:41,9.5,10.1,9.3,9.5,44920
BANKNIFTY16JUL2021700CE,2020/07/16,10:42,9.45,9.85,9.1,9.4,34560
BANKNIFTY16JUL2021700CE,2020/07/16,10:43,9.4,9.8,9.3,9.45,22840
BANKNIFTY16JUL2021700CE,2020/07/16,10:44,9.35,9.8,9.1,9.55,38040
BANKNIFTY16JUL2021700CE,2020/07/16,10:45,9.45,10.25,9.45,10,59000
BANKNIFTY16JUL2021700CE,2020/07/16,10:46,10.05,10.25,9.35,9.7,31600
BANKNIFTY16JUL2021700CE,2020/07/16,10:47,9.65,9.9,9,9.05,31620
BANKNIFTY16JUL2021700CE,2020/07/16,10:48,9.05,9.45,8.4,8.4,45640
BANKNIFTY16JUL2021700CE,2020/07/16,10:49,8.35,8.8,8.15,8.8,50160
BANKNIFTY16JUL2021700CE,2020/07/16,10:50,8.85,8.9,8.25,8.4,27380
BANKNIFTY16JUL2021700CE,2020/07/16,10:51,8.35,8.85,8.05,8.2,35480
BANKNIFTY16JUL2021700CE,2020/07/16,10:52,8.35,8.35,7.05,7.4,75600
BANKNIFTY16JUL2021700CE,2020/07/16,10:53,7.4,7.9,7.3,7.5,37360
BANKNIFTY16JUL2021700CE,2020/07/16,10:54,7.6,7.7,6.25,6.45,58340
BANKNIFTY16JUL2021700CE,2020/07/16,10:55,6.4,6.7,5.55,6.3,107320
BANKNIFTY16JUL2021700CE,2020/07/16,10:56,6.3,6.55,6.05,6.35,74480
BANKNIFTY16JUL2021700CE,2020/07/16,10:57,6.35,7.05,6.3,6.7,88180
BANKNIFTY16JUL2021700CE,2020/07/16,10:58,6.6,6.8,6.25,6.3,38340
BANKNIFTY16JUL2021700CE,2020/07/16,10:59,6.3,6.55,6.2,6.2,48180
BANKNIFTY16JUL2021700CE,2020/07/16,11:00,6.2,7.15,6.05,7.15,56380
BANKNIFTY16JUL2021700CE,2020/07/16,11:01,7.4,7.4,6.85,7.3,62400
BANKNIFTY16JUL2021700CE,2020/07/16,11:02,7.25,7.3,6.2,6.4,37860
BANKNIFTY16JUL2021700CE,2020/07/16,11:03,6.45,6.65,5.95,6.3,66100
BANKNIFTY16JUL2021700CE,2020/07/16,11:04,6.4,6.55,5.95,6.15,48180
BANKNIFTY16JUL2021700CE,2020/07/16,11:05,6.15,6.7,6.1,6.25,43540
BANKNIFTY16JUL2021700CE,2020/07/16,11:06,6.35,6.9,6.3,6.5,32180
BANKNIFTY16JUL2021700CE,2020/07/16,11:07,6.55,6.9,6.45,6.55,22560
BANKNIFTY16JUL2021700CE,2020/07/16,11:08,6.55,6.6,6.2,6.55,24240
BANKNIFTY16JUL2021700CE,2020/07/16,11:09,6.5,6.95,6.4,6.7,28340
BANKNIFTY16JUL2021700CE,2020/07/16,11:10,6.8,6.9,6.15,6.3,30540
BANKNIFTY16JUL2021700CE,2020/07/16,11:11,6.25,7,6.25,6.85,37260
BANKNIFTY16JUL2021700CE,2020/07/16,11:12,6.8,7.4,6.65,7.25,53440
BANKNIFTY16JUL2021700CE,2020/07/16,11:13,7.4,7.8,6.35,6.45,52720
BANKNIFTY16JUL2021700CE,2020/07/16,11:14,6.55,7.4,6.55,7.05,29620
BANKNIFTY16JUL2021700CE,2020/07/16,11:15,7.15,7.6,6.55,6.9,52460
BANKNIFTY16JUL2021700CE,2020/07/16,11:16,6.9,7.35,6.5,7,37680
BANKNIFTY16JUL2021700CE,2020/07/16,11:17,6.8,7.6,6.65,7.2,29140
BANKNIFTY16JUL2021700CE,2020/07/16,11:18,7.15,7.85,7.05,7.25,41840
BANKNIFTY16JUL2021700CE,2020/07/16,11:19,7.3,9.5,7.25,9.05,103520
BANKNIFTY16JUL2021700CE,2020/07/16,11:20,9.15,10.2,8.2,10.2,82720
BANKNIFTY16JUL2021700CE,2020/07/16,11:21,10.1,10.15,8.05,8.4,91160
BANKNIFTY16JUL2021700CE,2020/07/16,11:22,8.35,8.45,7.75,7.75,51100
BANKNIFTY16JUL2021700CE,2020/07/16,11:23,7.7,8.4,7.6,7.8,58160
BANKNIFTY16JUL2021700CE,2020/07/16,11:24,7.75,8.95,6.85,8.95,63920
BANKNIFTY16JUL2021700CE,2020/07/16,11:25,9,9.55,8.1,8.1,58000
BANKNIFTY16JUL2021700CE,2020/07/16,11:26,8.25,8.5,7.8,8.1,30740
BANKNIFTY16JUL2021700CE,2020/07/16,11:27,8,9.4,8,8.4,39180
BANKNIFTY16JUL2021700CE,2020/07/16,11:28,8.5,8.5,7.6,7.95,46440
BANKNIFTY16JUL2021700CE,2020/07/16,11:29,7.85,8.2,7.1,8.05,42460
BANKNIFTY16JUL2021700CE,2020/07/16,11:30,8,8.85,7.8,7.8,45980
BANKNIFTY16JUL2021700CE,2020/07/16,11:31,7.85,9,7.8,8.8,41140
BANKNIFTY16JUL2021700CE,2020/07/16,11:32,8.8,9.8,8.15,8.3,99960
BANKNIFTY16JUL2021700CE,2020/07/16,11:33,8.3,9.4,8.15,8.75,80580
BANKNIFTY16JUL2021700CE,2020/07/16,11:34,8.7,10,8.6,8.95,100840
BANKNIFTY16JUL2021700CE,2020/07/16,11:35,9,9.1,7.7,7.85,70080
BANKNIFTY16JUL2021700CE,2020/07/16,11:36,8.05,10.05,8.05,9.85,103100
BANKNIFTY16JUL2021700CE,2020/07/16,11:37,9.75,10.1,8.2,8.35,97400
BANKNIFTY16JUL2021700CE,2020/07/16,11:38,8.25,9,8.15,8.8,61980
BANKNIFTY16JUL2021700CE,2020/07/16,11:39,8.75,12.5,8.75,11.5,181760
BANKNIFTY16JUL2021700CE,2020/07/16,11:40,11.75,13.9,10.85,11.25,133180
BANKNIFTY16JUL2021700CE,2020/07/16,11:41,11.25,11.25,9.9,9.95,91480
BANKNIFTY16JUL2021700CE,2020/07/16,11:42,9.7,10.05,8.85,9.65,94620
BANKNIFTY16JUL2021700CE,2020/07/16,11:43,9.8,10.15,9.2,10.15,49540
BANKNIFTY16JUL2021700CE,2020/07/16,11:44,9.65,10.5,9.05,10.35,53860
BANKNIFTY16JUL2021700CE,2020/07/16,11:45,10.35,11.35,10.3,11,71340
BANKNIFTY16JUL2021700CE,2020/07/16,11:46,11,11,9.15,10.15,51500
BANKNIFTY16JUL2021700CE,2020/07/16,11:47,9.95,9.95,9,9.05,35980
BANKNIFTY16JUL2021700CE,2020/07/16,11:48,9.15,10.2,9.05,9.75,49840
BANKNIFTY16JUL2021700CE,2020/07/16,11:49,9.95,9.95,8.05,8.55,62260
BANKNIFTY16JUL2021700CE,2020/07/16,11:50,8.55,8.65,7.65,8.4,71320
BANKNIFTY16JUL2021700CE,2020/07/16,11:51,8.45,9.5,8.45,8.95,56600
BANKNIFTY16JUL2021700CE,2020/07/16,11:52,9.05,9.65,8.9,9.6,33240
BANKNIFTY16JUL2021700CE,2020/07/16,11:53,9.65,10,8.8,9.9,60660
BANKNIFTY16JUL2021700CE,2020/07/16,11:54,9.85,11.8,9.75,10.65,184580
BANKNIFTY16JUL2021700CE,2020/07/16,11:55,10.7,15,10.2,11.15,253200
BANKNIFTY16JUL2021700CE,2020/07/16,11:56,11.25,12.15,10.3,10.55,143760
BANKNIFTY16JUL2021700CE,2020/07/16,11:57,10.7,11.85,9.3,9.3,113900
BANKNIFTY16JUL2021700CE,2020/07/16,11:58,9.45,9.75,8.25,9.2,94040
BANKNIFTY16JUL2021700CE,2020/07/16,11:59,9.1,9.5,8.2,9.15,87700
BANKNIFTY16JUL2021700CE,2020/07/16,12:00,9.1,10.1,8.35,9.55,97700
BANKNIFTY16JUL2021700CE,2020/07/16,12:01,9.6,10.75,9.35,9.4,75180
BANKNIFTY16JUL2021700CE,2020/07/16,12:02,9.5,10.1,8.85,8.9,58700
BANKNIFTY16JUL2021700CE,2020/07/16,12:03,8.9,10.2,8.75,10.1,61600
BANKNIFTY16JUL2021700CE,2020/07/16,12:04,10.1,10.25,8.2,8.35,59760
BANKNIFTY16JUL2021700CE,2020/07/16,12:05,8,9,7.3,7.65,137840
BANKNIFTY16JUL2021700CE,2020/07/16,12:06,7.65,7.65,6.7,6.85,120520
BANKNIFTY16JUL2021700CE,2020/07/16,12:07,6.9,7.3,6.6,6.95,79200
BANKNIFTY16JUL2021700CE,2020/07/16,12:08,6.85,6.85,5.25,5.35,156120
BANKNIFTY16JUL2021700CE,2020/07/16,12:09,5.3,5.35,4.6,5.35,165260
BANKNIFTY16JUL2021700CE,2020/07/16,12:10,5.25,6.1,5.25,6.1,116160
BANKNIFTY16JUL2021700CE,2020/07/16,12:11,6,6.05,5.15,5.3,123680
BANKNIFTY16JUL2021700CE,2020/07/16,12:12,5.4,5.95,5.4,5.9,73920
BANKNIFTY16JUL2021700CE,2020/07/16,12:13,5.95,6,5.25,5.75,80520
BANKNIFTY16JUL2021700CE,2020/07/16,12:14,5.7,5.75,5.1,5.1,66500
BANKNIFTY16JUL2021700CE,2020/07/16,12:15,5.15,5.35,4.8,5.1,100660
BANKNIFTY16JUL2021700CE,2020/07/16,12:16,5.05,5.65,5.05,5.35,84520
BANKNIFTY16JUL2021700CE,2020/07/16,12:17,5.45,5.9,5.35,5.8,57500
BANKNIFTY16JUL2021700CE,2020/07/16,12:18,5.7,5.95,5.05,5.15,56320
BANKNIFTY16JUL2021700CE,2020/07/16,12:19,5.2,6.2,5.2,5.85,72000
BANKNIFTY16JUL2021700CE,2020/07/16,12:20,5.95,6.5,5.95,6.5,54520
BANKNIFTY16JUL2021700CE,2020/07/16,12:21,6.5,7,6.15,6.55,58820
BANKNIFTY16JUL2021700CE,2020/07/16,12:22,6.45,6.8,5.7,5.8,62400
BANKNIFTY16JUL2021700CE,2020/07/16,12:23,5.75,5.85,5.35,5.6,45880
BANKNIFTY16JUL2021700CE,2020/07/16,12:24,5.65,5.85,5.25,5.25,48320
BANKNIFTY16JUL2021700CE,2020/07/16,12:25,5.15,5.25,4.35,4.35,104720
BANKNIFTY16JUL2021700CE,2020/07/16,12:26,4.35,4.6,4.15,4.4,125620
BANKNIFTY16JUL2021700CE,2020/07/16,12:27,4.4,4.7,4.35,4.65,104160
BANKNIFTY16JUL2021700CE,2020/07/16,12:28,4.55,4.6,4.4,4.6,61400
BANKNIFTY16JUL2021700CE,2020/07/16,12:29,4.7,5,4.5,4.75,74040
BANKNIFTY16JUL2021700CE,2020/07/16,12:30,4.8,5.75,4.75,5,143040
BANKNIFTY16JUL2021700CE,2020/07/16,12:31,5.15,5.2,4.65,4.95,91160
BANKNIFTY16JUL2021700CE,2020/07/16,12:32,4.9,4.9,4.55,4.55,95120
BANKNIFTY16JUL2021700CE,2020/07/16,12:33,4.6,5.15,4.5,4.75,65680
BANKNIFTY16JUL2021700CE,2020/07/16,12:34,4.75,5.25,4.45,4.8,91700
BANKNIFTY16JUL2021700CE,2020/07/16,12:35,4.95,5.1,4.65,5.1,53600
BANKNIFTY16JUL2021700CE,2020/07/16,12:36,5.1,5.3,4.6,4.6,87780
BANKNIFTY16JUL2021700CE,2020/07/16,12:37,4.55,4.8,4.4,4.7,42240
BANKNIFTY16JUL2021700CE,2020/07/16,12:38,4.65,5,4.45,4.8,71000
BANKNIFTY16JUL2021700CE,2020/07/16,12:39,4.95,5.65,4.95,5.65,96860
BANKNIFTY16JUL2021700CE,2020/07/16,12:40,5.55,5.55,4.7,4.95,77980
BANKNIFTY16JUL2021700CE,2020/07/16,12:41,4.9,5.25,4.65,5.25,44600
BANKNIFTY16JUL2021700CE,2020/07/16,12:42,5.1,5.6,4.85,5.3,55160
BANKNIFTY16JUL2021700CE,2020/07/16,12:43,5.45,5.45,4.75,4.9,58480
BANKNIFTY16JUL2021700CE,2020/07/16,12:44,4.9,5.3,4.8,5.2,57540
BANKNIFTY16JUL2021700CE,2020/07/16,12:45,5.15,6.05,4.95,5.9,99780
BANKNIFTY16JUL2021700CE,2020/07/16,12:46,5.8,6.05,5.1,5.1,67380
BANKNIFTY16JUL2021700CE,2020/07/16,12:47,5.15,5.85,5.15,5.5,46260
BANKNIFTY16JUL2021700CE,2020/07/16,12:48,5.5,5.6,4.85,5.15,50420
BANKNIFTY16JUL2021700CE,2020/07/16,12:49,5.25,5.25,4.8,5,55260
BANKNIFTY16JUL2021700CE,2020/07/16,12:50,4.95,5.25,4.7,4.95,61960
BANKNIFTY16JUL2021700CE,2020/07/16,12:51,4.9,5.15,4.8,5.05,53200
BANKNIFTY16JUL2021700CE,2020/07/16,12:52,5.15,5.65,4.95,5.4,62820
BANKNIFTY16JUL2021700CE,2020/07/16,12:53,5.4,5.75,4.9,4.9,46100
BANKNIFTY16JUL2021700CE,2020/07/16,12:54,5,5.35,4.95,5.05,41440
BANKNIFTY16JUL2021700CE,2020/07/16,12:55,5.05,5.2,4.8,4.9,48800
BANKNIFTY16JUL2021700CE,2020/07/16,12:56,4.9,5.5,4.85,4.95,54760
BANKNIFTY16JUL2021700CE,2020/07/16,12:57,5.15,5.3,4.7,5.1,77860
BANKNIFTY16JUL2021700CE,2020/07/16,12:58,5.05,5.05,4.65,4.7,51620
BANKNIFTY16JUL2021700CE,2020/07/16,12:59,4.75,4.85,4.4,4.45,59820
BANKNIFTY16JUL2021700CE,2020/07/16,13:00,4.35,4.45,3.25,3.45,263740
BANKNIFTY16JUL2021700CE,2020/07/16,13:01,3.5,3.5,2.75,3,181980
BANKNIFTY16JUL2021700CE,2020/07/16,13:02,3,3.15,2.9,3.05,137760
BANKNIFTY16JUL2021700CE,2020/07/16,13:03,3.05,3.1,2.8,2.85,123360
BANKNIFTY16JUL2021700CE,2020/07/16,13:04,2.9,3,2.5,2.9,94100
BANKNIFTY16JUL2021700CE,2020/07/16,13:05,2.9,2.95,2.5,2.55,107680
BANKNIFTY16JUL2021700CE,2020/07/16,13:06,2.6,2.65,2.4,2.55,59720
BANKNIFTY16JUL2021700CE,2020/07/16,13:07,2.5,2.85,2.5,2.75,75680
BANKNIFTY16JUL2021700CE,2020/07/16,13:08,2.75,2.75,2.55,2.6,57580
BANKNIFTY16JUL2021700CE,2020/07/16,13:09,2.6,2.8,2.5,2.55,79700
BANKNIFTY16JUL2021700CE,2020/07/16,13:10,2.5,2.75,2.5,2.7,68080
BANKNIFTY16JUL2021700CE,2020/07/16,13:11,2.65,2.75,2.5,2.6,47680
BANKNIFTY16JUL2021700CE,2020/07/16,13:12,2.65,2.7,2.4,2.4,46640
BANKNIFTY16JUL2021700CE,2020/07/16,13:13,2.4,2.55,2.25,2.45,56100
BANKNIFTY16JUL2021700CE,2020/07/16,13:14,2.5,2.55,2.2,2.2,44740
BANKNIFTY16JUL2021700CE,2020/07/16,13:15,2.2,2.35,2.1,2.3,83920
BANKNIFTY16JUL2021700CE,2020/07/16,13:16,2.25,2.3,2.05,2.15,47720
BANKNIFTY16JUL2021700CE,2020/07/16,13:17,2.1,2.2,2.1,2.15,49500
BANKNIFTY16JUL2021700CE,2020/07/16,13:18,2.15,2.35,2.15,2.25,67520
BANKNIFTY16JUL2021700CE,2020/07/16,13:19,2.3,2.3,2.15,2.25,46200
BANKNIFTY16JUL2021700CE,2020/07/16,13:20,2.25,2.65,2.25,2.5,83300
BANKNIFTY16JUL2021700CE,2020/07/16,13:21,2.5,2.55,2.25,2.25,49940
BANKNIFTY16JUL2021700CE,2020/07/16,13:22,2.25,2.45,2.2,2.25,45080
BANKNIFTY16JUL2021700CE,2020/07/16,13:23,2.2,2.35,2.2,2.2,40660
BANKNIFTY16JUL2021700CE,2020/07/16,13:24,2.2,2.45,2.2,2.3,37120
BANKNIFTY16JUL2021700CE,2020/07/16,13:25,2.3,2.4,2.2,2.25,31820
BANKNIFTY16JUL2021700CE,2020/07/16,13:26,2.2,2.25,2,2.05,44640
BANKNIFTY16JUL2021700CE,2020/07/16,13:27,2.1,2.2,2.1,2.15,34000
BANKNIFTY16JUL2021700CE,2020/07/16,13:28,2.15,2.25,2.1,2.2,38340
BANKNIFTY16JUL2021700CE,2020/07/16,13:29,2.2,2.45,2,2,42380
BANKNIFTY16JUL2021700CE,2020/07/16,13:30,2.05,2.35,2.05,2.15,34120
BANKNIFTY16JUL2021700CE,2020/07/16,13:31,2.15,2.25,2.05,2.2,40860
BANKNIFTY16JUL2021700CE,2020/07/16,13:32,2.2,4.6,2.2,4.05,254120
BANKNIFTY16JUL2021700CE,2020/07/16,13:33,3.95,4.3,2.85,2.85,132080
BANKNIFTY16JUL2021700CE,2020/07/16,13:34,2.65,3.8,2.65,3.05,113640
BANKNIFTY16JUL2021700CE,2020/07/16,13:35,3.1,3.65,2.85,2.85,72920
BANKNIFTY16JUL2021700CE,2020/07/16,13:36,2.85,3.85,2.85,3.75,147520
BANKNIFTY16JUL2021700CE,2020/07/16,13:37,3.85,4.25,3.35,3.7,121240
BANKNIFTY16JUL2021700CE,2020/07/16,13:38,3.65,3.95,3.5,3.85,85480
BANKNIFTY16JUL2021700CE,2020/07/16,13:39,3.8,3.8,3.1,3.5,69120
BANKNIFTY16JUL2021700CE,2020/07/16,13:40,3.55,3.8,3,3.05,79700
BANKNIFTY16JUL2021700CE,2020/07/16,13:41,3.1,3.45,3.05,3.4,56420
BANKNIFTY16JUL2021700CE,2020/07/16,13:42,3.45,3.45,3.05,3.15,40900
BANKNIFTY16JUL2021700CE,2020/07/16,13:43,3.15,4,3.05,3.5,84000
BANKNIFTY16JUL2021700CE,2020/07/16,13:44,3.4,3.55,3.15,3.35,63920
BANKNIFTY16JUL2021700CE,2020/07/16,13:45,3.35,4.55,3.3,4.55,91420
BANKNIFTY16JUL2021700CE,2020/07/16,13:46,4.55,4.55,3.85,4.15,97300
BANKNIFTY16JUL2021700CE,2020/07/16,13:47,4.05,4.05,2.9,3.1,87640
BANKNIFTY16JUL2021700CE,2020/07/16,13:48,3.15,3.4,2,2.1,116860
BANKNIFTY16JUL2021700CE,2020/07/16,13:49,2,2.45,2,2.4,51460
BANKNIFTY16JUL2021700CE,2020/07/16,13:50,2.3,2.5,2.05,2.05,62680
BANKNIFTY16JUL2021700CE,2020/07/16,13:51,2,2.35,1.95,2.25,87880
BANKNIFTY16JUL2021700CE,2020/07/16,13:52,2.3,2.65,2.25,2.35,66520
BANKNIFTY16JUL2021700CE,2020/07/16,13:53,2.35,2.55,2.2,2.4,40860
BANKNIFTY16JUL2021700CE,2020/07/16,13:54,2.45,2.45,2.05,2.3,52300
BANKNIFTY16JUL2021700CE,2020/07/16,13:55,2.25,2.7,2.25,2.7,56320
BANKNIFTY16JUL2021700CE,2020/07/16,13:56,2.85,2.95,2.55,2.65,50140
BANKNIFTY16JUL2021700CE,2020/07/16,13:57,2.5,2.65,2.25,2.65,65920
BANKNIFTY16JUL2021700CE,2020/07/16,13:58,2.5,2.75,2.2,2.75,44880
BANKNIFTY16JUL2021700CE,2020/07/16,13:59,2.75,3.55,2.55,2.95,83160
BANKNIFTY16JUL2021700CE,2020/07/16,14:00,3.05,3.15,2.4,2.65,44800
BANKNIFTY16JUL2021700CE,2020/07/16,14:01,2.65,2.75,2.3,2.3,50240
BANKNIFTY16JUL2021700CE,2020/07/16,14:02,2.35,2.85,2.35,2.7,67700
BANKNIFTY16JUL2021700CE,2020/07/16,14:03,2.7,2.7,2.15,2.15,76020
BANKNIFTY16JUL2021700CE,2020/07/16,14:04,2.15,2.25,1.85,2.1,84860
BANKNIFTY16JUL2021700CE,2020/07/16,14:05,2.1,2.2,1.5,1.6,106840
BANKNIFTY16JUL2021700CE,2020/07/16,14:06,1.5,1.85,1.45,1.75,119180
BANKNIFTY16JUL2021700CE,2020/07/16,14:07,1.75,1.85,1.55,1.85,76340
BANKNIFTY16JUL2021700CE,2020/07/16,14:08,1.85,2.05,1.75,1.9,92740
BANKNIFTY16JUL2021700CE,2020/07/16,14:09,1.85,2,1.7,1.75,39320
BANKNIFTY16JUL2021700CE,2020/07/16,14:10,1.75,1.8,1.55,1.7,77480
BANKNIFTY16JUL2021700CE,2020/07/16,14:11,1.7,1.7,1.5,1.5,53560
BANKNIFTY16JUL2021700CE,2020/07/16,14:12,1.5,1.65,1.5,1.65,49020
BANKNIFTY16JUL2021700CE,2020/07/16,14:13,1.65,1.75,1.55,1.7,55340
BANKNIFTY16JUL2021700CE,2020/07/16,14:14,1.65,1.8,1.65,1.65,45960
BANKNIFTY16JUL2021700CE,2020/07/16,14:15,1.7,2.05,1.6,2,41600
BANKNIFTY16JUL2021700CE,2020/07/16,14:16,2,2.15,1.8,1.9,42780
BANKNIFTY16JUL2021700CE,2020/07/16,14:17,1.85,2.1,1.6,1.65,59660
BANKNIFTY16JUL2021700CE,2020/07/16,14:18,1.65,1.9,1.55,1.75,83760
BANKNIFTY16JUL2021700CE,2020/07/16,14:19,1.8,2.35,1.7,1.85,89520
BANKNIFTY16JUL2021700CE,2020/07/16,14:20,1.95,2.2,1.75,1.8,70180
BANKNIFTY16JUL2021700CE,2020/07/16,14:21,1.85,1.85,1.65,1.7,56100
BANKNIFTY16JUL2021700CE,2020/07/16,14:22,1.75,2.2,1.65,2.1,63120
BANKNIFTY16JUL2021700CE,2020/07/16,14:23,2.1,2.85,2.1,2.65,157200
BANKNIFTY16JUL2021700CE,2020/07/16,14:24,2.6,2.7,2.2,2.25,146480
BANKNIFTY16JUL2021700CE,2020/07/16,14:25,2.25,2.55,1.8,2.55,96880
BANKNIFTY16JUL2021700CE,2020/07/16,14:26,2.65,3,2.4,2.5,139360
BANKNIFTY16JUL2021700CE,2020/07/16,14:27,2.55,5.8,2.35,3.35,288700
BANKNIFTY16JUL2021700CE,2020/07/16,14:28,3.4,3.4,2.85,3.3,125740
BANKNIFTY16JUL2021700CE,2020/07/16,14:29,3.3,4.1,3.15,3.35,182200
BANKNIFTY16JUL2021700CE,2020/07/16,14:30,3.3,3.5,1.85,2.15,221740
BANKNIFTY16JUL2021700CE,2020/07/16,14:31,2,2.05,1.35,1.4,208120
BANKNIFTY16JUL2021700CE,2020/07/16,14:32,1.4,1.65,1.35,1.55,105380
BANKNIFTY16JUL2021700CE,2020/07/16,14:33,1.55,1.7,1.5,1.7,71920
BANKNIFTY16JUL2021700CE,2020/07/16,14:34,1.75,1.95,1.6,1.65,90120
BANKNIFTY16JUL2021700CE,2020/07/16,14:35,1.6,1.7,1.3,1.7,114500
BANKNIFTY16JUL2021700CE,2020/07/16,14:36,1.7,2.1,1.65,1.9,130220
BANKNIFTY16JUL2021700CE,2020/07/16,14:37,1.95,2.15,1.55,1.55,98740
BANKNIFTY16JUL2021700CE,2020/07/16,14:38,1.6,1.95,1.4,1.95,121880
BANKNIFTY16JUL2021700CE,2020/07/16,14:39,2,2.85,1.7,1.7,159900
BANKNIFTY16JUL2021700CE,2020/07/16,14:40,1.75,1.75,1.2,1.55,123460
BANKNIFTY16JUL2021700CE,2020/07/16,14:41,1.6,1.9,1.2,1.25,104160
BANKNIFTY16JUL2021700CE,2020/07/16,14:42,1.25,1.7,1.2,1.4,88200
BANKNIFTY16JUL2021700CE,2020/07/16,14:43,1.35,1.6,1.2,1.55,97720
BANKNIFTY16JUL2021700CE,2020/07/16,14:44,1.6,1.6,1.25,1.3,94860
BANKNIFTY16JUL2021700CE,2020/07/16,14:45,1.3,1.45,1.1,1.15,108620
BANKNIFTY16JUL2021700CE,2020/07/16,14:46,1.05,1.15,0.8,1.05,176500
BANKNIFTY16JUL2021700CE,2020/07/16,14:47,1.1,1.4,1.05,1.35,94080
BANKNIFTY16JUL2021700CE,2020/07/16,14:48,1.35,2.2,1.2,2,218440
BANKNIFTY16JUL2021700CE,2020/07/16,14:49,2.15,2.75,1.4,2.75,227480
BANKNIFTY16JUL2021700CE,2020/07/16,14:50,2.85,3,1.35,1.4,321900
BANKNIFTY16JUL2021700CE,2020/07/16,14:51,1.4,2.2,0.95,2.05,243640
BANKNIFTY16JUL2021700CE,2020/07/16,14:52,2,2.1,1.5,2,131520
BANKNIFTY16JUL2021700CE,2020/07/16,14:53,2.05,2.1,1.25,1.75,155100
BANKNIFTY16JUL2021700CE,2020/07/16,14:54,1.7,3,1.7,2.2,242540
BANKNIFTY16JUL2021700CE,2020/07/16,14:55,2.3,2.75,1.75,2.05,218420
BANKNIFTY16JUL2021700CE,2020/07/16,14:56,2.1,2.1,1.35,1.85,213280
BANKNIFTY16JUL2021700CE,2020/07/16,14:57,2,2.05,1.35,1.5,126260
BANKNIFTY16JUL2021700CE,2020/07/16,14:58,1.45,1.9,1.35,1.9,130740
BANKNIFTY16JUL2021700CE,2020/07/16,14:59,1.9,2.2,1.7,1.95,188400
BANKNIFTY16JUL2021700CE,2020/07/16,15:00,1.9,4.5,1.9,3.05,532420
BANKNIFTY16JUL2021700CE,2020/07/16,15:01,3.15,3.65,2,2.65,423000
BANKNIFTY16JUL2021700CE,2020/07/16,15:02,2.7,4.7,2.3,3,646660
BANKNIFTY16JUL2021700CE,2020/07/16,15:03,3.05,3.75,2.85,3.45,496460
BANKNIFTY16JUL2021700CE,2020/07/16,15:04,3.45,3.45,0.85,1.3,589060
BANKNIFTY16JUL2021700CE,2020/07/16,15:05,1.3,2.8,1.3,2.35,421820
BANKNIFTY16JUL2021700CE,2020/07/16,15:06,2.4,2.4,1.25,1.3,322340
BANKNIFTY16JUL2021700CE,2020/07/16,15:07,1.3,1.65,1.25,1.35,224040
BANKNIFTY16JUL2021700CE,2020/07/16,15:08,1.45,2.55,1.45,1.75,472740
BANKNIFTY16JUL2021700CE,2020/07/16,15:09,1.6,2.35,1.6,2.1,343120
BANKNIFTY16JUL2021700CE,2020/07/16,15:10,2.05,3.7,1.9,3.15,1012540
BANKNIFTY16JUL2021700CE,2020/07/16,15:11,3.25,3.25,1.2,2.4,656440
BANKNIFTY16JUL2021700CE,2020/07/16,15:12,2.4,2.6,1.05,1.1,565260
BANKNIFTY16JUL2021700CE,2020/07/16,15:13,1.15,1.9,1,1.05,400920
BANKNIFTY16JUL2021700CE,2020/07/16,15:14,0.9,0.95,0.55,0.65,506280
BANKNIFTY16JUL2021700CE,2020/07/16,15:15,0.65,0.75,0.3,0.4,480580
BANKNIFTY16JUL2021700CE,2020/07/16,15:16,0.4,0.4,0.25,0.3,337980
BANKNIFTY16JUL2021700CE,2020/07/16,15:17,0.35,0.35,0.25,0.35,267240
BANKNIFTY16JUL2021700CE,2020/07/16,15:18,0.3,0.3,0.25,0.25,162820
BANKNIFTY16JUL2021700CE,2020/07/16,15:19,0.25,0.25,0.15,0.15,204960
BANKNIFTY16JUL2021700CE,2020/07/16,15:20,0.15,0.25,0.15,0.2,216420
BANKNIFTY16JUL2021700CE,2020/07/16,15:21,0.2,0.2,0.15,0.15,219380
BANKNIFTY16JUL2021700CE,2020/07/16,15:22,0.15,0.2,0.1,0.1,154320
BANKNIFTY16JUL2021700CE,2020/07/16,15:23,0.15,0.2,0.1,0.15,121720
BANKNIFTY16JUL2021700CE,2020/07/16,15:24,0.1,0.2,0.1,0.1,123380
BANKNIFTY16JUL2021700CE,2020/07/16,15:25,0.1,0.2,0.05,0.05,245840
BANKNIFTY16JUL2021700CE,2020/07/16,15:26,0.05,0.2,0.05,0.15,133980
BANKNIFTY16JUL2021700CE,2020/07/16,15:27,0.1,0.15,0.05,0.05,32340
BANKNIFTY16JUL2021700CE,2020/07/16,15:28,0.1,0.1,0.05,0.05,54460
BANKNIFTY16JUL2021700CE,2020/07/16,15:29,0.05,0.1,0.05,0.05,30720
