BANKNIFTY16JUL2019400PE,2020/07/10,11:33,6.7,6.7,4.7,4.7,140
BANKNIFTY16JUL2019400PE,2020/07/10,11:34,7,7,7,7,80
BANKNIFTY16JUL2019400PE,2020/07/10,11:35,5.05,7,5.05,5.25,80
BANKNIFTY16JUL2019400PE,2020/07/10,11:57,5.25,6.8,5.25,6.8,80
BANKNIFTY16JUL2019400PE,2020/07/10,12:10,6.8,7.45,6.8,7.45,40
BANKNIFTY16JUL2019400PE,2020/07/10,12:18,7.45,9.85,7.45,7.85,40
BANKNIFTY16JUL2019400PE,2020/07/10,12:19,7.85,7.85,7.8,7.8,40
BANKNIFTY16JUL2019400PE,2020/07/10,12:20,7.8,8.15,7.8,8.15,60
BANKNIFTY16JUL2019400PE,2020/07/10,12:29,8.15,9.6,8.15,9.6,280
BANKNIFTY16JUL2019400PE,2020/07/10,12:39,9.6,9.6,8.15,8.15,40
BANKNIFTY16JUL2019400PE,2020/07/10,12:45,8.15,8.65,8.15,8.65,20
BANKNIFTY16JUL2019400PE,2020/07/10,12:52,8.65,8.65,7.45,7.45,20
BANKNIFTY16JUL2019400PE,2020/07/10,12:53,7.45,7.5,7.45,7.5,200
BANKNIFTY16JUL2019400PE,2020/07/10,13:03,7.5,7.5,6.7,6.7,20
BANKNIFTY16JUL2019400PE,2020/07/10,13:06,6.7,6.7,6.35,6.35,20
BANKNIFTY16JUL2019400PE,2020/07/10,13:08,6.35,6.35,6.35,6.35,20
BANKNIFTY16JUL2019400PE,2020/07/10,13:14,6.35,7.5,6.35,7.5,140
BANKNIFTY16JUL2019400PE,2020/07/10,13:22,7.5,7.95,7.5,7.95,20
BANKNIFTY16JUL2019400PE,2020/07/10,13:40,7.95,7.95,5.8,5.8,20
BANKNIFTY16JUL2019400PE,2020/07/10,14:11,5.8,8,5.8,8,40
BANKNIFTY16JUL2019400PE,2020/07/10,14:12,8,8,7.95,7.95,60
BANKNIFTY16JUL2019400PE,2020/07/10,14:17,7.95,7.95,7.45,7.45,20
BANKNIFTY16JUL2019400PE,2020/07/10,14:18,7.45,7.5,7.45,7.5,20
BANKNIFTY16JUL2019400PE,2020/07/10,14:53,7.5,7.5,5.8,5.8,20
BANKNIFTY16JUL2019400PE,2020/07/10,15:13,5.8,5.8,5.7,5.7,20
BANKNIFTY16JUL2019400PE,2020/07/10,15:19,5.7,7.25,5.7,7.25,100
BANKNIFTY16JUL2019400PE,2020/07/13,09:15,7,7,4.7,7,0
BANKNIFTY16JUL2019400PE,2020/07/13,09:19,4,4,3.95,3.95,40
BANKNIFTY16JUL2019400PE,2020/07/13,09:20,3.95,3.95,3.9,3.9,20
BANKNIFTY16JUL2019400PE,2020/07/13,09:22,3.9,3.9,3.9,3.9,20
BANKNIFTY16JUL2019400PE,2020/07/13,09:24,3.9,3.9,3.75,3.75,20
BANKNIFTY16JUL2019400PE,2020/07/13,09:29,3.75,3.85,3.75,3.85,20
BANKNIFTY16JUL2019400PE,2020/07/13,09:34,4.2,4.2,2.95,2.95,140
BANKNIFTY16JUL2019400PE,2020/07/13,10:15,2.95,4.85,2.95,4.85,20
BANKNIFTY16JUL2019400PE,2020/07/13,10:16,4.85,4.85,4.85,4.85,20
BANKNIFTY16JUL2019400PE,2020/07/13,10:44,4.85,4.85,4.5,4.5,20
BANKNIFTY16JUL2019400PE,2020/07/13,11:07,4.5,4.9,4.5,4.9,80
BANKNIFTY16JUL2019400PE,2020/07/13,11:09,4.9,5,4.9,5,40
BANKNIFTY16JUL2019400PE,2020/07/13,11:13,5,5,4.8,4.8,40
BANKNIFTY16JUL2019400PE,2020/07/13,11:14,4.8,4.8,4.75,4.75,20
BANKNIFTY16JUL2019400PE,2020/07/13,11:16,4.75,5.4,4.75,5.35,40
BANKNIFTY16JUL2019400PE,2020/07/13,11:17,5.35,5.35,5.25,5.25,20
BANKNIFTY16JUL2019400PE,2020/07/13,11:23,5.25,5.75,5.25,5.75,100
BANKNIFTY16JUL2019400PE,2020/07/13,12:17,5.75,5.75,5.7,5.7,20
BANKNIFTY16JUL2019400PE,2020/07/13,12:19,5.7,5.7,5.4,5.4,40
BANKNIFTY16JUL2019400PE,2020/07/13,12:22,5.4,5.4,5.1,5.1,20
BANKNIFTY16JUL2019400PE,2020/07/13,12:23,5.05,5.05,5.05,5.05,20
BANKNIFTY16JUL2019400PE,2020/07/13,12:28,5.05,5.05,4.75,4.75,20
BANKNIFTY16JUL2019400PE,2020/07/13,12:29,4.75,4.75,4.75,4.75,20
BANKNIFTY16JUL2019400PE,2020/07/13,12:31,4.75,4.75,4.65,4.65,20
BANKNIFTY16JUL2019400PE,2020/07/13,12:59,4.65,7.6,4.65,7.6,220
BANKNIFTY16JUL2019400PE,2020/07/13,13:00,7.6,7.6,6.45,6.45,60
BANKNIFTY16JUL2019400PE,2020/07/13,13:24,6.45,7.2,5.55,5.55,800
BANKNIFTY16JUL2019400PE,2020/07/13,13:28,5.55,6.3,5.55,6.3,40
BANKNIFTY16JUL2019400PE,2020/07/13,13:29,6.3,6.3,6.2,6.2,60
BANKNIFTY16JUL2019400PE,2020/07/13,13:31,6.2,6.4,6.2,6.4,20
BANKNIFTY16JUL2019400PE,2020/07/13,13:32,6.4,6.6,6.4,6.6,40
BANKNIFTY16JUL2019400PE,2020/07/13,13:41,6.6,6.6,5.3,5.3,20
BANKNIFTY16JUL2019400PE,2020/07/13,13:42,5.3,5.85,5.3,5.85,20
BANKNIFTY16JUL2019400PE,2020/07/13,13:43,5.85,5.85,5.25,5.25,60
BANKNIFTY16JUL2019400PE,2020/07/13,13:50,5.25,5.3,5.25,5.3,20
BANKNIFTY16JUL2019400PE,2020/07/13,13:54,5.3,6.65,5.3,6.65,20
BANKNIFTY16JUL2019400PE,2020/07/13,13:55,6.65,6.7,6.65,6.7,40
BANKNIFTY16JUL2019400PE,2020/07/13,14:00,6.7,6.7,6.1,6.1,20
BANKNIFTY16JUL2019400PE,2020/07/13,14:07,6.1,6.1,6.1,6.1,20
BANKNIFTY16JUL2019400PE,2020/07/13,14:15,6.1,6.1,5.2,5.2,60
BANKNIFTY16JUL2019400PE,2020/07/13,14:17,5.2,5.2,5.1,5.1,20
BANKNIFTY16JUL2019400PE,2020/07/13,14:18,5.1,5.1,5.1,5.1,40
BANKNIFTY16JUL2019400PE,2020/07/13,14:21,5.1,5.1,5.1,5.1,100
BANKNIFTY16JUL2019400PE,2020/07/13,14:37,5.1,5.7,5.1,5.7,100
BANKNIFTY16JUL2019400PE,2020/07/13,15:08,5.7,5.7,4.5,4.5,40
BANKNIFTY16JUL2019400PE,2020/07/13,15:14,5.3,5.3,5.3,5.3,20
BANKNIFTY16JUL2019400PE,2020/07/13,15:16,5.1,5.1,5.1,5.1,100
BANKNIFTY16JUL2019400PE,2020/07/13,15:17,5.1,5.1,4.4,4.4,40
BANKNIFTY16JUL2019400PE,2020/07/13,15:18,4.4,4.4,4.3,4.3,20
BANKNIFTY16JUL2019400PE,2020/07/13,15:20,4.3,4.65,4.3,4.65,20
BANKNIFTY16JUL2019400PE,2020/07/13,15:21,4.65,5.1,4,4,440
BANKNIFTY16JUL2019400PE,2020/07/13,15:22,4,5.4,4,5.4,620
BANKNIFTY16JUL2019400PE,2020/07/13,15:24,4.55,4.55,4.55,4.55,20
BANKNIFTY16JUL2019400PE,2020/07/13,15:25,4.55,4.55,4,4,80
BANKNIFTY16JUL2019400PE,2020/07/13,15:26,4,4,3.8,3.8,160
BANKNIFTY16JUL2019400PE,2020/07/13,15:27,3.8,3.85,3.5,3.5,60
BANKNIFTY16JUL2019400PE,2020/07/13,15:29,3.5,3.8,3.5,3.8,120
BANKNIFTY16JUL2019400PE,2020/07/14,09:15,4.65,4.65,2.95,4.65,0
BANKNIFTY16JUL2019400PE,2020/07/14,09:18,3.8,4.75,3.8,4.75,80
BANKNIFTY16JUL2019400PE,2020/07/14,09:19,4.95,5.05,4.95,5.05,100
BANKNIFTY16JUL2019400PE,2020/07/14,09:20,5.2,5.2,5.2,5.2,20
BANKNIFTY16JUL2019400PE,2020/07/14,09:21,5.2,5.8,5.2,5.8,20
BANKNIFTY16JUL2019400PE,2020/07/14,09:23,4.45,4.45,3.8,3.8,240
BANKNIFTY16JUL2019400PE,2020/07/14,09:24,3.8,3.8,3.5,3.5,20
BANKNIFTY16JUL2019400PE,2020/07/14,09:28,3.5,3.5,3.5,3.5,20
BANKNIFTY16JUL2019400PE,2020/07/14,09:30,3.5,3.5,3.45,3.45,20
BANKNIFTY16JUL2019400PE,2020/07/14,09:31,3.45,4,3.45,3.95,80
BANKNIFTY16JUL2019400PE,2020/07/14,09:32,3.85,4.4,3.8,3.8,140
BANKNIFTY16JUL2019400PE,2020/07/14,09:38,3.8,3.8,3.6,3.6,20
BANKNIFTY16JUL2019400PE,2020/07/14,09:39,3.6,4.5,3.6,4.5,40
BANKNIFTY16JUL2019400PE,2020/07/14,09:40,4.5,4.6,4.5,4.6,60
BANKNIFTY16JUL2019400PE,2020/07/14,09:41,4.6,4.6,4.4,4.45,60
BANKNIFTY16JUL2019400PE,2020/07/14,09:43,4.45,4.45,3.85,3.85,20
BANKNIFTY16JUL2019400PE,2020/07/14,09:47,4.6,4.6,4.6,4.6,20
BANKNIFTY16JUL2019400PE,2020/07/14,09:49,4.6,4.6,3.8,3.8,60
BANKNIFTY16JUL2019400PE,2020/07/14,09:50,3.9,3.9,3.9,3.9,320
BANKNIFTY16JUL2019400PE,2020/07/14,09:51,3.9,3.9,3.8,3.8,80
BANKNIFTY16JUL2019400PE,2020/07/14,09:54,3.8,3.85,3.8,3.85,100
BANKNIFTY16JUL2019400PE,2020/07/14,09:55,3.85,4.25,3.85,4.25,20
BANKNIFTY16JUL2019400PE,2020/07/14,09:57,4.25,4.7,4.25,4.7,20
BANKNIFTY16JUL2019400PE,2020/07/14,10:01,4.7,4.7,4.7,4.7,40
BANKNIFTY16JUL2019400PE,2020/07/14,10:05,5,5.4,5,5.4,620
BANKNIFTY16JUL2019400PE,2020/07/14,10:06,5.4,5.85,5.4,5.85,20
BANKNIFTY16JUL2019400PE,2020/07/14,10:07,5.85,6.1,5.85,6.1,100
BANKNIFTY16JUL2019400PE,2020/07/14,10:09,6.1,6.1,5.45,5.45,120
BANKNIFTY16JUL2019400PE,2020/07/14,10:10,5.45,5.45,5.4,5.4,20
BANKNIFTY16JUL2019400PE,2020/07/14,10:11,5.4,5.6,5.4,5.6,200
BANKNIFTY16JUL2019400PE,2020/07/14,10:12,5.6,5.6,4.6,4.6,20
BANKNIFTY16JUL2019400PE,2020/07/14,10:15,4.6,5.6,4.6,5.6,140
BANKNIFTY16JUL2019400PE,2020/07/14,10:17,5.6,6,5.6,6,200
BANKNIFTY16JUL2019400PE,2020/07/14,10:18,6,6,5.5,5.5,220
BANKNIFTY16JUL2019400PE,2020/07/14,10:20,5.5,6.25,5.5,6.25,100
BANKNIFTY16JUL2019400PE,2020/07/14,10:22,6.25,7.7,6.25,7.7,120
BANKNIFTY16JUL2019400PE,2020/07/14,10:25,7.7,7.7,6.3,6.3,20
BANKNIFTY16JUL2019400PE,2020/07/14,10:26,6.3,7.5,6.3,7.5,300
BANKNIFTY16JUL2019400PE,2020/07/14,10:36,7.5,7.5,7.5,7.5,40
BANKNIFTY16JUL2019400PE,2020/07/14,10:37,7.5,7.5,6.5,6.5,20
BANKNIFTY16JUL2019400PE,2020/07/14,10:38,6.5,6.5,6.2,6.2,40
BANKNIFTY16JUL2019400PE,2020/07/14,10:39,6.2,7,6.2,7,100
BANKNIFTY16JUL2019400PE,2020/07/14,10:49,7,7,7,7,80
BANKNIFTY16JUL2019400PE,2020/07/14,10:54,7,7.5,7,7.5,40
BANKNIFTY16JUL2019400PE,2020/07/14,10:57,7.5,8.55,7.5,8.55,20
BANKNIFTY16JUL2019400PE,2020/07/14,11:01,8.55,9.25,8.55,9.25,200
BANKNIFTY16JUL2019400PE,2020/07/14,11:02,10.15,10.15,10.15,10.15,180
BANKNIFTY16JUL2019400PE,2020/07/14,11:04,10.15,11.2,10.15,10.6,380
BANKNIFTY16JUL2019400PE,2020/07/14,11:05,10.6,10.75,9.55,10.75,320
BANKNIFTY16JUL2019400PE,2020/07/14,11:06,10.75,11.7,10.65,11.7,60
BANKNIFTY16JUL2019400PE,2020/07/14,11:07,11.7,11.75,10.8,10.8,80
BANKNIFTY16JUL2019400PE,2020/07/14,11:08,10.65,11,10.2,11,400
BANKNIFTY16JUL2019400PE,2020/07/14,11:09,11,11.9,11,11.3,220
BANKNIFTY16JUL2019400PE,2020/07/14,11:10,11.3,11.35,11,11,560
BANKNIFTY16JUL2019400PE,2020/07/14,11:11,11,11,9.5,9.85,440
BANKNIFTY16JUL2019400PE,2020/07/14,11:12,9.85,9.85,8.4,8.6,380
BANKNIFTY16JUL2019400PE,2020/07/14,11:13,9,9,9,9,100
BANKNIFTY16JUL2019400PE,2020/07/14,11:14,9,9,9,9,40
BANKNIFTY16JUL2019400PE,2020/07/14,11:15,9,9.1,9,9.1,300
BANKNIFTY16JUL2019400PE,2020/07/14,11:16,9.75,9.75,9.75,9.75,100
BANKNIFTY16JUL2019400PE,2020/07/14,11:17,9.75,9.75,9,9,60
BANKNIFTY16JUL2019400PE,2020/07/14,11:18,9,9,7.9,8.1,160
BANKNIFTY16JUL2019400PE,2020/07/14,11:19,8.1,8.55,8.1,8.55,20
BANKNIFTY16JUL2019400PE,2020/07/14,11:20,8.55,8.55,8.05,8.05,300
BANKNIFTY16JUL2019400PE,2020/07/14,11:21,8.05,8.95,8.05,8.95,80
BANKNIFTY16JUL2019400PE,2020/07/14,11:22,8.95,9.2,8.45,9.2,80
BANKNIFTY16JUL2019400PE,2020/07/14,11:23,9.2,9.85,9.2,9.85,140
BANKNIFTY16JUL2019400PE,2020/07/14,11:24,9.85,9.85,8.55,9.5,440
BANKNIFTY16JUL2019400PE,2020/07/14,11:25,9.5,9.5,9.5,9.5,320
BANKNIFTY16JUL2019400PE,2020/07/14,11:26,9.5,9.5,9.5,9.5,140
BANKNIFTY16JUL2019400PE,2020/07/14,11:27,9.5,9.65,9.5,9.5,440
BANKNIFTY16JUL2019400PE,2020/07/14,11:28,9.5,9.5,9,9,20
BANKNIFTY16JUL2019400PE,2020/07/14,11:29,9,9,8.55,8.55,220
BANKNIFTY16JUL2019400PE,2020/07/14,11:31,8.55,8.55,8.35,8.35,80
BANKNIFTY16JUL2019400PE,2020/07/14,11:32,8.35,8.35,7.45,7.45,40
BANKNIFTY16JUL2019400PE,2020/07/14,11:33,7.45,8.35,7.45,8.35,700
BANKNIFTY16JUL2019400PE,2020/07/14,11:34,8.35,8.35,8.05,8.05,280
BANKNIFTY16JUL2019400PE,2020/07/14,11:35,8.05,8.05,7.3,7.3,240
BANKNIFTY16JUL2019400PE,2020/07/14,11:38,7.3,8.05,7.3,8.05,20
BANKNIFTY16JUL2019400PE,2020/07/14,11:40,8.05,8.05,7.05,7.05,60
BANKNIFTY16JUL2019400PE,2020/07/14,11:41,7.1,7.1,7.1,7.1,40
BANKNIFTY16JUL2019400PE,2020/07/14,11:43,7.1,7.8,7.1,7.8,100
BANKNIFTY16JUL2019400PE,2020/07/14,11:44,7.8,7.8,7.8,7.8,160
BANKNIFTY16JUL2019400PE,2020/07/14,11:46,7.8,8,7.8,8,20
BANKNIFTY16JUL2019400PE,2020/07/14,11:47,8,8.5,8,8.5,220
BANKNIFTY16JUL2019400PE,2020/07/14,11:48,8.5,8.8,8.5,8.8,60
BANKNIFTY16JUL2019400PE,2020/07/14,11:49,8.8,8.85,8.8,8.8,220
BANKNIFTY16JUL2019400PE,2020/07/14,11:52,8.8,8.8,8.15,8.15,20
BANKNIFTY16JUL2019400PE,2020/07/14,11:54,8.15,8.8,8.15,8.8,60
BANKNIFTY16JUL2019400PE,2020/07/14,11:56,8.8,9,8.5,9,100
BANKNIFTY16JUL2019400PE,2020/07/14,11:58,9,9,8.65,8.65,20
BANKNIFTY16JUL2019400PE,2020/07/14,11:59,8.65,8.65,8.4,8.4,60
BANKNIFTY16JUL2019400PE,2020/07/14,12:01,8.4,8.8,8.4,8.7,280
BANKNIFTY16JUL2019400PE,2020/07/14,12:03,8.7,8.7,8.7,8.7,20
BANKNIFTY16JUL2019400PE,2020/07/14,12:04,8.65,8.65,8.65,8.65,20
BANKNIFTY16JUL2019400PE,2020/07/14,12:08,8.65,8.65,8.5,8.5,120
BANKNIFTY16JUL2019400PE,2020/07/14,12:11,8.5,8.5,8.5,8.5,120
BANKNIFTY16JUL2019400PE,2020/07/14,12:14,8.5,8.6,8.25,8.25,60
BANKNIFTY16JUL2019400PE,2020/07/14,12:15,8.05,8.2,8,8.15,140
BANKNIFTY16JUL2019400PE,2020/07/14,12:16,8.15,8.15,7.75,7.75,40
BANKNIFTY16JUL2019400PE,2020/07/14,12:17,7.75,7.75,7.7,7.7,60
BANKNIFTY16JUL2019400PE,2020/07/14,12:19,7.7,7.8,7.45,7.5,380
BANKNIFTY16JUL2019400PE,2020/07/14,12:21,7.5,7.5,7.5,7.5,120
BANKNIFTY16JUL2019400PE,2020/07/14,12:22,7.5,8,7.1,8,480
BANKNIFTY16JUL2019400PE,2020/07/14,12:26,8,8,8,8,20
BANKNIFTY16JUL2019400PE,2020/07/14,12:28,8,9,8,9,20
BANKNIFTY16JUL2019400PE,2020/07/14,12:31,9,9,8.85,8.85,60
BANKNIFTY16JUL2019400PE,2020/07/14,12:32,8.85,9.05,8.85,9.05,20
BANKNIFTY16JUL2019400PE,2020/07/14,12:33,9.05,9.75,9.05,9.25,60
BANKNIFTY16JUL2019400PE,2020/07/14,12:34,9.25,10.35,9.25,10.35,40
BANKNIFTY16JUL2019400PE,2020/07/14,12:35,10.35,10.35,10.25,10.25,360
BANKNIFTY16JUL2019400PE,2020/07/14,12:36,10.25,10.25,8.65,8.65,40
BANKNIFTY16JUL2019400PE,2020/07/14,12:37,8.65,9.3,8.65,9.3,80
BANKNIFTY16JUL2019400PE,2020/07/14,12:38,9.3,9.3,8.9,8.9,20
BANKNIFTY16JUL2019400PE,2020/07/14,12:39,8.9,8.9,8.2,8.2,40
BANKNIFTY16JUL2019400PE,2020/07/14,12:41,8.2,8.35,7.8,7.8,780
BANKNIFTY16JUL2019400PE,2020/07/14,12:42,7.8,8.05,7.8,8,280
BANKNIFTY16JUL2019400PE,2020/07/14,12:44,8,8,8,8,120
BANKNIFTY16JUL2019400PE,2020/07/14,12:46,8,8.6,8,8.6,60
BANKNIFTY16JUL2019400PE,2020/07/14,12:47,8.6,9,8.6,9,60
BANKNIFTY16JUL2019400PE,2020/07/14,12:50,9,9,8.55,8.55,20
BANKNIFTY16JUL2019400PE,2020/07/14,12:51,8.55,8.8,8.55,8.8,20
BANKNIFTY16JUL2019400PE,2020/07/14,12:52,8.8,9,8.8,9,260
BANKNIFTY16JUL2019400PE,2020/07/14,12:53,8.7,9,8.7,9,140
BANKNIFTY16JUL2019400PE,2020/07/14,12:54,9,9,8.3,8.3,940
BANKNIFTY16JUL2019400PE,2020/07/14,12:55,8.3,8.5,8.25,8.5,760
BANKNIFTY16JUL2019400PE,2020/07/14,12:56,8.5,8.75,8.5,8.75,20
BANKNIFTY16JUL2019400PE,2020/07/14,12:58,8.75,8.75,7.9,7.9,260
BANKNIFTY16JUL2019400PE,2020/07/14,13:00,7.9,8.5,7.9,8.5,320
BANKNIFTY16JUL2019400PE,2020/07/14,13:01,8.5,8.5,8.25,8.25,20
BANKNIFTY16JUL2019400PE,2020/07/14,13:02,8.25,8.5,8,8.5,120
BANKNIFTY16JUL2019400PE,2020/07/14,13:03,8.5,9,8.5,8.85,1000
BANKNIFTY16JUL2019400PE,2020/07/14,13:05,8.85,9,8.5,8.6,580
BANKNIFTY16JUL2019400PE,2020/07/14,13:06,8,8,7.9,7.9,80
BANKNIFTY16JUL2019400PE,2020/07/14,13:07,7.9,7.9,7.75,7.75,40
BANKNIFTY16JUL2019400PE,2020/07/14,13:08,7.75,7.75,7.7,7.7,40
BANKNIFTY16JUL2019400PE,2020/07/14,13:09,7.7,8.6,7.7,8.6,140
BANKNIFTY16JUL2019400PE,2020/07/14,13:10,8.6,12.4,8.6,12.4,1300
BANKNIFTY16JUL2019400PE,2020/07/14,13:11,12.4,13.15,11.8,11.8,140
BANKNIFTY16JUL2019400PE,2020/07/14,13:12,11.8,11.8,11,11,600
BANKNIFTY16JUL2019400PE,2020/07/14,13:14,10.75,11.2,10.75,11.2,140
BANKNIFTY16JUL2019400PE,2020/07/14,13:15,11.2,11.85,9.75,9.75,620
BANKNIFTY16JUL2019400PE,2020/07/14,13:16,9.75,9.8,9.75,9.8,20
BANKNIFTY16JUL2019400PE,2020/07/14,13:17,9.8,9.8,8.6,8.6,1200
BANKNIFTY16JUL2019400PE,2020/07/14,13:18,8.6,8.6,8.3,8.3,20
BANKNIFTY16JUL2019400PE,2020/07/14,13:22,8.3,9.5,8.3,9.1,920
BANKNIFTY16JUL2019400PE,2020/07/14,13:23,9.1,9.35,9.1,9.35,60
BANKNIFTY16JUL2019400PE,2020/07/14,13:24,9.35,9.95,9.35,9.95,440
BANKNIFTY16JUL2019400PE,2020/07/14,13:25,9.95,10.25,9.55,10.25,180
BANKNIFTY16JUL2019400PE,2020/07/14,13:26,10.25,10.25,9.5,9.95,100
BANKNIFTY16JUL2019400PE,2020/07/14,13:27,9.95,9.95,9.45,9.45,140
BANKNIFTY16JUL2019400PE,2020/07/14,13:30,9.45,9.45,8.75,8.75,120
BANKNIFTY16JUL2019400PE,2020/07/14,13:31,8.75,8.75,7.85,7.85,140
BANKNIFTY16JUL2019400PE,2020/07/14,13:33,7.85,8,7.85,8,40
BANKNIFTY16JUL2019400PE,2020/07/14,13:36,8,8.1,7.5,7.5,60
BANKNIFTY16JUL2019400PE,2020/07/14,13:37,7.5,7.5,7.1,7.3,420
BANKNIFTY16JUL2019400PE,2020/07/14,13:38,7.3,7.55,7.05,7.05,860
BANKNIFTY16JUL2019400PE,2020/07/14,13:39,7.05,7.8,7.05,7.8,340
BANKNIFTY16JUL2019400PE,2020/07/14,13:40,7.8,7.8,7.6,7.6,40
BANKNIFTY16JUL2019400PE,2020/07/14,13:41,7.6,7.6,7.5,7.6,180
BANKNIFTY16JUL2019400PE,2020/07/14,13:42,7.6,7.6,7.15,7.15,200
BANKNIFTY16JUL2019400PE,2020/07/14,13:45,7.15,7.65,7.15,7.65,20
BANKNIFTY16JUL2019400PE,2020/07/14,13:47,7.95,7.95,7.75,7.75,60
BANKNIFTY16JUL2019400PE,2020/07/14,13:48,7.75,8,7.75,8,360
BANKNIFTY16JUL2019400PE,2020/07/14,13:49,8,8,8,8,100
BANKNIFTY16JUL2019400PE,2020/07/14,13:50,8,8,8,8,20
BANKNIFTY16JUL2019400PE,2020/07/14,13:52,8,8,7.55,7.55,20
BANKNIFTY16JUL2019400PE,2020/07/14,13:53,7.55,7.55,7,7,240
BANKNIFTY16JUL2019400PE,2020/07/14,13:54,7,7.05,6.45,7,1300
BANKNIFTY16JUL2019400PE,2020/07/14,13:55,7,7,7,7,120
BANKNIFTY16JUL2019400PE,2020/07/14,13:56,7,7.45,7,7.4,120
BANKNIFTY16JUL2019400PE,2020/07/14,13:57,7.4,7.6,7.4,7.6,40
BANKNIFTY16JUL2019400PE,2020/07/14,13:59,7.6,7.6,7.05,7.05,140
BANKNIFTY16JUL2019400PE,2020/07/14,14:00,7.1,7.5,6.75,6.8,340
BANKNIFTY16JUL2019400PE,2020/07/14,14:01,7,7,6.25,6.25,140
BANKNIFTY16JUL2019400PE,2020/07/14,14:02,6.25,6.9,6.25,6.9,100
BANKNIFTY16JUL2019400PE,2020/07/14,14:03,6.9,7,6.9,7,80
BANKNIFTY16JUL2019400PE,2020/07/14,14:05,7,7.5,7,7.5,40
BANKNIFTY16JUL2019400PE,2020/07/14,14:06,7.5,7.5,7.5,7.5,360
BANKNIFTY16JUL2019400PE,2020/07/14,14:07,7.5,7.6,7.5,7.6,20
BANKNIFTY16JUL2019400PE,2020/07/14,14:08,7.6,7.8,7.6,7.8,40
BANKNIFTY16JUL2019400PE,2020/07/14,14:09,7.8,7.85,7.8,7.8,80
BANKNIFTY16JUL2019400PE,2020/07/14,14:13,7.8,7.8,7.25,7.25,80
BANKNIFTY16JUL2019400PE,2020/07/14,14:14,7.25,7.25,6.7,6.7,80
BANKNIFTY16JUL2019400PE,2020/07/14,14:15,6.7,6.8,6.15,6.15,360
BANKNIFTY16JUL2019400PE,2020/07/14,14:16,6.15,6.25,6.15,6.25,60
BANKNIFTY16JUL2019400PE,2020/07/14,14:17,6.25,6.25,6,6.25,380
BANKNIFTY16JUL2019400PE,2020/07/14,14:18,6.25,6.45,6.25,6.45,80
BANKNIFTY16JUL2019400PE,2020/07/14,14:19,6.45,6.45,6.35,6.35,20
BANKNIFTY16JUL2019400PE,2020/07/14,14:20,6.35,7.05,6.35,7.05,240
BANKNIFTY16JUL2019400PE,2020/07/14,14:21,7.05,7.1,7,7,60
BANKNIFTY16JUL2019400PE,2020/07/14,14:22,7,7.35,7,7.35,40
BANKNIFTY16JUL2019400PE,2020/07/14,14:24,7.35,8.2,7.35,8.2,240
BANKNIFTY16JUL2019400PE,2020/07/14,14:25,8.2,8.2,8.05,8.05,40
BANKNIFTY16JUL2019400PE,2020/07/14,14:29,8.05,8.05,7.3,7.3,140
BANKNIFTY16JUL2019400PE,2020/07/14,14:31,7.3,7.3,6.6,6.6,200
BANKNIFTY16JUL2019400PE,2020/07/14,14:32,6.6,6.6,6.1,6.1,40
BANKNIFTY16JUL2019400PE,2020/07/14,14:33,6.1,6.15,5.75,6.15,160
BANKNIFTY16JUL2019400PE,2020/07/14,14:34,6.15,6.2,6.05,6.2,80
BANKNIFTY16JUL2019400PE,2020/07/14,14:39,6.2,6.2,5.15,5.4,620
BANKNIFTY16JUL2019400PE,2020/07/14,14:40,5.4,5.4,4.75,5,620
BANKNIFTY16JUL2019400PE,2020/07/14,14:41,5,5,4.6,4.6,40
BANKNIFTY16JUL2019400PE,2020/07/14,14:43,4.95,5.3,4.95,5.3,120
BANKNIFTY16JUL2019400PE,2020/07/14,14:44,5.3,5.6,5.3,5.6,20
BANKNIFTY16JUL2019400PE,2020/07/14,14:45,5.6,5.6,5.5,5.55,460
BANKNIFTY16JUL2019400PE,2020/07/14,14:46,5.55,5.55,5.45,5.45,40
BANKNIFTY16JUL2019400PE,2020/07/14,14:47,5.45,5.6,5.45,5.6,40
BANKNIFTY16JUL2019400PE,2020/07/14,14:48,5.6,5.6,5.1,5.1,20
BANKNIFTY16JUL2019400PE,2020/07/14,14:49,5.1,5.2,5.1,5.2,40
BANKNIFTY16JUL2019400PE,2020/07/14,14:50,5.2,5.7,5.2,5.7,40
BANKNIFTY16JUL2019400PE,2020/07/14,14:51,5.7,5.7,5.7,5.7,20
BANKNIFTY16JUL2019400PE,2020/07/14,14:52,5.7,5.7,5.3,5.3,40
BANKNIFTY16JUL2019400PE,2020/07/14,14:55,5.3,5.3,5.3,5.3,20
BANKNIFTY16JUL2019400PE,2020/07/14,14:56,5.3,5.4,5.3,5.4,20
BANKNIFTY16JUL2019400PE,2020/07/14,14:58,5.4,5.4,5.05,5.05,20
BANKNIFTY16JUL2019400PE,2020/07/14,15:00,5.05,5.05,4.8,4.8,20
BANKNIFTY16JUL2019400PE,2020/07/14,15:04,4.8,6.6,4.8,6.6,280
BANKNIFTY16JUL2019400PE,2020/07/14,15:05,6.6,6.6,6.15,6.15,80
BANKNIFTY16JUL2019400PE,2020/07/14,15:06,6.15,6.2,6,6,60
BANKNIFTY16JUL2019400PE,2020/07/14,15:07,6,6.55,6,6.2,60
BANKNIFTY16JUL2019400PE,2020/07/14,15:08,6.2,6.2,5.75,5.75,60
BANKNIFTY16JUL2019400PE,2020/07/14,15:09,5.75,5.8,5.75,5.8,80
BANKNIFTY16JUL2019400PE,2020/07/14,15:10,5.8,5.9,5.8,5.9,20
BANKNIFTY16JUL2019400PE,2020/07/14,15:11,5.9,5.9,5.85,5.85,40
BANKNIFTY16JUL2019400PE,2020/07/14,15:12,5.85,6,5.75,5.75,80
BANKNIFTY16JUL2019400PE,2020/07/14,15:13,5.75,5.9,5.55,5.9,60
BANKNIFTY16JUL2019400PE,2020/07/14,15:14,5.9,6,5.8,6,100
BANKNIFTY16JUL2019400PE,2020/07/14,15:15,6,6,5.15,5.15,280
BANKNIFTY16JUL2019400PE,2020/07/14,15:16,5.15,5.6,5.15,5.25,220
BANKNIFTY16JUL2019400PE,2020/07/14,15:18,5.25,5.25,5.2,5.2,220
BANKNIFTY16JUL2019400PE,2020/07/14,15:19,5.2,5.35,5.2,5.35,160
BANKNIFTY16JUL2019400PE,2020/07/14,15:20,5.35,5.6,5.35,5.6,260
BANKNIFTY16JUL2019400PE,2020/07/14,15:21,5.6,5.6,5.6,5.6,20
BANKNIFTY16JUL2019400PE,2020/07/14,15:22,5.6,5.75,5.25,5.75,140
BANKNIFTY16JUL2019400PE,2020/07/14,15:23,5.75,5.75,5.75,5.75,40
BANKNIFTY16JUL2019400PE,2020/07/14,15:24,5.75,5.8,5.5,5.8,80
BANKNIFTY16JUL2019400PE,2020/07/14,15:25,5.65,5.95,5.45,5.45,520
BANKNIFTY16JUL2019400PE,2020/07/14,15:26,5.45,5.65,5.45,5.55,900
BANKNIFTY16JUL2019400PE,2020/07/14,15:27,5.55,5.55,5.4,5.4,200
BANKNIFTY16JUL2019400PE,2020/07/14,15:28,5.4,5.4,5.2,5.35,180
BANKNIFTY16JUL2019400PE,2020/07/14,15:29,5.35,5.85,5.35,5.85,40
BANKNIFTY16JUL2019400PE,2020/07/15,09:15,1.75,3.15,1.75,3.15,120
BANKNIFTY16JUL2019400PE,2020/07/15,09:16,3.15,3.15,3.15,3.15,200
BANKNIFTY16JUL2019400PE,2020/07/15,09:17,3.15,3.15,2.2,2.2,20
BANKNIFTY16JUL2019400PE,2020/07/15,09:18,2.2,3.6,2.2,3.55,500
BANKNIFTY16JUL2019400PE,2020/07/15,09:19,3.45,3.9,3.45,3.6,820
BANKNIFTY16JUL2019400PE,2020/07/15,09:20,3.7,3.7,3.7,3.7,600
BANKNIFTY16JUL2019400PE,2020/07/15,09:21,3.7,3.95,3.5,3.65,640
BANKNIFTY16JUL2019400PE,2020/07/15,09:22,3.5,4.7,3.3,3.65,1300
BANKNIFTY16JUL2019400PE,2020/07/15,09:23,3.65,4.25,3.65,4.25,140
BANKNIFTY16JUL2019400PE,2020/07/15,09:25,4.65,4.65,4.3,4.3,60
BANKNIFTY16JUL2019400PE,2020/07/15,09:26,4.3,4.3,3.9,3.9,80
BANKNIFTY16JUL2019400PE,2020/07/15,09:29,3.9,3.95,3.8,3.95,80
BANKNIFTY16JUL2019400PE,2020/07/15,09:30,3.95,4,3.7,3.7,340
BANKNIFTY16JUL2019400PE,2020/07/15,09:31,3.75,3.75,3.75,3.75,40
BANKNIFTY16JUL2019400PE,2020/07/15,09:32,3.65,3.65,3.55,3.55,40
BANKNIFTY16JUL2019400PE,2020/07/15,09:33,3.7,3.7,3.7,3.7,20
BANKNIFTY16JUL2019400PE,2020/07/15,09:34,3.7,3.8,3.7,3.75,480
BANKNIFTY16JUL2019400PE,2020/07/15,09:35,4.45,4.45,3.75,3.75,300
BANKNIFTY16JUL2019400PE,2020/07/15,09:37,3.75,3.75,3.75,3.75,40
BANKNIFTY16JUL2019400PE,2020/07/15,09:38,3.75,4.5,3.75,4.5,160
BANKNIFTY16JUL2019400PE,2020/07/15,09:40,4.85,5.45,4.85,4.95,60
BANKNIFTY16JUL2019400PE,2020/07/15,09:41,4.95,5.05,4.45,4.45,240
BANKNIFTY16JUL2019400PE,2020/07/15,09:42,4.75,5.4,4.75,5.4,480
BANKNIFTY16JUL2019400PE,2020/07/15,09:43,5.4,5.4,5,5.35,140
BANKNIFTY16JUL2019400PE,2020/07/15,09:44,5.35,5.35,4.55,5.05,160
BANKNIFTY16JUL2019400PE,2020/07/15,09:45,5.05,5.05,4.55,4.55,100
BANKNIFTY16JUL2019400PE,2020/07/15,09:46,4.55,4.55,4.45,4.45,80
BANKNIFTY16JUL2019400PE,2020/07/15,09:47,4.45,4.5,4.45,4.5,100
BANKNIFTY16JUL2019400PE,2020/07/15,09:48,4.5,4.5,4.25,4.25,100
BANKNIFTY16JUL2019400PE,2020/07/15,09:51,4.25,4.25,4.1,4.1,40
BANKNIFTY16JUL2019400PE,2020/07/15,09:52,4.1,4.45,4.05,4.05,60
BANKNIFTY16JUL2019400PE,2020/07/15,09:53,4.05,4.25,4.05,4.25,40
BANKNIFTY16JUL2019400PE,2020/07/15,09:55,4.25,4.25,3.8,3.8,20
BANKNIFTY16JUL2019400PE,2020/07/15,09:56,3.8,3.95,3.8,3.95,100
BANKNIFTY16JUL2019400PE,2020/07/15,09:57,3.95,3.95,3.65,3.8,300
BANKNIFTY16JUL2019400PE,2020/07/15,09:58,3.8,3.8,3.8,3.8,20
BANKNIFTY16JUL2019400PE,2020/07/15,09:59,3.8,3.95,3.8,3.95,40
BANKNIFTY16JUL2019400PE,2020/07/15,10:00,3.95,4,3.8,3.9,200
BANKNIFTY16JUL2019400PE,2020/07/15,10:01,3.85,3.85,3.55,3.55,700
BANKNIFTY16JUL2019400PE,2020/07/15,10:02,3.55,3.55,3.25,3.25,300
BANKNIFTY16JUL2019400PE,2020/07/15,10:05,3.75,3.85,3.75,3.85,80
BANKNIFTY16JUL2019400PE,2020/07/15,10:06,3.9,3.9,3.9,3.9,160
BANKNIFTY16JUL2019400PE,2020/07/15,10:13,3.65,3.65,3.65,3.65,40
BANKNIFTY16JUL2019400PE,2020/07/15,10:16,3.65,3.65,3.3,3.3,20
BANKNIFTY16JUL2019400PE,2020/07/15,10:18,3.3,3.85,3.3,3.85,20
BANKNIFTY16JUL2019400PE,2020/07/15,10:20,3.85,4,3.85,4,40
BANKNIFTY16JUL2019400PE,2020/07/15,10:21,4,4,4,4,20
BANKNIFTY16JUL2019400PE,2020/07/15,10:22,4,4,3.65,3.65,20
BANKNIFTY16JUL2019400PE,2020/07/15,10:26,3.65,3.65,3.4,3.4,40
BANKNIFTY16JUL2019400PE,2020/07/15,10:27,3.4,3.75,3.4,3.75,20
BANKNIFTY16JUL2019400PE,2020/07/15,10:29,3.75,3.75,3.3,3.3,40
BANKNIFTY16JUL2019400PE,2020/07/15,10:30,3.3,3.65,3.3,3.65,60
BANKNIFTY16JUL2019400PE,2020/07/15,10:32,3.65,3.75,3.65,3.75,40
BANKNIFTY16JUL2019400PE,2020/07/15,10:33,3.75,3.9,3.75,3.9,20
BANKNIFTY16JUL2019400PE,2020/07/15,10:34,4,4.2,4,4.2,60
BANKNIFTY16JUL2019400PE,2020/07/15,10:35,4.25,4.25,4,4,40
BANKNIFTY16JUL2019400PE,2020/07/15,10:38,4,4,3.8,3.8,80
BANKNIFTY16JUL2019400PE,2020/07/15,10:39,3.8,4,3.75,4,1260
BANKNIFTY16JUL2019400PE,2020/07/15,10:40,4,4.1,4,4,600
BANKNIFTY16JUL2019400PE,2020/07/15,10:41,4,4,4,4,40
BANKNIFTY16JUL2019400PE,2020/07/15,10:46,4,4,3.7,3.7,40
BANKNIFTY16JUL2019400PE,2020/07/15,10:48,3.7,3.75,3.7,3.75,20
BANKNIFTY16JUL2019400PE,2020/07/15,10:49,3.75,3.75,3.65,3.65,60
BANKNIFTY16JUL2019400PE,2020/07/15,10:50,3.65,3.65,3.6,3.6,20
BANKNIFTY16JUL2019400PE,2020/07/15,10:55,3.6,3.6,3.4,3.4,20
BANKNIFTY16JUL2019400PE,2020/07/15,11:01,3.4,3.45,3.4,3.45,20
BANKNIFTY16JUL2019400PE,2020/07/15,11:08,3.45,3.45,3.35,3.35,80
BANKNIFTY16JUL2019400PE,2020/07/15,11:16,3.35,3.35,3.35,3.35,40
BANKNIFTY16JUL2019400PE,2020/07/15,11:25,3.35,3.35,3.25,3.25,80
BANKNIFTY16JUL2019400PE,2020/07/15,11:26,3.25,3.25,3.25,3.25,40
BANKNIFTY16JUL2019400PE,2020/07/15,11:31,3.25,3.25,3.2,3.2,20
BANKNIFTY16JUL2019400PE,2020/07/15,11:34,3.2,3.6,3.2,3.6,100
BANKNIFTY16JUL2019400PE,2020/07/15,11:36,3.6,3.6,3.55,3.55,40
BANKNIFTY16JUL2019400PE,2020/07/15,11:38,3.55,3.55,3.5,3.5,520
BANKNIFTY16JUL2019400PE,2020/07/15,11:44,3.5,3.6,3.5,3.6,20
BANKNIFTY16JUL2019400PE,2020/07/15,11:45,3.65,3.65,3.6,3.6,80
BANKNIFTY16JUL2019400PE,2020/07/15,11:46,3.6,3.6,3.6,3.6,120
BANKNIFTY16JUL2019400PE,2020/07/15,11:47,3.5,3.5,3.5,3.5,20
BANKNIFTY16JUL2019400PE,2020/07/15,11:48,3.5,3.5,3.45,3.45,100
BANKNIFTY16JUL2019400PE,2020/07/15,11:49,3.45,3.45,3.45,3.45,100
BANKNIFTY16JUL2019400PE,2020/07/15,11:51,3.45,3.45,3.45,3.45,20
BANKNIFTY16JUL2019400PE,2020/07/15,12:01,3.8,3.85,3.8,3.85,100
BANKNIFTY16JUL2019400PE,2020/07/15,12:03,3.85,3.85,3.85,3.85,80
BANKNIFTY16JUL2019400PE,2020/07/15,12:04,3.55,3.55,3.55,3.55,20
BANKNIFTY16JUL2019400PE,2020/07/15,12:15,3.55,3.6,3.55,3.6,20
BANKNIFTY16JUL2019400PE,2020/07/15,12:19,3.6,4,3.6,4,20
BANKNIFTY16JUL2019400PE,2020/07/15,12:20,4,4,3.6,3.6,40
BANKNIFTY16JUL2019400PE,2020/07/15,12:21,3.6,3.6,3.35,3.35,200
BANKNIFTY16JUL2019400PE,2020/07/15,12:25,3.35,3.35,3.35,3.35,20
BANKNIFTY16JUL2019400PE,2020/07/15,12:30,3.25,3.25,3.25,3.25,400
BANKNIFTY16JUL2019400PE,2020/07/15,12:33,3,3,3,3,160
BANKNIFTY16JUL2019400PE,2020/07/15,12:34,3,3,3,3,20
BANKNIFTY16JUL2019400PE,2020/07/15,12:36,3.2,3.2,3.2,3.2,20
BANKNIFTY16JUL2019400PE,2020/07/15,12:37,3.2,3.6,3.2,3.45,120
BANKNIFTY16JUL2019400PE,2020/07/15,12:38,3.45,3.45,3.05,3.05,240
BANKNIFTY16JUL2019400PE,2020/07/15,12:40,3.05,3.55,3.05,3.55,20
BANKNIFTY16JUL2019400PE,2020/07/15,12:45,3.55,3.55,3.35,3.35,40
BANKNIFTY16JUL2019400PE,2020/07/15,12:47,3.35,3.35,3.25,3.25,20
BANKNIFTY16JUL2019400PE,2020/07/15,12:51,3.25,3.65,3.25,3.65,20
BANKNIFTY16JUL2019400PE,2020/07/15,12:53,3.65,3.65,3.4,3.4,80
BANKNIFTY16JUL2019400PE,2020/07/15,12:54,3.4,3.4,3.4,3.4,20
BANKNIFTY16JUL2019400PE,2020/07/15,12:55,3.4,3.4,3.4,3.4,100
BANKNIFTY16JUL2019400PE,2020/07/15,12:56,3.35,3.35,3.05,3.05,300
BANKNIFTY16JUL2019400PE,2020/07/15,13:05,3.2,3.2,3.2,3.2,20
BANKNIFTY16JUL2019400PE,2020/07/15,13:08,3.2,3.25,3.2,3.25,40
BANKNIFTY16JUL2019400PE,2020/07/15,13:10,3.25,3.25,3.25,3.25,160
BANKNIFTY16JUL2019400PE,2020/07/15,13:11,3.2,3.2,3.2,3.2,180
BANKNIFTY16JUL2019400PE,2020/07/15,13:12,3.2,3.2,3,3,80
BANKNIFTY16JUL2019400PE,2020/07/15,13:13,3,3.15,3,3.15,100
BANKNIFTY16JUL2019400PE,2020/07/15,13:14,3.15,3.15,3.05,3.05,180
BANKNIFTY16JUL2019400PE,2020/07/15,13:15,3.05,3.1,3.05,3.1,420
BANKNIFTY16JUL2019400PE,2020/07/15,13:16,3.1,3.1,3.1,3.1,60
BANKNIFTY16JUL2019400PE,2020/07/15,13:17,3.1,3.1,3.05,3.05,420
BANKNIFTY16JUL2019400PE,2020/07/15,13:18,3.05,3.1,3.05,3.1,20
BANKNIFTY16JUL2019400PE,2020/07/15,13:19,3.1,3.1,2.8,2.85,140
BANKNIFTY16JUL2019400PE,2020/07/15,13:20,2.85,2.85,2.85,2.85,20
BANKNIFTY16JUL2019400PE,2020/07/15,13:21,2.85,2.9,2.85,2.9,40
BANKNIFTY16JUL2019400PE,2020/07/15,13:23,2.9,2.9,2.85,2.85,200
BANKNIFTY16JUL2019400PE,2020/07/15,13:25,2.85,2.85,2.8,2.85,500
BANKNIFTY16JUL2019400PE,2020/07/15,13:27,2.8,2.85,2.8,2.85,120
BANKNIFTY16JUL2019400PE,2020/07/15,13:29,2.85,2.85,2.65,2.65,20
BANKNIFTY16JUL2019400PE,2020/07/15,13:33,2.65,2.65,2.6,2.6,100
BANKNIFTY16JUL2019400PE,2020/07/15,13:34,2.6,2.6,2.6,2.6,20
BANKNIFTY16JUL2019400PE,2020/07/15,13:35,2.8,2.8,2.8,2.8,20
BANKNIFTY16JUL2019400PE,2020/07/15,13:37,2.8,2.8,2.8,2.8,20
BANKNIFTY16JUL2019400PE,2020/07/15,13:40,2.8,2.8,2.8,2.8,20
BANKNIFTY16JUL2019400PE,2020/07/15,13:43,2.8,2.95,2.8,2.95,20
BANKNIFTY16JUL2019400PE,2020/07/15,13:45,2.95,3.05,2.95,3.05,20
BANKNIFTY16JUL2019400PE,2020/07/15,13:46,3.05,3.15,3.05,3.15,40
BANKNIFTY16JUL2019400PE,2020/07/15,13:48,3.15,3.2,3.15,3.2,20
BANKNIFTY16JUL2019400PE,2020/07/15,13:50,3.2,3.45,3.05,3.45,60
BANKNIFTY16JUL2019400PE,2020/07/15,13:52,3.45,3.45,2.85,2.85,20
BANKNIFTY16JUL2019400PE,2020/07/15,13:54,2.85,2.9,2.85,2.9,20
BANKNIFTY16JUL2019400PE,2020/07/15,14:00,2.9,2.95,2.9,2.95,320
BANKNIFTY16JUL2019400PE,2020/07/15,14:01,2.95,2.95,2.95,2.95,160
BANKNIFTY16JUL2019400PE,2020/07/15,14:02,2.95,2.95,2.95,2.95,480
BANKNIFTY16JUL2019400PE,2020/07/15,14:03,2.95,2.95,2.95,2.95,40
BANKNIFTY16JUL2019400PE,2020/07/15,14:04,2.95,2.95,2.9,2.95,120
BANKNIFTY16JUL2019400PE,2020/07/15,14:07,2.95,2.95,2.9,2.9,400
BANKNIFTY16JUL2019400PE,2020/07/15,14:09,2.9,2.9,2.9,2.9,20
BANKNIFTY16JUL2019400PE,2020/07/15,14:11,2.9,2.9,2.8,2.8,580
BANKNIFTY16JUL2019400PE,2020/07/15,14:12,2.7,2.75,2.7,2.75,120
BANKNIFTY16JUL2019400PE,2020/07/15,14:17,2.75,2.75,2.75,2.75,20
BANKNIFTY16JUL2019400PE,2020/07/15,14:18,2.75,2.75,2.75,2.75,60
BANKNIFTY16JUL2019400PE,2020/07/15,14:19,2.75,2.9,2.75,2.9,120
BANKNIFTY16JUL2019400PE,2020/07/15,14:20,2.9,3.25,2.9,3.25,80
BANKNIFTY16JUL2019400PE,2020/07/15,14:21,3.25,3.5,3.25,3.35,40
BANKNIFTY16JUL2019400PE,2020/07/15,14:22,3.35,3.35,3.25,3.25,20
BANKNIFTY16JUL2019400PE,2020/07/15,14:23,3.25,3.3,3.25,3.25,40
BANKNIFTY16JUL2019400PE,2020/07/15,14:24,3.25,3.25,3.15,3.15,100
BANKNIFTY16JUL2019400PE,2020/07/15,14:25,3.15,3.4,3.05,3.4,140
BANKNIFTY16JUL2019400PE,2020/07/15,14:26,3.4,3.55,3.15,3.4,260
BANKNIFTY16JUL2019400PE,2020/07/15,14:29,3.4,3.4,3.3,3.3,80
BANKNIFTY16JUL2019400PE,2020/07/15,14:30,3.3,3.55,3.3,3.55,20
BANKNIFTY16JUL2019400PE,2020/07/15,14:31,3.55,3.6,3.55,3.6,20
BANKNIFTY16JUL2019400PE,2020/07/15,14:37,3.6,3.85,3.6,3.85,20
BANKNIFTY16JUL2019400PE,2020/07/15,14:38,3.85,4,3.55,3.55,2240
BANKNIFTY16JUL2019400PE,2020/07/15,14:39,3.55,3.95,3.45,3.45,300
BANKNIFTY16JUL2019400PE,2020/07/15,14:40,3.45,4.4,3.45,4.4,100
BANKNIFTY16JUL2019400PE,2020/07/15,14:41,4.4,4.4,3.8,3.8,780
BANKNIFTY16JUL2019400PE,2020/07/15,14:42,3.8,3.8,3.35,3.35,1660
BANKNIFTY16JUL2019400PE,2020/07/15,14:43,3.35,3.35,2.85,2.85,440
BANKNIFTY16JUL2019400PE,2020/07/15,14:44,2.85,2.85,2.7,2.7,20
BANKNIFTY16JUL2019400PE,2020/07/15,14:47,2.7,2.85,2.7,2.85,460
BANKNIFTY16JUL2019400PE,2020/07/15,14:49,2.85,3.45,2.45,2.45,7500
BANKNIFTY16JUL2019400PE,2020/07/15,14:50,2.45,2.45,1.8,2,1660
BANKNIFTY16JUL2019400PE,2020/07/15,14:51,2.1,2.3,1.9,2.3,1020
BANKNIFTY16JUL2019400PE,2020/07/15,14:52,2.15,2.15,2.1,2.1,200
BANKNIFTY16JUL2019400PE,2020/07/15,14:53,2.1,2.15,2,2,420
BANKNIFTY16JUL2019400PE,2020/07/15,14:54,2.1,2.1,2,2,900
BANKNIFTY16JUL2019400PE,2020/07/15,14:55,2,2.05,1.9,2.05,280
BANKNIFTY16JUL2019400PE,2020/07/15,14:56,2.05,2.05,1.9,2.05,640
BANKNIFTY16JUL2019400PE,2020/07/15,14:57,2.05,2.05,1.9,1.9,400
BANKNIFTY16JUL2019400PE,2020/07/15,14:58,1.9,1.9,1.9,1.9,300
BANKNIFTY16JUL2019400PE,2020/07/15,14:59,1.9,1.95,1.9,1.9,340
BANKNIFTY16JUL2019400PE,2020/07/15,15:00,1.9,1.9,1.9,1.9,120
BANKNIFTY16JUL2019400PE,2020/07/15,15:01,1.9,1.9,1.9,1.9,360
BANKNIFTY16JUL2019400PE,2020/07/15,15:04,1.9,1.9,1.55,1.55,600
BANKNIFTY16JUL2019400PE,2020/07/15,15:05,1.55,1.6,1.55,1.6,20
BANKNIFTY16JUL2019400PE,2020/07/15,15:06,1.6,1.65,1.6,1.65,40
BANKNIFTY16JUL2019400PE,2020/07/15,15:07,1.65,2.1,1.65,2,200
BANKNIFTY16JUL2019400PE,2020/07/15,15:08,2,2.35,2,2.1,580
BANKNIFTY16JUL2019400PE,2020/07/15,15:09,2.1,2.35,2.1,2.35,140
BANKNIFTY16JUL2019400PE,2020/07/15,15:10,2.35,2.35,2.35,2.35,740
BANKNIFTY16JUL2019400PE,2020/07/15,15:11,2.35,2.35,2.15,2.15,40
BANKNIFTY16JUL2019400PE,2020/07/15,15:12,2.15,2.15,2.15,2.15,40
BANKNIFTY16JUL2019400PE,2020/07/15,15:14,2.3,2.35,1.8,2.35,240
BANKNIFTY16JUL2019400PE,2020/07/15,15:15,2.35,2.35,2.25,2.25,20
BANKNIFTY16JUL2019400PE,2020/07/15,15:16,2.3,2.35,1.3,2.35,380
BANKNIFTY16JUL2019400PE,2020/07/15,15:18,2.35,2.35,2.15,2.15,320
BANKNIFTY16JUL2019400PE,2020/07/15,15:19,2.15,2.15,1.25,1.25,440
BANKNIFTY16JUL2019400PE,2020/07/15,15:20,1.7,1.7,1.25,1.25,760
BANKNIFTY16JUL2019400PE,2020/07/15,15:21,1.25,1.8,1.25,1.75,480
BANKNIFTY16JUL2019400PE,2020/07/15,15:22,1.75,1.75,1.25,1.7,40
BANKNIFTY16JUL2019400PE,2020/07/15,15:23,1.7,1.85,1.5,1.85,1220
BANKNIFTY16JUL2019400PE,2020/07/15,15:24,1.85,2,1.85,2,200
BANKNIFTY16JUL2019400PE,2020/07/15,15:26,2,2,1.9,1.9,20
BANKNIFTY16JUL2019400PE,2020/07/15,15:27,1.9,1.9,1.9,1.9,40
BANKNIFTY16JUL2019400PE,2020/07/15,15:28,1.9,1.95,1.9,1.95,20
BANKNIFTY16JUL2019400PE,2020/07/15,15:29,1.95,2,1.25,2,100
BANKNIFTY16JUL2019400PE,2020/07/16,09:15,1.85,1.85,1.25,1.85,0
BANKNIFTY16JUL2019400PE,2020/07/16,09:17,0.85,0.9,0.85,0.9,240
BANKNIFTY16JUL2019400PE,2020/07/16,09:19,0.5,0.5,0.5,0.5,20
BANKNIFTY16JUL2019400PE,2020/07/16,09:21,0.7,0.7,0.7,0.7,200
BANKNIFTY16JUL2019400PE,2020/07/16,09:22,0.4,0.7,0.4,0.7,200
BANKNIFTY16JUL2019400PE,2020/07/16,09:24,0.45,0.45,0.45,0.45,20
BANKNIFTY16JUL2019400PE,2020/07/16,09:28,0.65,0.8,0.5,0.5,3520
BANKNIFTY16JUL2019400PE,2020/07/16,09:29,0.5,0.65,0.5,0.65,1060
BANKNIFTY16JUL2019400PE,2020/07/16,09:30,0.5,0.7,0.5,0.7,4860
BANKNIFTY16JUL2019400PE,2020/07/16,09:31,0.7,0.85,0.5,0.55,5820
BANKNIFTY16JUL2019400PE,2020/07/16,09:32,0.5,0.5,0.5,0.5,280
BANKNIFTY16JUL2019400PE,2020/07/16,09:33,0.5,0.5,0.5,0.5,60
BANKNIFTY16JUL2019400PE,2020/07/16,09:34,0.5,0.5,0.5,0.5,120
BANKNIFTY16JUL2019400PE,2020/07/16,09:35,0.5,0.5,0.5,0.5,100
BANKNIFTY16JUL2019400PE,2020/07/16,09:37,0.5,0.5,0.5,0.5,2520
BANKNIFTY16JUL2019400PE,2020/07/16,09:38,0.5,0.55,0.5,0.55,1000
BANKNIFTY16JUL2019400PE,2020/07/16,09:39,0.55,0.55,0.55,0.55,40
BANKNIFTY16JUL2019400PE,2020/07/16,09:40,0.55,0.55,0.55,0.55,400
BANKNIFTY16JUL2019400PE,2020/07/16,09:41,0.55,0.55,0.55,0.55,2940
BANKNIFTY16JUL2019400PE,2020/07/16,09:42,0.55,0.6,0.5,0.6,7640
BANKNIFTY16JUL2019400PE,2020/07/16,09:43,0.6,0.6,0.35,0.4,2920
BANKNIFTY16JUL2019400PE,2020/07/16,09:44,0.4,0.4,0.4,0.4,220
BANKNIFTY16JUL2019400PE,2020/07/16,09:45,0.35,0.35,0.35,0.35,20
BANKNIFTY16JUL2019400PE,2020/07/16,09:46,0.35,0.4,0.35,0.4,1140
BANKNIFTY16JUL2019400PE,2020/07/16,09:47,0.4,0.45,0.4,0.45,2100
BANKNIFTY16JUL2019400PE,2020/07/16,09:49,0.4,0.4,0.4,0.4,1120
BANKNIFTY16JUL2019400PE,2020/07/16,09:50,0.4,0.4,0.35,0.4,1440
BANKNIFTY16JUL2019400PE,2020/07/16,09:51,0.4,0.4,0.4,0.4,420
BANKNIFTY16JUL2019400PE,2020/07/16,09:52,0.35,0.4,0.35,0.4,960
BANKNIFTY16JUL2019400PE,2020/07/16,09:55,0.45,0.45,0.4,0.4,400
BANKNIFTY16JUL2019400PE,2020/07/16,09:56,0.4,0.45,0.4,0.4,2840
BANKNIFTY16JUL2019400PE,2020/07/16,09:57,0.4,0.5,0.4,0.4,340
BANKNIFTY16JUL2019400PE,2020/07/16,09:59,0.4,0.45,0.4,0.4,720
BANKNIFTY16JUL2019400PE,2020/07/16,10:01,0.4,0.4,0.4,0.4,460
BANKNIFTY16JUL2019400PE,2020/07/16,10:08,0.4,0.4,0.4,0.4,200
BANKNIFTY16JUL2019400PE,2020/07/16,10:09,0.4,0.4,0.4,0.4,320
BANKNIFTY16JUL2019400PE,2020/07/16,10:10,0.4,0.4,0.4,0.4,1000
BANKNIFTY16JUL2019400PE,2020/07/16,10:12,0.4,0.4,0.4,0.4,20
BANKNIFTY16JUL2019400PE,2020/07/16,10:13,0.35,0.35,0.35,0.35,200
BANKNIFTY16JUL2019400PE,2020/07/16,10:16,0.35,0.35,0.35,0.35,140
BANKNIFTY16JUL2019400PE,2020/07/16,10:23,0.35,0.35,0.35,0.35,100
BANKNIFTY16JUL2019400PE,2020/07/16,10:24,0.35,0.35,0.35,0.35,140
BANKNIFTY16JUL2019400PE,2020/07/16,10:25,0.5,0.5,0.5,0.5,220
BANKNIFTY16JUL2019400PE,2020/07/16,10:26,0.4,0.4,0.4,0.4,120
BANKNIFTY16JUL2019400PE,2020/07/16,10:27,0.4,0.5,0.4,0.4,380
BANKNIFTY16JUL2019400PE,2020/07/16,10:28,0.5,0.5,0.5,0.5,20
BANKNIFTY16JUL2019400PE,2020/07/16,10:29,0.45,0.45,0.45,0.45,120
BANKNIFTY16JUL2019400PE,2020/07/16,10:31,0.4,0.4,0.4,0.4,20
BANKNIFTY16JUL2019400PE,2020/07/16,10:32,0.4,0.4,0.4,0.4,20
BANKNIFTY16JUL2019400PE,2020/07/16,10:34,0.4,0.4,0.4,0.4,160
BANKNIFTY16JUL2019400PE,2020/07/16,10:36,0.3,0.3,0.3,0.3,140
BANKNIFTY16JUL2019400PE,2020/07/16,10:37,0.4,0.4,0.3,0.3,320
BANKNIFTY16JUL2019400PE,2020/07/16,10:38,0.4,0.4,0.4,0.4,60
BANKNIFTY16JUL2019400PE,2020/07/16,10:39,0.4,0.45,0.4,0.45,500
BANKNIFTY16JUL2019400PE,2020/07/16,10:47,0.45,0.45,0.3,0.3,500
BANKNIFTY16JUL2019400PE,2020/07/16,10:48,0.3,0.3,0.3,0.3,300
BANKNIFTY16JUL2019400PE,2020/07/16,10:49,0.35,0.35,0.35,0.35,360
BANKNIFTY16JUL2019400PE,2020/07/16,10:50,0.35,0.35,0.35,0.35,100
BANKNIFTY16JUL2019400PE,2020/07/16,10:51,0.35,0.35,0.35,0.35,120
BANKNIFTY16JUL2019400PE,2020/07/16,10:52,0.35,0.4,0.35,0.4,220
BANKNIFTY16JUL2019400PE,2020/07/16,10:53,0.4,0.4,0.4,0.4,220
BANKNIFTY16JUL2019400PE,2020/07/16,10:55,0.35,0.35,0.35,0.35,20
BANKNIFTY16JUL2019400PE,2020/07/16,10:56,0.35,0.35,0.35,0.35,40
BANKNIFTY16JUL2019400PE,2020/07/16,10:57,0.35,0.35,0.3,0.3,180
BANKNIFTY16JUL2019400PE,2020/07/16,10:59,0.3,0.4,0.3,0.4,40
BANKNIFTY16JUL2019400PE,2020/07/16,11:04,0.45,0.45,0.45,0.45,200
BANKNIFTY16JUL2019400PE,2020/07/16,11:12,0.5,0.5,0.5,0.5,20
BANKNIFTY16JUL2019400PE,2020/07/16,11:35,0.35,0.35,0.35,0.35,720
BANKNIFTY16JUL2019400PE,2020/07/16,11:43,0.3,0.3,0.3,0.3,80
BANKNIFTY16JUL2019400PE,2020/07/16,11:50,0.4,0.4,0.4,0.4,400
BANKNIFTY16JUL2019400PE,2020/07/16,11:52,0.35,0.35,0.35,0.35,140
BANKNIFTY16JUL2019400PE,2020/07/16,11:53,0.3,0.3,0.3,0.3,600
BANKNIFTY16JUL2019400PE,2020/07/16,11:57,0.35,0.35,0.35,0.35,180
BANKNIFTY16JUL2019400PE,2020/07/16,12:00,0.35,0.35,0.35,0.35,40
BANKNIFTY16JUL2019400PE,2020/07/16,12:10,0.3,0.3,0.3,0.3,20
BANKNIFTY16JUL2019400PE,2020/07/16,12:12,0.35,0.35,0.35,0.35,380
BANKNIFTY16JUL2019400PE,2020/07/16,12:14,0.35,0.35,0.35,0.35,60
BANKNIFTY16JUL2019400PE,2020/07/16,12:15,0.35,0.35,0.35,0.35,80
BANKNIFTY16JUL2019400PE,2020/07/16,12:17,0.35,0.35,0.35,0.35,40
BANKNIFTY16JUL2019400PE,2020/07/16,12:18,0.35,0.35,0.35,0.35,160
BANKNIFTY16JUL2019400PE,2020/07/16,12:25,0.35,0.35,0.35,0.35,640
BANKNIFTY16JUL2019400PE,2020/07/16,12:34,0.35,0.35,0.2,0.2,2500
BANKNIFTY16JUL2019400PE,2020/07/16,12:35,0.2,0.25,0.2,0.25,220
BANKNIFTY16JUL2019400PE,2020/07/16,12:38,0.2,0.2,0.2,0.2,2480
BANKNIFTY16JUL2019400PE,2020/07/16,12:39,0.2,0.2,0.2,0.2,20
BANKNIFTY16JUL2019400PE,2020/07/16,12:40,0.25,0.25,0.25,0.25,40
BANKNIFTY16JUL2019400PE,2020/07/16,12:41,0.25,0.25,0.2,0.2,2560
BANKNIFTY16JUL2019400PE,2020/07/16,12:42,0.2,0.2,0.2,0.2,2500
BANKNIFTY16JUL2019400PE,2020/07/16,12:45,0.2,0.2,0.2,0.2,2500
BANKNIFTY16JUL2019400PE,2020/07/16,12:47,0.2,0.2,0.2,0.2,2500
BANKNIFTY16JUL2019400PE,2020/07/16,12:48,0.2,0.2,0.2,0.2,480
BANKNIFTY16JUL2019400PE,2020/07/16,12:49,0.2,0.2,0.2,0.2,40
BANKNIFTY16JUL2019400PE,2020/07/16,12:50,0.2,0.2,0.2,0.2,100
BANKNIFTY16JUL2019400PE,2020/07/16,12:51,0.2,0.2,0.2,0.2,200
BANKNIFTY16JUL2019400PE,2020/07/16,12:52,0.15,0.15,0.15,0.15,3860
BANKNIFTY16JUL2019400PE,2020/07/16,12:54,0.15,0.15,0.15,0.15,2840
BANKNIFTY16JUL2019400PE,2020/07/16,12:55,0.1,0.15,0.1,0.15,2220
BANKNIFTY16JUL2019400PE,2020/07/16,12:56,0.15,0.15,0.15,0.15,880
BANKNIFTY16JUL2019400PE,2020/07/16,12:57,0.15,0.15,0.15,0.15,1120
BANKNIFTY16JUL2019400PE,2020/07/16,13:02,0.1,0.1,0.1,0.1,1500
BANKNIFTY16JUL2019400PE,2020/07/16,13:03,0.1,0.1,0.1,0.1,2500
BANKNIFTY16JUL2019400PE,2020/07/16,13:04,0.1,0.1,0.1,0.1,1000
BANKNIFTY16JUL2019400PE,2020/07/16,13:08,0.1,0.1,0.1,0.1,2800
BANKNIFTY16JUL2019400PE,2020/07/16,13:12,0.15,0.15,0.15,0.15,20
BANKNIFTY16JUL2019400PE,2020/07/16,13:13,0.15,0.15,0.15,0.15,20
BANKNIFTY16JUL2019400PE,2020/07/16,13:14,0.15,0.15,0.15,0.15,60
BANKNIFTY16JUL2019400PE,2020/07/16,13:15,0.15,0.15,0.15,0.15,20
BANKNIFTY16JUL2019400PE,2020/07/16,13:16,0.15,0.15,0.15,0.15,780
BANKNIFTY16JUL2019400PE,2020/07/16,13:17,0.15,0.15,0.15,0.15,180
BANKNIFTY16JUL2019400PE,2020/07/16,13:18,0.15,0.15,0.15,0.15,40
BANKNIFTY16JUL2019400PE,2020/07/16,13:29,0.15,0.15,0.15,0.15,100
BANKNIFTY16JUL2019400PE,2020/07/16,13:33,0.1,0.1,0.1,0.1,1040
BANKNIFTY16JUL2019400PE,2020/07/16,13:46,0.05,0.05,0.05,0.05,20
BANKNIFTY16JUL2019400PE,2020/07/16,13:49,0.1,0.1,0.1,0.1,360
BANKNIFTY16JUL2019400PE,2020/07/16,13:56,0.1,0.1,0.1,0.1,20
BANKNIFTY16JUL2019400PE,2020/07/16,13:58,0.1,0.1,0.1,0.1,40
BANKNIFTY16JUL2019400PE,2020/07/16,14:02,0.05,0.05,0.05,0.05,20
BANKNIFTY16JUL2019400PE,2020/07/16,14:03,0.1,0.1,0.1,0.1,60
BANKNIFTY16JUL2019400PE,2020/07/16,14:05,0.05,0.1,0.05,0.1,120
BANKNIFTY16JUL2019400PE,2020/07/16,14:08,0.1,0.1,0.1,0.1,600
BANKNIFTY16JUL2019400PE,2020/07/16,14:09,0.1,0.1,0.1,0.1,180
BANKNIFTY16JUL2019400PE,2020/07/16,14:13,0.1,0.1,0.1,0.1,40
BANKNIFTY16JUL2019400PE,2020/07/16,14:16,0.1,0.1,0.05,0.05,1360
BANKNIFTY16JUL2019400PE,2020/07/16,14:17,0.05,0.05,0.05,0.05,1360
BANKNIFTY16JUL2019400PE,2020/07/16,14:21,0.05,0.05,0.05,0.05,20
BANKNIFTY16JUL2019400PE,2020/07/16,14:27,0.1,0.1,0.1,0.1,80
BANKNIFTY16JUL2019400PE,2020/07/16,14:34,0.05,0.05,0.05,0.05,120
BANKNIFTY16JUL2019400PE,2020/07/16,14:36,0.05,0.05,0.05,0.05,20
BANKNIFTY16JUL2019400PE,2020/07/16,14:54,0.05,0.05,0.05,0.05,940
BANKNIFTY16JUL2019400PE,2020/07/16,15:28,0.05,0.05,0.05,0.05,20
