BANKNIFTY02JUL2022400PE,2020/06/22,11:31,1236.5,1236.5,1236.5,1236.5,20
BANKNIFTY02JUL2022400PE,2020/06/23,15:28,725.15,725.2,725.15,725.2,60
BANKNIFTY02JUL2022400PE,2020/06/24,09:17,663.6,663.6,663.6,663.6,20
BANKNIFTY02JUL2022400PE,2020/06/24,09:19,663.6,714.65,663.6,702.05,140
BANKNIFTY02JUL2022400PE,2020/06/24,09:21,702.05,729.1,702.05,729.1,80
BANKNIFTY02JUL2022400PE,2020/06/24,09:22,729.1,739.65,729.1,739.65,20
BANKNIFTY02JUL2022400PE,2020/06/24,09:23,739.65,739.65,729.25,729.25,20
BANKNIFTY02JUL2022400PE,2020/06/24,09:27,729.25,742.9,729.25,742.9,40
BANKNIFTY02JUL2022400PE,2020/06/24,09:28,742.9,742.9,724.9,724.9,120
BANKNIFTY02JUL2022400PE,2020/06/24,09:30,724.9,760.4,724.9,750,60
BANKNIFTY02JUL2022400PE,2020/06/24,09:31,750,750,739.4,739.4,100
BANKNIFTY02JUL2022400PE,2020/06/24,09:32,739.4,768.15,739.4,768.15,60
BANKNIFTY02JUL2022400PE,2020/06/24,09:35,768.15,768.15,765.6,765.6,20
BANKNIFTY02JUL2022400PE,2020/06/24,09:36,765.6,765.6,710,710,40
BANKNIFTY02JUL2022400PE,2020/06/24,09:37,710,710,693.6,700.6,60
BANKNIFTY02JUL2022400PE,2020/06/24,09:38,700.6,700.6,700.3,700.3,20
BANKNIFTY02JUL2022400PE,2020/06/24,09:39,700.3,701.4,700.3,701.4,20
BANKNIFTY02JUL2022400PE,2020/06/24,09:40,701.4,702.85,701.4,702.85,20
BANKNIFTY02JUL2022400PE,2020/06/24,09:42,702.85,704.4,702.85,704.4,20
BANKNIFTY02JUL2022400PE,2020/06/24,09:43,704.4,704.4,704.35,704.35,20
BANKNIFTY02JUL2022400PE,2020/06/24,09:44,704.35,710,704.35,710,20
BANKNIFTY02JUL2022400PE,2020/06/24,09:45,710,725.45,710,715.2,40
BANKNIFTY02JUL2022400PE,2020/06/24,09:46,715.2,723.1,715.2,723.1,20
BANKNIFTY02JUL2022400PE,2020/06/24,09:51,723.1,723.1,719.2,719.2,20
BANKNIFTY02JUL2022400PE,2020/06/24,09:53,719.2,720.55,719.2,720.55,20
BANKNIFTY02JUL2022400PE,2020/06/24,10:00,720.55,758.35,720.55,758.35,20
BANKNIFTY02JUL2022400PE,2020/06/24,10:01,758.35,758.35,740.35,740.35,20
BANKNIFTY02JUL2022400PE,2020/06/24,10:22,740.35,740.35,699.35,699.35,20
BANKNIFTY02JUL2022400PE,2020/06/24,10:23,699.35,699.35,696.25,696.25,20
BANKNIFTY02JUL2022400PE,2020/06/24,10:46,696.25,810,696.25,810,40
BANKNIFTY02JUL2022400PE,2020/06/24,10:47,810,810,810,810,20
BANKNIFTY02JUL2022400PE,2020/06/24,10:48,810,810,810,810,40
BANKNIFTY02JUL2022400PE,2020/06/24,10:54,810,840,810,840,100
BANKNIFTY02JUL2022400PE,2020/06/24,10:56,840,840,822.35,831,80
BANKNIFTY02JUL2022400PE,2020/06/24,10:58,831,850,831,850,40
BANKNIFTY02JUL2022400PE,2020/06/24,11:03,850,850,832.25,832.25,20
BANKNIFTY02JUL2022400PE,2020/06/24,11:04,832.25,832.25,819.6,819.6,20
BANKNIFTY02JUL2022400PE,2020/06/24,11:08,819.6,819.6,818,818,20
BANKNIFTY02JUL2022400PE,2020/06/24,11:14,818,856.6,818,856.6,40
BANKNIFTY02JUL2022400PE,2020/06/24,11:32,856.6,876.6,856.6,876.6,100
BANKNIFTY02JUL2022400PE,2020/06/24,11:37,876.6,909,876.6,909,20
BANKNIFTY02JUL2022400PE,2020/06/24,11:39,909,909,905.35,905.35,40
BANKNIFTY02JUL2022400PE,2020/06/24,11:41,905.35,932.4,905.35,932.4,20
BANKNIFTY02JUL2022400PE,2020/06/24,11:51,932.4,932.4,871.35,871.35,100
BANKNIFTY02JUL2022400PE,2020/06/24,11:53,871.35,881.8,871.35,881.8,100
BANKNIFTY02JUL2022400PE,2020/06/24,12:08,881.8,881.8,876.35,876.35,80
BANKNIFTY02JUL2022400PE,2020/06/24,12:16,876.35,876.35,839.65,839.65,20
BANKNIFTY02JUL2022400PE,2020/06/24,12:19,839.65,839.65,796.45,796.45,20
BANKNIFTY02JUL2022400PE,2020/06/24,12:25,796.45,796.45,747.3,747.3,120
BANKNIFTY02JUL2022400PE,2020/06/24,12:34,747.3,811.55,747.3,811.55,120
BANKNIFTY02JUL2022400PE,2020/06/24,12:35,811.55,811.55,790.2,790.2,40
BANKNIFTY02JUL2022400PE,2020/06/24,12:37,790.2,790.2,770.4,770.4,100
BANKNIFTY02JUL2022400PE,2020/06/24,12:46,770.4,770.4,747.3,747.3,60
BANKNIFTY02JUL2022400PE,2020/06/24,12:54,747.3,747.3,731.55,731.55,40
BANKNIFTY02JUL2022400PE,2020/06/24,12:55,731.55,731.55,731.55,731.55,40
BANKNIFTY02JUL2022400PE,2020/06/24,13:00,731.55,763.15,731.55,763.15,20
BANKNIFTY02JUL2022400PE,2020/06/24,13:02,763.15,769.05,763.15,769.05,20
BANKNIFTY02JUL2022400PE,2020/06/24,13:04,785.05,785.05,783.5,783.5,60
BANKNIFTY02JUL2022400PE,2020/06/24,13:06,783.5,783.5,753.95,753.95,20
BANKNIFTY02JUL2022400PE,2020/06/24,13:07,753.95,760.8,753.95,760.8,20
BANKNIFTY02JUL2022400PE,2020/06/24,13:09,760.8,827.2,760.8,822.1,120
BANKNIFTY02JUL2022400PE,2020/06/24,13:10,822.1,873.35,822.1,873.35,40
BANKNIFTY02JUL2022400PE,2020/06/24,13:12,873.35,892.1,873.35,889.05,80
BANKNIFTY02JUL2022400PE,2020/06/24,13:15,889.05,949,889.05,949,20
BANKNIFTY02JUL2022400PE,2020/06/24,13:16,949,949.1,949,949,140
BANKNIFTY02JUL2022400PE,2020/06/24,13:18,949,949,927.95,927.95,20
BANKNIFTY02JUL2022400PE,2020/06/24,13:37,927.95,1004.9,927.95,1000,420
BANKNIFTY02JUL2022400PE,2020/06/24,13:38,1000,1027.65,1000,1027.65,20
BANKNIFTY02JUL2022400PE,2020/06/24,13:39,1027.65,1027.65,981.5,981.5,60
BANKNIFTY02JUL2022400PE,2020/06/24,13:42,981.5,988.1,981.5,988.1,100
BANKNIFTY02JUL2022400PE,2020/06/24,13:43,988.1,988.1,971.15,971.15,80
BANKNIFTY02JUL2022400PE,2020/06/24,13:44,971.15,997.2,971.15,997.2,80
BANKNIFTY02JUL2022400PE,2020/06/24,13:45,1035.2,1035.2,1035.2,1035.2,20
BANKNIFTY02JUL2022400PE,2020/06/24,13:47,1035.2,1035.2,1004.85,1004.85,20
BANKNIFTY02JUL2022400PE,2020/06/24,13:50,1004.85,1030,1004.85,1030,400
BANKNIFTY02JUL2022400PE,2020/06/24,13:51,1030,1030,1004.1,1004.1,20
BANKNIFTY02JUL2022400PE,2020/06/24,13:53,1004.1,1004.1,996.45,996.45,60
BANKNIFTY02JUL2022400PE,2020/06/24,13:55,996.45,996.45,978.75,978.75,140
BANKNIFTY02JUL2022400PE,2020/06/24,13:57,978.75,1000,978.75,1000,100
BANKNIFTY02JUL2022400PE,2020/06/24,13:58,1000,1003.3,1000,1003.3,20
BANKNIFTY02JUL2022400PE,2020/06/24,14:05,1003.3,1003.3,1000,1000,60
BANKNIFTY02JUL2022400PE,2020/06/24,14:07,1000,1000,942.9,942.9,120
BANKNIFTY02JUL2022400PE,2020/06/24,14:10,942.9,959.25,942.9,959.25,80
BANKNIFTY02JUL2022400PE,2020/06/24,14:13,959.25,1013.45,959.25,1013.45,80
BANKNIFTY02JUL2022400PE,2020/06/24,14:15,1013.45,1026.1,1013.45,1026.05,480
BANKNIFTY02JUL2022400PE,2020/06/24,14:21,1026.05,1026.05,955.75,955.75,100
BANKNIFTY02JUL2022400PE,2020/06/24,14:22,955.75,977.95,949.5,977.95,200
BANKNIFTY02JUL2022400PE,2020/06/24,14:25,977.95,979.1,977.95,979.1,60
BANKNIFTY02JUL2022400PE,2020/06/24,14:26,979.1,992.15,979.1,992.15,40
BANKNIFTY02JUL2022400PE,2020/06/24,14:40,992.15,1108,992.15,1108,20
BANKNIFTY02JUL2022400PE,2020/06/24,14:42,1108,1125,1108,1125,880
BANKNIFTY02JUL2022400PE,2020/06/24,14:44,1125,1125,1125,1125,40
BANKNIFTY02JUL2022400PE,2020/06/24,14:46,1125,1125,1120,1124.6,160
BANKNIFTY02JUL2022400PE,2020/06/24,14:52,1124.6,1180,1124.6,1180,20
BANKNIFTY02JUL2022400PE,2020/06/24,14:55,1180,1220.8,1180,1220.75,80
BANKNIFTY02JUL2022400PE,2020/06/24,14:57,1220.75,1220.75,1160,1160,80
BANKNIFTY02JUL2022400PE,2020/06/24,15:09,1160,1264.15,1160,1264.15,20
BANKNIFTY02JUL2022400PE,2020/06/24,15:16,1264.15,1306.2,1264.15,1306.15,80
BANKNIFTY02JUL2022400PE,2020/06/24,15:20,1306.15,1306.15,1268.85,1268.85,40
BANKNIFTY02JUL2022400PE,2020/06/24,15:22,1268.85,1287.25,1268.85,1287.25,20
BANKNIFTY02JUL2022400PE,2020/06/24,15:24,1287.25,1287.25,1276.65,1276.65,20
BANKNIFTY02JUL2022400PE,2020/06/24,15:27,1276.65,1276.65,1265.1,1265.1,20
BANKNIFTY02JUL2022400PE,2020/06/24,15:28,1265.1,1265.1,1211.2,1211.2,20
BANKNIFTY02JUL2022400PE,2020/06/24,15:29,1211.2,1211.2,1179.95,1179.95,40
BANKNIFTY02JUL2022400PE,2020/06/25,14:00,1200,1200,1200,1200,20
BANKNIFTY02JUL2022400PE,2020/06/25,14:15,1200,1200,1084.4,1084.4,40
BANKNIFTY02JUL2022400PE,2020/06/26,09:15,1011,1011,1011,1011,40
BANKNIFTY02JUL2022400PE,2020/06/26,09:16,1014,1071.15,1014,1071,1100
BANKNIFTY02JUL2022400PE,2020/06/26,09:17,1071,1075.5,1050,1051.5,300
BANKNIFTY02JUL2022400PE,2020/06/26,09:18,1059,1068,1056,1068,520
BANKNIFTY02JUL2022400PE,2020/06/26,09:22,1068,1068,1054.5,1054.5,80
BANKNIFTY02JUL2022400PE,2020/06/26,09:23,1054.5,1086.9,1054.5,1086.9,40
BANKNIFTY02JUL2022400PE,2020/06/26,09:25,1086.9,1086.9,1078.55,1080,40
BANKNIFTY02JUL2022400PE,2020/06/26,09:26,1080,1082.95,1080,1082.95,20
BANKNIFTY02JUL2022400PE,2020/06/26,09:31,1082.95,1082.95,1058.95,1058.95,20
BANKNIFTY02JUL2022400PE,2020/06/26,09:34,1058.95,1058.95,1050.85,1050.85,20
BANKNIFTY02JUL2022400PE,2020/06/26,09:35,1050.85,1058.95,1050.85,1058.95,40
BANKNIFTY02JUL2022400PE,2020/06/26,09:39,1058.95,1069.65,1058.95,1069.65,80
BANKNIFTY02JUL2022400PE,2020/06/26,09:44,1069.65,1099.35,1069.65,1099.3,40
BANKNIFTY02JUL2022400PE,2020/06/26,09:45,1099.3,1125.2,1099.3,1125.2,320
BANKNIFTY02JUL2022400PE,2020/06/26,09:47,1125.2,1158.95,1125.2,1147.2,160
BANKNIFTY02JUL2022400PE,2020/06/26,09:48,1147.2,1147.2,1144.5,1144.5,40
BANKNIFTY02JUL2022400PE,2020/06/26,09:51,1144.5,1144.5,1120,1120,20
BANKNIFTY02JUL2022400PE,2020/06/26,09:55,1120,1120,1056.8,1056.8,40
BANKNIFTY02JUL2022400PE,2020/06/26,09:58,1056.8,1092.05,1056.8,1092.05,20
BANKNIFTY02JUL2022400PE,2020/06/26,10:02,1092.05,1106.45,1092.05,1103.55,220
BANKNIFTY02JUL2022400PE,2020/06/26,10:04,1103.55,1103.55,1086.85,1086.85,20
BANKNIFTY02JUL2022400PE,2020/06/26,10:05,1086.85,1086.85,1080.15,1080.15,20
BANKNIFTY02JUL2022400PE,2020/06/26,10:12,1080.15,1100,1080.15,1100,60
BANKNIFTY02JUL2022400PE,2020/06/26,10:13,1100,1109.35,1100,1109.35,20
BANKNIFTY02JUL2022400PE,2020/06/26,10:15,1109.35,1119.35,1109.35,1119.35,20
BANKNIFTY02JUL2022400PE,2020/06/26,10:17,1119.35,1190.45,1119.35,1164,40
BANKNIFTY02JUL2022400PE,2020/06/26,10:18,1164,1199.9,1164,1199.9,80
BANKNIFTY02JUL2022400PE,2020/06/26,10:20,1199.9,1220,1199.9,1220,20
BANKNIFTY02JUL2022400PE,2020/06/26,10:23,1220,1220,1180,1180,20
BANKNIFTY02JUL2022400PE,2020/06/26,10:24,1180,1208.25,1180,1208.25,40
BANKNIFTY02JUL2022400PE,2020/06/26,10:26,1208.25,1229.2,1208.25,1229.2,20
BANKNIFTY02JUL2022400PE,2020/06/26,10:39,1229.2,1229.2,1222.4,1222.4,20
BANKNIFTY02JUL2022400PE,2020/06/26,10:46,1222.4,1277.05,1222.4,1277.05,180
BANKNIFTY02JUL2022400PE,2020/06/26,10:52,1277.05,1277.05,1262.8,1262.8,20
BANKNIFTY02JUL2022400PE,2020/06/26,10:59,1262.8,1262.8,1231,1231,40
BANKNIFTY02JUL2022400PE,2020/06/26,11:08,1231,1231,1191.9,1191.9,20
BANKNIFTY02JUL2022400PE,2020/06/26,11:09,1191.9,1191.9,1185,1185,20
BANKNIFTY02JUL2022400PE,2020/06/26,11:15,1185,1185,1121.4,1121.4,20
BANKNIFTY02JUL2022400PE,2020/06/26,11:18,1121.4,1150.5,1121.4,1150.5,40
BANKNIFTY02JUL2022400PE,2020/06/26,11:22,1150.5,1191.7,1150.5,1191.7,20
BANKNIFTY02JUL2022400PE,2020/06/26,11:26,1191.7,1259.7,1191.7,1259.7,60
BANKNIFTY02JUL2022400PE,2020/06/26,11:28,1259.7,1259.7,1240,1240,20
BANKNIFTY02JUL2022400PE,2020/06/26,11:36,1240,1240,1180,1180,20
BANKNIFTY02JUL2022400PE,2020/06/26,11:39,1180,1197.15,1180,1197.15,20
BANKNIFTY02JUL2022400PE,2020/06/26,12:02,1197.15,1197.15,1136.05,1136.05,120
BANKNIFTY02JUL2022400PE,2020/06/26,12:09,1136.05,1181.8,1136.05,1181.8,20
BANKNIFTY02JUL2022400PE,2020/06/26,12:10,1181.8,1190.45,1181.8,1181.8,40
BANKNIFTY02JUL2022400PE,2020/06/26,12:16,1181.8,1181.8,1165.25,1165.25,20
BANKNIFTY02JUL2022400PE,2020/06/26,12:30,1165.25,1277.2,1165.25,1268.7,120
BANKNIFTY02JUL2022400PE,2020/06/26,12:37,1268.7,1268.7,1224.2,1224.2,20
BANKNIFTY02JUL2022400PE,2020/06/26,12:44,1224.2,1320.05,1224.2,1320.05,20
BANKNIFTY02JUL2022400PE,2020/06/26,12:45,1320.05,1360,1320.05,1359.95,60
BANKNIFTY02JUL2022400PE,2020/06/26,12:46,1359.95,1359.95,1316.8,1331.1,120
BANKNIFTY02JUL2022400PE,2020/06/26,12:48,1331.1,1335,1331.1,1335,20
BANKNIFTY02JUL2022400PE,2020/06/26,12:50,1335,1345.55,1335,1345.55,20
BANKNIFTY02JUL2022400PE,2020/06/26,12:51,1345.55,1345.55,1312.6,1312.6,20
BANKNIFTY02JUL2022400PE,2020/06/26,12:53,1312.6,1330,1312.6,1330,20
BANKNIFTY02JUL2022400PE,2020/06/26,12:55,1330,1330,1320,1320,20
BANKNIFTY02JUL2022400PE,2020/06/26,12:56,1320,1320,1308.8,1308.8,40
BANKNIFTY02JUL2022400PE,2020/06/26,12:58,1308.8,1308.8,1302.65,1302.65,20
BANKNIFTY02JUL2022400PE,2020/06/26,13:00,1302.65,1302.65,1276.9,1276.9,40
BANKNIFTY02JUL2022400PE,2020/06/26,13:02,1276.9,1295.3,1276.9,1295.3,20
BANKNIFTY02JUL2022400PE,2020/06/26,13:05,1295.3,1317.85,1295.3,1317.85,20
BANKNIFTY02JUL2022400PE,2020/06/26,13:06,1317.85,1319.55,1310.55,1310.55,60
BANKNIFTY02JUL2022400PE,2020/06/26,13:07,1310.55,1315.65,1310.55,1315.65,20
BANKNIFTY02JUL2022400PE,2020/06/26,13:15,1315.65,1315.65,1241.4,1241.4,40
BANKNIFTY02JUL2022400PE,2020/06/26,13:19,1241.4,1241.4,1212,1212,20
BANKNIFTY02JUL2022400PE,2020/06/26,13:21,1212,1212,1201.95,1201.95,40
BANKNIFTY02JUL2022400PE,2020/06/26,13:29,1201.95,1297.05,1201.95,1279,60
BANKNIFTY02JUL2022400PE,2020/06/26,13:31,1279,1279,1267.2,1267.2,20
BANKNIFTY02JUL2022400PE,2020/06/26,13:33,1267.2,1267.2,1260.15,1260.15,40
BANKNIFTY02JUL2022400PE,2020/06/26,13:43,1260.15,1322.5,1260.15,1313.2,60
BANKNIFTY02JUL2022400PE,2020/06/26,13:45,1313.2,1313.2,1307.75,1307.75,40
BANKNIFTY02JUL2022400PE,2020/06/26,13:48,1307.75,1307.75,1255.85,1255.85,80
BANKNIFTY02JUL2022400PE,2020/06/26,13:55,1255.85,1286.6,1255.85,1283.35,120
BANKNIFTY02JUL2022400PE,2020/06/26,13:56,1283.35,1299.05,1283.35,1299.05,40
BANKNIFTY02JUL2022400PE,2020/06/26,14:06,1299.05,1299.05,1194.8,1194.8,20
BANKNIFTY02JUL2022400PE,2020/06/26,14:18,1194.8,1248.95,1194.8,1248.95,20
BANKNIFTY02JUL2022400PE,2020/06/26,14:21,1248.95,1248.95,1108.05,1108.05,20
BANKNIFTY02JUL2022400PE,2020/06/26,14:22,1108.05,1124.5,1108.05,1124.5,80
BANKNIFTY02JUL2022400PE,2020/06/26,14:26,1124.5,1126.4,1124.5,1126.4,40
BANKNIFTY02JUL2022400PE,2020/06/26,14:27,1126.4,1143.65,1126.4,1143.65,20
BANKNIFTY02JUL2022400PE,2020/06/26,14:28,1143.65,1143.65,1141.05,1141.05,20
BANKNIFTY02JUL2022400PE,2020/06/26,14:30,1141.05,1141.05,1131.85,1131.85,20
BANKNIFTY02JUL2022400PE,2020/06/26,14:44,1131.85,1200,1131.85,1200,20
BANKNIFTY02JUL2022400PE,2020/06/26,14:46,1200,1224.8,1200,1224.8,20
BANKNIFTY02JUL2022400PE,2020/06/26,14:53,1224.8,1224.8,1187,1187,20
BANKNIFTY02JUL2022400PE,2020/06/26,14:56,1187,1195.5,1187,1195.5,20
BANKNIFTY02JUL2022400PE,2020/06/26,15:12,1195.5,1195.5,1146.65,1146.65,40
BANKNIFTY02JUL2022400PE,2020/06/26,15:19,1146.65,1146.65,1100,1100,40
BANKNIFTY02JUL2022400PE,2020/06/26,15:28,1100,1100,1027.05,1027.05,20
BANKNIFTY02JUL2022400PE,2020/06/29,09:15,1104.1,1104.1,1011,1104.1,0
BANKNIFTY02JUL2022400PE,2020/06/29,09:19,1351.8,1351.8,1351.2,1351.2,40
BANKNIFTY02JUL2022400PE,2020/06/29,09:40,1351.2,1397.7,1351.2,1397.7,20
BANKNIFTY02JUL2022400PE,2020/06/29,09:41,1397.7,1398.65,1397.7,1398.65,20
BANKNIFTY02JUL2022400PE,2020/06/29,12:16,1398.65,1410.4,1398.65,1410.4,20
BANKNIFTY02JUL2022400PE,2020/06/29,12:31,1410.4,1410.4,1326.2,1326.2,20
BANKNIFTY02JUL2022400PE,2020/06/29,14:52,1326.2,1326.2,1296,1296,60
BANKNIFTY02JUL2022400PE,2020/06/29,14:53,1296,1312,1296,1312,60
BANKNIFTY02JUL2022400PE,2020/06/29,14:54,1312,1312,1312,1312,60
BANKNIFTY02JUL2022400PE,2020/06/29,14:55,1312,1326,1312,1326,60
BANKNIFTY02JUL2022400PE,2020/06/29,15:12,1326,1326,1188,1188,60
BANKNIFTY02JUL2022400PE,2020/06/29,15:18,1188,1188,1130,1130,60
BANKNIFTY02JUL2022400PE,2020/06/29,15:28,1130,1169.6,1130,1169.6,40
BANKNIFTY02JUL2022400PE,2020/06/30,09:15,1161.65,1161.65,1130,1161.65,0
BANKNIFTY02JUL2022400PE,2020/06/30,09:16,975.85,975.85,975.85,975.85,20
BANKNIFTY02JUL2022400PE,2020/06/30,09:17,960.2,960.65,940.15,960.65,60
BANKNIFTY02JUL2022400PE,2020/06/30,09:18,960.65,976.55,960.65,976.55,80
BANKNIFTY02JUL2022400PE,2020/06/30,09:19,976.55,976.55,975.55,975.55,40
BANKNIFTY02JUL2022400PE,2020/06/30,09:30,975.55,975.55,935.35,935.4,40
BANKNIFTY02JUL2022400PE,2020/06/30,09:34,935.4,935.4,932,932,20
BANKNIFTY02JUL2022400PE,2020/06/30,09:39,932,932,919.45,919.45,20
BANKNIFTY02JUL2022400PE,2020/06/30,09:44,919.45,964.05,919.45,964.05,40
BANKNIFTY02JUL2022400PE,2020/06/30,09:49,964.05,964.05,929.6,929.6,20
BANKNIFTY02JUL2022400PE,2020/06/30,09:50,929.6,969.9,929.6,969.9,20
BANKNIFTY02JUL2022400PE,2020/06/30,09:51,969.9,996.4,969.9,996.4,20
BANKNIFTY02JUL2022400PE,2020/06/30,09:59,996.4,996.4,969,969,20
BANKNIFTY02JUL2022400PE,2020/06/30,10:00,969,988.9,969,988.9,20
BANKNIFTY02JUL2022400PE,2020/06/30,10:08,988.9,988.9,964.9,964.9,20
BANKNIFTY02JUL2022400PE,2020/06/30,10:18,964.9,969.6,964.9,969.6,20
BANKNIFTY02JUL2022400PE,2020/06/30,10:19,969.6,1057.4,969.6,1057.4,60
BANKNIFTY02JUL2022400PE,2020/06/30,10:20,1057.4,1057.4,1030.4,1030.4,20
BANKNIFTY02JUL2022400PE,2020/06/30,10:22,1030.4,1048.85,1030.4,1048.85,20
BANKNIFTY02JUL2022400PE,2020/06/30,10:23,1048.85,1048.85,1027.3,1027.3,20
BANKNIFTY02JUL2022400PE,2020/06/30,10:34,1027.3,1027.3,996.3,996.3,20
BANKNIFTY02JUL2022400PE,2020/06/30,11:01,996.3,996.3,978.95,978.95,20
BANKNIFTY02JUL2022400PE,2020/06/30,11:26,978.95,1068,978.95,1068,20
BANKNIFTY02JUL2022400PE,2020/06/30,11:27,1068,1068,1051,1051,20
BANKNIFTY02JUL2022400PE,2020/06/30,11:29,1051,1051,1051,1051,20
BANKNIFTY02JUL2022400PE,2020/06/30,11:49,1051,1051,1051,1051,20
BANKNIFTY02JUL2022400PE,2020/06/30,11:57,1051,1060.5,1051,1060.5,20
BANKNIFTY02JUL2022400PE,2020/06/30,11:59,1060.5,1062.35,1060.5,1062.35,40
BANKNIFTY02JUL2022400PE,2020/06/30,12:36,1062.35,1069.45,1062.35,1069.45,20
BANKNIFTY02JUL2022400PE,2020/06/30,12:40,1069.45,1112.4,1069.45,1112.4,160
BANKNIFTY02JUL2022400PE,2020/06/30,12:48,1112.4,1112.4,1087.95,1087.95,20
BANKNIFTY02JUL2022400PE,2020/06/30,12:53,1087.95,1108.35,1087.95,1108.35,40
BANKNIFTY02JUL2022400PE,2020/06/30,13:08,1108.35,1108.35,1059.5,1059.5,20
BANKNIFTY02JUL2022400PE,2020/06/30,14:30,1059.5,1267.75,1059.5,1267.75,20
BANKNIFTY02JUL2022400PE,2020/06/30,14:35,1267.75,1300,1267.75,1300,20
BANKNIFTY02JUL2022400PE,2020/06/30,14:40,1300,1300,1291.05,1291.05,20
BANKNIFTY02JUL2022400PE,2020/06/30,14:41,1291.05,1291.05,1250,1250,20
BANKNIFTY02JUL2022400PE,2020/06/30,14:42,1250,1250,1250,1250,20
BANKNIFTY02JUL2022400PE,2020/06/30,14:46,1250,1250,1200,1200,20
BANKNIFTY02JUL2022400PE,2020/06/30,14:55,1200,1200,1179,1179,20
BANKNIFTY02JUL2022400PE,2020/06/30,15:14,1179,1179.2,1179,1179.2,20
BANKNIFTY02JUL2022400PE,2020/06/30,15:18,1179.2,1179.2,1136.85,1142.15,40
BANKNIFTY02JUL2022400PE,2020/06/30,15:23,1142.15,1142.15,1140,1140,220
BANKNIFTY02JUL2022400PE,2020/07/01,09:15,1119.45,1119.45,1119.45,1119.45,20
BANKNIFTY02JUL2022400PE,2020/07/01,09:17,1119.45,1141.05,1119.45,1141.05,20
BANKNIFTY02JUL2022400PE,2020/07/01,09:19,1141.05,1141.05,1111,1111,20
BANKNIFTY02JUL2022400PE,2020/07/01,09:35,1111,1111,1016.65,1016.65,20
BANKNIFTY02JUL2022400PE,2020/07/01,09:40,1016.65,1016.65,991.15,991.15,20
BANKNIFTY02JUL2022400PE,2020/07/01,09:41,991.15,1001.35,991.15,1001.35,20
BANKNIFTY02JUL2022400PE,2020/07/01,09:46,1001.35,1001.35,950.95,950.95,20
BANKNIFTY02JUL2022400PE,2020/07/01,10:00,950.95,950.95,865,865,340
BANKNIFTY02JUL2022400PE,2020/07/01,10:07,865,891,865,891,20
BANKNIFTY02JUL2022400PE,2020/07/01,10:29,891,917.55,891,917.55,20
BANKNIFTY02JUL2022400PE,2020/07/01,10:31,917.55,922.35,917.55,922.35,20
BANKNIFTY02JUL2022400PE,2020/07/01,10:35,922.35,922.35,913.7,913.7,20
BANKNIFTY02JUL2022400PE,2020/07/01,10:38,913.7,913.7,890.6,890.6,20
BANKNIFTY02JUL2022400PE,2020/07/01,10:43,890.6,935.55,890.6,935.55,20
BANKNIFTY02JUL2022400PE,2020/07/01,10:47,935.55,955,935.55,955,20
BANKNIFTY02JUL2022400PE,2020/07/01,11:15,955,955,920,920,20
BANKNIFTY02JUL2022400PE,2020/07/01,11:27,920,920,812.05,812.05,880
BANKNIFTY02JUL2022400PE,2020/07/01,11:28,812.05,812.05,750.65,750.7,40
BANKNIFTY02JUL2022400PE,2020/07/01,11:40,750.7,780,750.7,780,200
BANKNIFTY02JUL2022400PE,2020/07/01,11:46,780,780,770,770,100
BANKNIFTY02JUL2022400PE,2020/07/01,11:48,770,774,770,774,20
BANKNIFTY02JUL2022400PE,2020/07/01,12:07,774,774,734.7,734.7,640
BANKNIFTY02JUL2022400PE,2020/07/01,12:08,734.7,734.7,725,725,200
BANKNIFTY02JUL2022400PE,2020/07/01,12:14,725,734,725,725,40
BANKNIFTY02JUL2022400PE,2020/07/01,12:15,725,725,710,710.05,60
BANKNIFTY02JUL2022400PE,2020/07/01,12:21,710.05,710.05,710.05,710.05,20
BANKNIFTY02JUL2022400PE,2020/07/01,12:26,710.05,734,710.05,734,20
BANKNIFTY02JUL2022400PE,2020/07/01,12:28,734,734,733.2,733.2,20
BANKNIFTY02JUL2022400PE,2020/07/01,12:30,733.2,769.75,733.2,769.75,140
BANKNIFTY02JUL2022400PE,2020/07/01,12:31,769.75,782.75,766.45,767.4,80
BANKNIFTY02JUL2022400PE,2020/07/01,12:45,733.2,733.2,678.5,678.5,100
BANKNIFTY02JUL2022400PE,2020/07/01,12:46,678.5,678.5,657.2,663.45,80
BANKNIFTY02JUL2022400PE,2020/07/01,12:48,663.45,663.45,663,663,20
BANKNIFTY02JUL2022400PE,2020/07/01,12:51,663,663,650,650,40
BANKNIFTY02JUL2022400PE,2020/07/01,12:53,650,654.8,650,654.8,20
BANKNIFTY02JUL2022400PE,2020/07/01,12:54,654.8,658.2,654.8,658.2,20
BANKNIFTY02JUL2022400PE,2020/07/01,12:55,658.2,670,657.35,670,40
BANKNIFTY02JUL2022400PE,2020/07/01,12:57,670,670,660.3,660.3,20
BANKNIFTY02JUL2022400PE,2020/07/01,12:58,660.3,660.3,632,632,120
BANKNIFTY02JUL2022400PE,2020/07/01,13:00,632,632,606.1,606.1,40
BANKNIFTY02JUL2022400PE,2020/07/01,13:01,606.1,634.6,606.1,634.6,20
BANKNIFTY02JUL2022400PE,2020/07/01,13:05,634.6,638,634.6,638,20
BANKNIFTY02JUL2022400PE,2020/07/01,13:08,638,644.85,638,644.85,20
BANKNIFTY02JUL2022400PE,2020/07/01,13:09,644.85,644.85,643.2,643.2,20
BANKNIFTY02JUL2022400PE,2020/07/01,13:10,643.2,678.15,643.2,678.15,60
BANKNIFTY02JUL2022400PE,2020/07/01,13:12,678.15,678.15,664.55,664.55,20
BANKNIFTY02JUL2022400PE,2020/07/01,13:14,664.55,665.75,660,660,60
BANKNIFTY02JUL2022400PE,2020/07/01,13:15,660,660,638.85,638.85,20
BANKNIFTY02JUL2022400PE,2020/07/01,13:17,638.85,651.75,638.85,651.75,40
BANKNIFTY02JUL2022400PE,2020/07/01,13:18,651.75,662.9,651.75,662.9,20
BANKNIFTY02JUL2022400PE,2020/07/01,13:22,662.9,662.9,654.4,654.4,40
BANKNIFTY02JUL2022400PE,2020/07/01,13:29,654.4,654.4,540,574.7,580
BANKNIFTY02JUL2022400PE,2020/07/01,13:30,566.05,575.2,545.05,574.3,1020
BANKNIFTY02JUL2022400PE,2020/07/01,13:31,574.3,574.3,562.75,569.55,280
BANKNIFTY02JUL2022400PE,2020/07/01,13:32,569.55,573.7,569.55,573.7,140
BANKNIFTY02JUL2022400PE,2020/07/01,13:34,573.7,573.7,558.7,559.05,160
BANKNIFTY02JUL2022400PE,2020/07/01,13:35,559.05,559.05,533.25,533.25,160
BANKNIFTY02JUL2022400PE,2020/07/01,13:36,533.25,543.05,533.25,543.05,140
BANKNIFTY02JUL2022400PE,2020/07/01,13:37,543.05,551.1,543.05,545,80
BANKNIFTY02JUL2022400PE,2020/07/01,13:38,545,550,545,550,20
BANKNIFTY02JUL2022400PE,2020/07/01,13:40,557.9,565,557.9,565,40
BANKNIFTY02JUL2022400PE,2020/07/01,13:41,565,569,565,566.6,80
BANKNIFTY02JUL2022400PE,2020/07/01,13:42,566.6,566.6,555.3,555.3,40
BANKNIFTY02JUL2022400PE,2020/07/01,13:44,555.3,569.95,555.3,569.95,100
BANKNIFTY02JUL2022400PE,2020/07/01,13:46,569.95,650,569.95,650,100
BANKNIFTY02JUL2022400PE,2020/07/01,13:47,690.6,690.6,661.25,661.25,120
BANKNIFTY02JUL2022400PE,2020/07/01,13:48,661.25,712.3,661.25,706.8,100
BANKNIFTY02JUL2022400PE,2020/07/01,13:49,696.9,703.25,696.9,703.25,80
BANKNIFTY02JUL2022400PE,2020/07/01,13:52,703.25,703.25,675,675,60
BANKNIFTY02JUL2022400PE,2020/07/01,13:55,675,675,675,675,20
BANKNIFTY02JUL2022400PE,2020/07/01,13:56,675,688.95,675,688.95,20
BANKNIFTY02JUL2022400PE,2020/07/01,13:57,688.95,688.95,660,660,40
BANKNIFTY02JUL2022400PE,2020/07/01,14:00,660,671.5,660,671.5,20
BANKNIFTY02JUL2022400PE,2020/07/01,14:02,671.5,671.5,627,631.75,140
BANKNIFTY02JUL2022400PE,2020/07/01,14:03,631.75,631.75,571.2,571.2,80
BANKNIFTY02JUL2022400PE,2020/07/01,14:04,571.2,592.55,571.2,592.55,40
BANKNIFTY02JUL2022400PE,2020/07/01,14:05,592.55,592.55,588.55,588.55,80
BANKNIFTY02JUL2022400PE,2020/07/01,14:06,588.55,588.55,570,570,120
BANKNIFTY02JUL2022400PE,2020/07/01,14:10,570,577.8,570,577.8,60
BANKNIFTY02JUL2022400PE,2020/07/01,14:13,577.8,580,577.8,580,60
BANKNIFTY02JUL2022400PE,2020/07/01,14:14,580,580,575.05,575.05,20
BANKNIFTY02JUL2022400PE,2020/07/01,14:16,575.05,575.05,527.8,546.4,1340
BANKNIFTY02JUL2022400PE,2020/07/01,14:19,546.4,568.3,546.4,568.3,940
BANKNIFTY02JUL2022400PE,2020/07/01,14:20,568.3,606.75,568.3,606.75,200
BANKNIFTY02JUL2022400PE,2020/07/01,14:22,606.75,606.75,604,604,60
BANKNIFTY02JUL2022400PE,2020/07/01,14:26,604,604,589.3,589.3,20
BANKNIFTY02JUL2022400PE,2020/07/01,14:27,589.3,589.3,558.45,558.45,260
BANKNIFTY02JUL2022400PE,2020/07/01,14:29,558.45,569.6,558.45,569.6,20
BANKNIFTY02JUL2022400PE,2020/07/01,14:30,569.6,569.6,564.95,564.95,20
BANKNIFTY02JUL2022400PE,2020/07/01,14:31,564.95,577.85,564.95,576.3,40
BANKNIFTY02JUL2022400PE,2020/07/01,14:32,576.3,588.35,576.3,588.35,20
BANKNIFTY02JUL2022400PE,2020/07/01,14:35,588.35,588.35,510,512,1000
BANKNIFTY02JUL2022400PE,2020/07/01,14:36,512,535,512,535,80
BANKNIFTY02JUL2022400PE,2020/07/01,14:37,535,535,535,535,20
BANKNIFTY02JUL2022400PE,2020/07/01,14:38,535,550,535,550,120
BANKNIFTY02JUL2022400PE,2020/07/01,14:41,550,550,502.4,502.4,1060
BANKNIFTY02JUL2022400PE,2020/07/01,14:42,502.4,517.25,502.4,517.25,20
BANKNIFTY02JUL2022400PE,2020/07/01,14:43,517.25,541.5,517.25,541.5,20
BANKNIFTY02JUL2022400PE,2020/07/01,14:44,540.55,540.55,535,535,820
BANKNIFTY02JUL2022400PE,2020/07/01,14:46,535,548.95,535,545.65,40
BANKNIFTY02JUL2022400PE,2020/07/01,14:48,545.65,552.5,545.65,551.45,60
BANKNIFTY02JUL2022400PE,2020/07/01,14:49,551.45,615.15,551.45,615.15,520
BANKNIFTY02JUL2022400PE,2020/07/01,14:50,615.15,615.15,574.75,574.75,60
BANKNIFTY02JUL2022400PE,2020/07/01,14:51,574.75,574.75,536.75,536.75,20
BANKNIFTY02JUL2022400PE,2020/07/01,14:53,536.75,537.7,536.75,537.7,100
BANKNIFTY02JUL2022400PE,2020/07/01,14:55,537.7,537.7,530,534.25,260
BANKNIFTY02JUL2022400PE,2020/07/01,14:56,534.25,535,534.25,535,40
BANKNIFTY02JUL2022400PE,2020/07/01,14:57,535,535,505,505,540
BANKNIFTY02JUL2022400PE,2020/07/01,14:58,505,505,480,480,460
BANKNIFTY02JUL2022400PE,2020/07/01,14:59,480,480,462,474.55,740
BANKNIFTY02JUL2022400PE,2020/07/01,15:00,474.55,474.55,460,460,20
BANKNIFTY02JUL2022400PE,2020/07/01,15:01,460,473.7,460,473.15,80
BANKNIFTY02JUL2022400PE,2020/07/01,15:02,473.15,473.15,470,470,260
BANKNIFTY02JUL2022400PE,2020/07/01,15:03,470,470,444.6,465,260
BANKNIFTY02JUL2022400PE,2020/07/01,15:04,465,465,460,460,180
BANKNIFTY02JUL2022400PE,2020/07/01,15:05,460,469.15,460,465,100
BANKNIFTY02JUL2022400PE,2020/07/01,15:06,465,469.95,456.25,457.8,320
BANKNIFTY02JUL2022400PE,2020/07/01,15:07,457.8,462.75,456.4,457.05,340
BANKNIFTY02JUL2022400PE,2020/07/01,15:09,457.05,457.05,436.95,437,1260
BANKNIFTY02JUL2022400PE,2020/07/01,15:10,437,438.65,428.25,438.65,140
BANKNIFTY02JUL2022400PE,2020/07/01,15:11,438.65,438.65,422.6,422.6,220
BANKNIFTY02JUL2022400PE,2020/07/01,15:12,422.6,441.05,422.6,441.05,380
BANKNIFTY02JUL2022400PE,2020/07/01,15:13,441.05,453,441.05,453,280
BANKNIFTY02JUL2022400PE,2020/07/01,15:14,453,462,453,462,120
BANKNIFTY02JUL2022400PE,2020/07/01,15:15,462,485,462,485,300
BANKNIFTY02JUL2022400PE,2020/07/01,15:16,485,499.85,485,499.85,60
BANKNIFTY02JUL2022400PE,2020/07/01,15:17,499.85,508,499.4,499.4,60
BANKNIFTY02JUL2022400PE,2020/07/01,15:18,499.4,515,499.4,511.55,40
BANKNIFTY02JUL2022400PE,2020/07/01,15:19,511.55,525.3,511.55,525.3,40
BANKNIFTY02JUL2022400PE,2020/07/01,15:20,522.4,535.8,522.4,530.85,320
BANKNIFTY02JUL2022400PE,2020/07/01,15:21,530.85,530.85,522.35,522.35,320
BANKNIFTY02JUL2022400PE,2020/07/01,15:22,522.35,522.6,522.35,522.6,80
BANKNIFTY02JUL2022400PE,2020/07/01,15:23,522.6,522.6,521.45,522.05,40
BANKNIFTY02JUL2022400PE,2020/07/01,15:24,522.05,526.55,520.15,526.55,320
BANKNIFTY02JUL2022400PE,2020/07/01,15:25,526.55,530.1,526.55,530.1,40
BANKNIFTY02JUL2022400PE,2020/07/01,15:26,530.1,535.25,530.05,530.05,40
BANKNIFTY02JUL2022400PE,2020/07/01,15:27,530.05,535,530.05,535,220
BANKNIFTY02JUL2022400PE,2020/07/01,15:29,535,544.75,535,544.75,40
BANKNIFTY02JUL2022400PE,2020/07/02,09:15,361.35,361.35,263.05,270.1,5700
BANKNIFTY02JUL2022400PE,2020/07/02,09:16,277.6,287.5,272.6,273.9,6080
BANKNIFTY02JUL2022400PE,2020/07/02,09:17,275.65,286.8,271.95,286.8,1700
BANKNIFTY02JUL2022400PE,2020/07/02,09:18,286.8,293.85,280,280,4460
BANKNIFTY02JUL2022400PE,2020/07/02,09:19,280,280,268.45,272,3940
BANKNIFTY02JUL2022400PE,2020/07/02,09:20,272,272,259.6,265.65,3000
BANKNIFTY02JUL2022400PE,2020/07/02,09:21,265.65,282.3,260.9,279.3,3660
BANKNIFTY02JUL2022400PE,2020/07/02,09:22,279.3,293.1,275.5,275.5,6480
BANKNIFTY02JUL2022400PE,2020/07/02,09:23,277.75,289.05,277.75,282.5,2680
BANKNIFTY02JUL2022400PE,2020/07/02,09:24,286.5,289,270,273.1,2720
BANKNIFTY02JUL2022400PE,2020/07/02,09:25,273.85,273.85,245.05,250.45,10280
BANKNIFTY02JUL2022400PE,2020/07/02,09:26,250.45,262.45,250,256.15,4580
BANKNIFTY02JUL2022400PE,2020/07/02,09:27,252.75,270.05,250.6,256.75,8080
BANKNIFTY02JUL2022400PE,2020/07/02,09:28,256.75,269.2,256.75,269.2,1480
BANKNIFTY02JUL2022400PE,2020/07/02,09:29,269.2,269.8,259.65,259.65,5200
BANKNIFTY02JUL2022400PE,2020/07/02,09:30,259.65,268.5,255.85,258.55,7100
BANKNIFTY02JUL2022400PE,2020/07/02,09:31,258.55,274.8,258.55,272.7,8960
BANKNIFTY02JUL2022400PE,2020/07/02,09:32,272.7,295.85,270,282.25,8840
BANKNIFTY02JUL2022400PE,2020/07/02,09:33,281.55,289.05,279.2,280,4320
BANKNIFTY02JUL2022400PE,2020/07/02,09:34,285,291.5,270.35,273.45,7120
BANKNIFTY02JUL2022400PE,2020/07/02,09:35,273.45,290.95,273.45,279.75,3600
BANKNIFTY02JUL2022400PE,2020/07/02,09:36,278.7,281.75,259.85,259.85,8460
BANKNIFTY02JUL2022400PE,2020/07/02,09:37,257.4,258.65,230,232.1,25780
BANKNIFTY02JUL2022400PE,2020/07/02,09:38,228.45,235,225,230,8860
BANKNIFTY02JUL2022400PE,2020/07/02,09:39,232,232,219.55,223.5,13320
BANKNIFTY02JUL2022400PE,2020/07/02,09:40,220.8,229.8,218.4,224.4,13820
BANKNIFTY02JUL2022400PE,2020/07/02,09:41,224.4,229.95,220.65,229.95,7380
BANKNIFTY02JUL2022400PE,2020/07/02,09:42,229.95,230.35,220.2,221.25,7140
BANKNIFTY02JUL2022400PE,2020/07/02,09:43,221.25,221.25,197.35,199.65,21740
BANKNIFTY02JUL2022400PE,2020/07/02,09:44,201.45,204.7,196,201.75,20960
BANKNIFTY02JUL2022400PE,2020/07/02,09:45,199.25,208.35,197.5,202.5,13620
BANKNIFTY02JUL2022400PE,2020/07/02,09:46,204.95,205,195.7,202.3,11180
BANKNIFTY02JUL2022400PE,2020/07/02,09:47,203,203,185.6,189.35,18340
BANKNIFTY02JUL2022400PE,2020/07/02,09:48,189.05,196.3,177.35,194.3,18600
BANKNIFTY02JUL2022400PE,2020/07/02,09:49,194.7,200.55,191.45,195.65,9360
BANKNIFTY02JUL2022400PE,2020/07/02,09:50,194.3,204.8,192.35,202.5,12160
BANKNIFTY02JUL2022400PE,2020/07/02,09:51,203.25,207.65,200,203.7,12080
BANKNIFTY02JUL2022400PE,2020/07/02,09:52,205,210.65,203.35,207.45,18940
BANKNIFTY02JUL2022400PE,2020/07/02,09:53,207.95,210.5,202.75,205.3,8980
BANKNIFTY02JUL2022400PE,2020/07/02,09:54,205.85,213.6,203.35,205.55,12980
BANKNIFTY02JUL2022400PE,2020/07/02,09:55,205.55,208.15,200.9,205,8000
BANKNIFTY02JUL2022400PE,2020/07/02,09:56,204.8,214.8,203.7,213.1,12300
BANKNIFTY02JUL2022400PE,2020/07/02,09:57,212.8,220.1,212.05,214.2,11880
BANKNIFTY02JUL2022400PE,2020/07/02,09:58,217.45,233.85,217.45,228.8,11920
BANKNIFTY02JUL2022400PE,2020/07/02,09:59,229.85,236.25,223.4,234.15,10940
BANKNIFTY02JUL2022400PE,2020/07/02,10:00,233.75,234.1,214.9,225.5,10620
BANKNIFTY02JUL2022400PE,2020/07/02,10:01,226.95,228.75,214.85,217.5,8940
BANKNIFTY02JUL2022400PE,2020/07/02,10:02,216.4,229.15,214.9,229.15,5780
BANKNIFTY02JUL2022400PE,2020/07/02,10:03,228.9,239.4,225.75,232.1,9280
BANKNIFTY02JUL2022400PE,2020/07/02,10:04,232.9,246,231.85,235.05,16560
BANKNIFTY02JUL2022400PE,2020/07/02,10:05,235.4,247.6,231.4,239.35,9480
BANKNIFTY02JUL2022400PE,2020/07/02,10:06,241.9,241.9,226.8,227,5000
BANKNIFTY02JUL2022400PE,2020/07/02,10:07,226.05,232.25,219.4,227.7,4940
BANKNIFTY02JUL2022400PE,2020/07/02,10:08,223.95,232.55,220.35,231.5,7680
BANKNIFTY02JUL2022400PE,2020/07/02,10:09,231.5,245.45,230.05,243.2,6640
BANKNIFTY02JUL2022400PE,2020/07/02,10:10,241,241.6,234.75,237.15,3740
BANKNIFTY02JUL2022400PE,2020/07/02,10:11,235.05,240.55,231.55,238,2540
BANKNIFTY02JUL2022400PE,2020/07/02,10:12,238,238,225.65,232.45,4040
BANKNIFTY02JUL2022400PE,2020/07/02,10:13,232.45,240.25,232,234.35,4880
BANKNIFTY02JUL2022400PE,2020/07/02,10:14,234.35,241.9,232.1,234.45,2920
BANKNIFTY02JUL2022400PE,2020/07/02,10:15,234.45,239.65,230.3,233.1,3120
BANKNIFTY02JUL2022400PE,2020/07/02,10:16,233.1,235.4,226.7,233.8,3280
BANKNIFTY02JUL2022400PE,2020/07/02,10:17,233.8,268.95,233.7,263.25,21060
BANKNIFTY02JUL2022400PE,2020/07/02,10:18,260,365.2,260,335.15,51080
BANKNIFTY02JUL2022400PE,2020/07/02,10:19,332.4,396.5,327.05,361.95,23240
BANKNIFTY02JUL2022400PE,2020/07/02,10:20,367.5,374.75,335,358.5,7820
BANKNIFTY02JUL2022400PE,2020/07/02,10:21,362.05,410.55,362.05,384.5,14200
BANKNIFTY02JUL2022400PE,2020/07/02,10:22,388,390.2,356.3,361.9,5660
BANKNIFTY02JUL2022400PE,2020/07/02,10:23,361.9,419.2,361.9,412.85,9120
BANKNIFTY02JUL2022400PE,2020/07/02,10:24,405.05,415.95,380,380,5280
BANKNIFTY02JUL2022400PE,2020/07/02,10:25,380,394,366.7,366.7,4460
BANKNIFTY02JUL2022400PE,2020/07/02,10:26,363.5,373.75,340,352.2,12740
BANKNIFTY02JUL2022400PE,2020/07/02,10:27,352.2,363.25,340,363.25,7020
BANKNIFTY02JUL2022400PE,2020/07/02,10:28,363.25,380.95,363.25,380,4580
BANKNIFTY02JUL2022400PE,2020/07/02,10:29,380.45,393.6,370,390,2220
BANKNIFTY02JUL2022400PE,2020/07/02,10:30,390,417.8,388.4,407.95,5180
BANKNIFTY02JUL2022400PE,2020/07/02,10:31,411.35,417.35,382.85,384.55,4480
BANKNIFTY02JUL2022400PE,2020/07/02,10:32,384.55,386.15,364.65,364.65,2380
BANKNIFTY02JUL2022400PE,2020/07/02,10:33,364.65,380,355.75,377.6,1760
BANKNIFTY02JUL2022400PE,2020/07/02,10:34,377.6,380,364,379.3,2140
BANKNIFTY02JUL2022400PE,2020/07/02,10:35,375.25,387.6,375.25,380.6,2760
BANKNIFTY02JUL2022400PE,2020/07/02,10:36,382.55,409.85,368.6,409.85,2720
BANKNIFTY02JUL2022400PE,2020/07/02,10:37,406,422.7,398.15,416.65,7300
BANKNIFTY02JUL2022400PE,2020/07/02,10:38,420,430,413.25,426.6,2740
BANKNIFTY02JUL2022400PE,2020/07/02,10:39,426.95,426.95,385.7,385.7,3180
BANKNIFTY02JUL2022400PE,2020/07/02,10:40,385.7,408.4,385.7,397.55,1380
BANKNIFTY02JUL2022400PE,2020/07/02,10:41,397.55,420,397.55,414.2,2000
BANKNIFTY02JUL2022400PE,2020/07/02,10:42,414.2,414.2,391.35,393,1560
BANKNIFTY02JUL2022400PE,2020/07/02,10:43,393,402.2,391.9,398,480
BANKNIFTY02JUL2022400PE,2020/07/02,10:44,398,398,378.45,386.6,3320
BANKNIFTY02JUL2022400PE,2020/07/02,10:45,386.15,402.1,380,381.15,1520
BANKNIFTY02JUL2022400PE,2020/07/02,10:46,378.2,381.4,370,370,3200
BANKNIFTY02JUL2022400PE,2020/07/02,10:47,370,370,345.9,359.45,3940
BANKNIFTY02JUL2022400PE,2020/07/02,10:48,359.45,373.05,359.45,368.7,520
BANKNIFTY02JUL2022400PE,2020/07/02,10:49,368.7,381.6,366.3,376,780
BANKNIFTY02JUL2022400PE,2020/07/02,10:50,376,383.35,372.1,383.25,420
BANKNIFTY02JUL2022400PE,2020/07/02,10:51,385,392,375,385.9,1160
BANKNIFTY02JUL2022400PE,2020/07/02,10:52,385.9,390,380,385.5,920
BANKNIFTY02JUL2022400PE,2020/07/02,10:53,385.5,394.7,380,380,680
BANKNIFTY02JUL2022400PE,2020/07/02,10:54,378.1,378.1,368.6,368.6,800
BANKNIFTY02JUL2022400PE,2020/07/02,10:55,365.05,370,356.4,367.45,920
BANKNIFTY02JUL2022400PE,2020/07/02,10:56,367.45,373.65,357.95,368.25,560
BANKNIFTY02JUL2022400PE,2020/07/02,10:57,368.25,369.45,351.75,354.65,880
BANKNIFTY02JUL2022400PE,2020/07/02,10:58,354.65,372.65,354.65,372.65,1000
BANKNIFTY02JUL2022400PE,2020/07/02,10:59,372.65,382.15,370,379.4,1460
BANKNIFTY02JUL2022400PE,2020/07/02,11:00,379.4,393.35,379.4,389.8,2540
BANKNIFTY02JUL2022400PE,2020/07/02,11:01,389.8,409.95,389.4,405.75,2300
BANKNIFTY02JUL2022400PE,2020/07/02,11:02,405.75,405.75,392,396.3,880
BANKNIFTY02JUL2022400PE,2020/07/02,11:03,396.3,396.3,381.7,385.65,500
BANKNIFTY02JUL2022400PE,2020/07/02,11:04,385.65,386.95,372.5,385.9,820
BANKNIFTY02JUL2022400PE,2020/07/02,11:05,385.9,391,369.75,376.4,1220
BANKNIFTY02JUL2022400PE,2020/07/02,11:06,378.05,380.05,365.05,368,620
BANKNIFTY02JUL2022400PE,2020/07/02,11:07,368,390,368,387.95,1440
BANKNIFTY02JUL2022400PE,2020/07/02,11:08,387.95,404,387.9,404,2020
BANKNIFTY02JUL2022400PE,2020/07/02,11:09,398.55,452.1,398.55,442.4,9640
BANKNIFTY02JUL2022400PE,2020/07/02,11:10,442.4,478,442.4,468,7800
BANKNIFTY02JUL2022400PE,2020/07/02,11:11,468,500,465.45,470,4820
BANKNIFTY02JUL2022400PE,2020/07/02,11:12,467.6,479,466.6,468.95,1220
BANKNIFTY02JUL2022400PE,2020/07/02,11:13,467.15,473.7,461.45,461.8,1820
BANKNIFTY02JUL2022400PE,2020/07/02,11:14,461.8,481.9,456.25,462.6,2140
BANKNIFTY02JUL2022400PE,2020/07/02,11:15,462.6,485,457.95,457.95,2440
BANKNIFTY02JUL2022400PE,2020/07/02,11:16,457.95,461.7,437.85,437.85,2600
BANKNIFTY02JUL2022400PE,2020/07/02,11:17,437.85,454.95,436.3,450.8,1580
BANKNIFTY02JUL2022400PE,2020/07/02,11:18,450.8,456.45,424.5,432.95,1860
BANKNIFTY02JUL2022400PE,2020/07/02,11:19,432.95,450.95,430.15,450.95,1080
BANKNIFTY02JUL2022400PE,2020/07/02,11:20,450.95,454.95,439.25,450.85,1380
BANKNIFTY02JUL2022400PE,2020/07/02,11:21,450.85,468.7,450.85,461,1260
BANKNIFTY02JUL2022400PE,2020/07/02,11:22,461,461,456.05,457,960
BANKNIFTY02JUL2022400PE,2020/07/02,11:23,457,458.75,443.2,443.25,480
BANKNIFTY02JUL2022400PE,2020/07/02,11:24,443.25,470.3,443.25,470.3,1460
BANKNIFTY02JUL2022400PE,2020/07/02,11:25,470.3,495.8,460,489.95,2880
BANKNIFTY02JUL2022400PE,2020/07/02,11:26,489.95,489.95,478.7,479.5,780
BANKNIFTY02JUL2022400PE,2020/07/02,11:27,479.5,495,479.5,489.9,1300
BANKNIFTY02JUL2022400PE,2020/07/02,11:28,489.9,511,483.25,496.2,2780
BANKNIFTY02JUL2022400PE,2020/07/02,11:29,496.2,496.2,464.15,464.15,1700
BANKNIFTY02JUL2022400PE,2020/07/02,11:30,464.15,472,445.25,457.25,1520
BANKNIFTY02JUL2022400PE,2020/07/02,11:31,457.25,466,455.05,466,1260
BANKNIFTY02JUL2022400PE,2020/07/02,11:32,469.7,470,446.6,454.95,560
BANKNIFTY02JUL2022400PE,2020/07/02,11:33,460,460,430.6,440.45,2800
BANKNIFTY02JUL2022400PE,2020/07/02,11:34,440.45,440.45,420.6,432.35,1540
BANKNIFTY02JUL2022400PE,2020/07/02,11:35,432.35,432.35,379.2,392.65,3880
BANKNIFTY02JUL2022400PE,2020/07/02,11:36,393.6,399.4,376.95,379,3380
BANKNIFTY02JUL2022400PE,2020/07/02,11:37,379.8,379.8,349.2,366.45,2860
BANKNIFTY02JUL2022400PE,2020/07/02,11:38,364.85,370.15,351,360.7,4220
BANKNIFTY02JUL2022400PE,2020/07/02,11:39,360.7,360.7,337.6,345.75,3160
BANKNIFTY02JUL2022400PE,2020/07/02,11:40,345.75,364.9,345.75,364.9,720
BANKNIFTY02JUL2022400PE,2020/07/02,11:41,363.75,363.75,346.1,357.05,920
BANKNIFTY02JUL2022400PE,2020/07/02,11:42,357.05,357.05,343,347.3,1240
BANKNIFTY02JUL2022400PE,2020/07/02,11:43,350.85,353,321.75,333.65,4580
BANKNIFTY02JUL2022400PE,2020/07/02,11:44,333.75,340.2,325.25,334.7,1240
BANKNIFTY02JUL2022400PE,2020/07/02,11:45,334.4,334.4,311,331.65,5560
BANKNIFTY02JUL2022400PE,2020/07/02,11:46,329,365,328.3,361.15,2800
BANKNIFTY02JUL2022400PE,2020/07/02,11:47,361.15,361.15,348,349.5,2460
BANKNIFTY02JUL2022400PE,2020/07/02,11:48,349.5,364.65,349.5,364.35,860
BANKNIFTY02JUL2022400PE,2020/07/02,11:49,359.35,361.25,351,357.25,2060
BANKNIFTY02JUL2022400PE,2020/07/02,11:50,357.25,360,356.7,358.75,500
BANKNIFTY02JUL2022400PE,2020/07/02,11:51,358.75,358.75,339.55,339.55,1200
BANKNIFTY02JUL2022400PE,2020/07/02,11:52,339.55,345.55,333.15,339.7,3420
BANKNIFTY02JUL2022400PE,2020/07/02,11:53,339.7,352.7,331.75,352.7,600
BANKNIFTY02JUL2022400PE,2020/07/02,11:54,352.7,377.1,349.05,376.8,2320
BANKNIFTY02JUL2022400PE,2020/07/02,11:55,381.8,382.85,360.15,362.85,1900
BANKNIFTY02JUL2022400PE,2020/07/02,11:56,362.85,379,362.85,378.5,1380
BANKNIFTY02JUL2022400PE,2020/07/02,11:57,378.5,380,352.15,353.3,520
BANKNIFTY02JUL2022400PE,2020/07/02,11:58,353.3,356.5,343.6,351.3,1380
BANKNIFTY02JUL2022400PE,2020/07/02,11:59,351.3,359.1,335.4,346.8,1460
BANKNIFTY02JUL2022400PE,2020/07/02,12:00,346.8,346.8,330.65,342.15,600
BANKNIFTY02JUL2022400PE,2020/07/02,12:01,342.15,350.7,342.15,348.4,640
BANKNIFTY02JUL2022400PE,2020/07/02,12:02,349.9,360.05,348.75,349.15,1300
BANKNIFTY02JUL2022400PE,2020/07/02,12:03,349.15,349.15,319.75,329,6100
BANKNIFTY02JUL2022400PE,2020/07/02,12:04,329,335.2,325.65,331.75,1900
BANKNIFTY02JUL2022400PE,2020/07/02,12:05,331.75,334,308.55,313,2360
BANKNIFTY02JUL2022400PE,2020/07/02,12:06,313,313,295.05,295.1,6420
BANKNIFTY02JUL2022400PE,2020/07/02,12:07,300,312.95,300,310.1,4040
BANKNIFTY02JUL2022400PE,2020/07/02,12:08,310.1,318.45,307.25,310,2480
BANKNIFTY02JUL2022400PE,2020/07/02,12:09,310,310,276,281.6,13140
BANKNIFTY02JUL2022400PE,2020/07/02,12:10,284,296.2,281.8,292.25,4300
BANKNIFTY02JUL2022400PE,2020/07/02,12:11,292.25,303,289.5,296.5,4280
BANKNIFTY02JUL2022400PE,2020/07/02,12:12,296.5,309.7,295.4,300,4420
BANKNIFTY02JUL2022400PE,2020/07/02,12:13,300,302.8,296.35,296.35,260
BANKNIFTY02JUL2022400PE,2020/07/02,12:14,292.1,295,277.8,277.8,5980
BANKNIFTY02JUL2022400PE,2020/07/02,12:15,267.7,278.75,265.25,277.6,6120
BANKNIFTY02JUL2022400PE,2020/07/02,12:16,275,296.75,275,290.7,4140
BANKNIFTY02JUL2022400PE,2020/07/02,12:17,290.7,336.25,290.7,326.4,9000
BANKNIFTY02JUL2022400PE,2020/07/02,12:18,325.9,326.3,316.8,319.4,4840
BANKNIFTY02JUL2022400PE,2020/07/02,12:19,319.4,320,311.95,320,1120
BANKNIFTY02JUL2022400PE,2020/07/02,12:20,320,320,300,304.55,2600
BANKNIFTY02JUL2022400PE,2020/07/02,12:21,304.55,306.85,298.3,304,2600
BANKNIFTY02JUL2022400PE,2020/07/02,12:22,304,305.6,292.45,295,2280
BANKNIFTY02JUL2022400PE,2020/07/02,12:23,295,297.9,291.8,296,1500
BANKNIFTY02JUL2022400PE,2020/07/02,12:24,296,303,287.4,302.6,960
BANKNIFTY02JUL2022400PE,2020/07/02,12:25,302.6,320,302.6,310.8,2180
BANKNIFTY02JUL2022400PE,2020/07/02,12:26,310.8,316.35,300.3,300.3,2280
BANKNIFTY02JUL2022400PE,2020/07/02,12:27,300.3,304.1,292,301,2940
BANKNIFTY02JUL2022400PE,2020/07/02,12:28,302,312.25,301.95,310,4680
BANKNIFTY02JUL2022400PE,2020/07/02,12:29,310,315.4,298.7,298.7,4980
BANKNIFTY02JUL2022400PE,2020/07/02,12:30,298.7,301.1,285.75,298.45,13380
BANKNIFTY02JUL2022400PE,2020/07/02,12:31,298.45,299.5,280.3,295.3,13360
BANKNIFTY02JUL2022400PE,2020/07/02,12:32,295.75,310,295.75,306.25,10320
BANKNIFTY02JUL2022400PE,2020/07/02,12:33,305,311.95,295,300.75,9880
BANKNIFTY02JUL2022400PE,2020/07/02,12:34,302.7,343.8,300,343.8,9600
BANKNIFTY02JUL2022400PE,2020/07/02,12:35,352.85,372.3,335,336,13960
BANKNIFTY02JUL2022400PE,2020/07/02,12:36,336,336.15,322,324.85,7200
BANKNIFTY02JUL2022400PE,2020/07/02,12:37,324.1,330,315.55,321.85,7940
BANKNIFTY02JUL2022400PE,2020/07/02,12:38,320.5,332.9,320.5,327.1,8300
BANKNIFTY02JUL2022400PE,2020/07/02,12:39,327.1,336.6,309,309.75,4380
BANKNIFTY02JUL2022400PE,2020/07/02,12:40,313.9,313.9,295.1,305.75,6960
BANKNIFTY02JUL2022400PE,2020/07/02,12:41,305.75,305.75,290.5,293,4600
BANKNIFTY02JUL2022400PE,2020/07/02,12:42,293,300.05,290,290,4440
BANKNIFTY02JUL2022400PE,2020/07/02,12:43,290,294,268.3,280.8,9520
BANKNIFTY02JUL2022400PE,2020/07/02,12:44,282.2,287.85,272.3,277,3660
BANKNIFTY02JUL2022400PE,2020/07/02,12:45,271.55,271.55,250.4,257.7,17060
BANKNIFTY02JUL2022400PE,2020/07/02,12:46,255.15,279.55,254.1,275.15,7600
BANKNIFTY02JUL2022400PE,2020/07/02,12:47,274.8,292.7,269.7,281,7840
BANKNIFTY02JUL2022400PE,2020/07/02,12:48,281,289.3,276.25,276.25,4920
BANKNIFTY02JUL2022400PE,2020/07/02,12:49,276.25,288.45,275.8,288.45,5300
BANKNIFTY02JUL2022400PE,2020/07/02,12:50,288.45,290.4,279.65,283.9,5900
BANKNIFTY02JUL2022400PE,2020/07/02,12:51,283.9,320.05,283.9,310.9,6900
BANKNIFTY02JUL2022400PE,2020/07/02,12:52,312.95,312.95,301,306,2780
BANKNIFTY02JUL2022400PE,2020/07/02,12:53,306,312.8,299.55,300.7,5700
BANKNIFTY02JUL2022400PE,2020/07/02,12:54,307.4,321.4,300.25,312.95,3500
BANKNIFTY02JUL2022400PE,2020/07/02,12:55,309.5,321.65,300.95,315.35,5360
BANKNIFTY02JUL2022400PE,2020/07/02,12:56,315,326.9,299.25,304.8,4840
BANKNIFTY02JUL2022400PE,2020/07/02,12:57,305.85,307.95,299.05,300,3620
BANKNIFTY02JUL2022400PE,2020/07/02,12:58,300,308,294.7,295.2,1520
BANKNIFTY02JUL2022400PE,2020/07/02,12:59,295.2,300.25,290,293.2,2160
BANKNIFTY02JUL2022400PE,2020/07/02,13:00,293.2,295.95,278.7,284.8,4880
BANKNIFTY02JUL2022400PE,2020/07/02,13:01,284.8,308.8,282.2,306.45,6000
BANKNIFTY02JUL2022400PE,2020/07/02,13:02,306.45,312.95,302.3,306.6,4740
BANKNIFTY02JUL2022400PE,2020/07/02,13:03,306.6,342.6,306.6,335.95,10660
BANKNIFTY02JUL2022400PE,2020/07/02,13:04,338.1,340.95,326,330.1,4060
BANKNIFTY02JUL2022400PE,2020/07/02,13:05,332,353.35,330,350,6480
BANKNIFTY02JUL2022400PE,2020/07/02,13:06,348.4,385.55,348.15,349.5,7320
BANKNIFTY02JUL2022400PE,2020/07/02,13:07,352.4,356.6,331.5,335.3,3160
BANKNIFTY02JUL2022400PE,2020/07/02,13:08,335.3,347,321.6,332,2420
BANKNIFTY02JUL2022400PE,2020/07/02,13:09,337.15,340.45,333.1,340,1140
BANKNIFTY02JUL2022400PE,2020/07/02,13:10,340,340.65,333.15,340.6,460
BANKNIFTY02JUL2022400PE,2020/07/02,13:11,340.6,358.65,333.65,346.65,2100
BANKNIFTY02JUL2022400PE,2020/07/02,13:12,346.65,360.45,346.65,353,2380
BANKNIFTY02JUL2022400PE,2020/07/02,13:13,352,362.95,335.85,335.85,2900
BANKNIFTY02JUL2022400PE,2020/07/02,13:14,338.15,338.15,310,312.95,4820
BANKNIFTY02JUL2022400PE,2020/07/02,13:15,307.75,313.9,292.25,302.25,4980
BANKNIFTY02JUL2022400PE,2020/07/02,13:16,302.25,307.25,286.75,304.35,2420
BANKNIFTY02JUL2022400PE,2020/07/02,13:17,306.6,306.6,283,295.1,3300
BANKNIFTY02JUL2022400PE,2020/07/02,13:18,295.1,296.9,276.55,290.95,2720
BANKNIFTY02JUL2022400PE,2020/07/02,13:19,290.95,300,285,295,1120
BANKNIFTY02JUL2022400PE,2020/07/02,13:20,295,300,285,290.3,1480
BANKNIFTY02JUL2022400PE,2020/07/02,13:21,290.3,327.2,288,321.9,2840
BANKNIFTY02JUL2022400PE,2020/07/02,13:22,324.55,325,308.8,321.3,4660
BANKNIFTY02JUL2022400PE,2020/07/02,13:23,321.3,327.15,312.45,312.45,1080
BANKNIFTY02JUL2022400PE,2020/07/02,13:24,310.3,311.1,281.5,294.25,4180
BANKNIFTY02JUL2022400PE,2020/07/02,13:25,294.3,294.3,265,277.4,5460
BANKNIFTY02JUL2022400PE,2020/07/02,13:26,277.4,291.25,270,289.35,2620
BANKNIFTY02JUL2022400PE,2020/07/02,13:27,292.6,318.8,292.6,314,4280
BANKNIFTY02JUL2022400PE,2020/07/02,13:28,315,322.9,313.1,315.05,1100
BANKNIFTY02JUL2022400PE,2020/07/02,13:29,315.05,320,294.45,294.45,2280
BANKNIFTY02JUL2022400PE,2020/07/02,13:30,294.45,300,290,300,1120
BANKNIFTY02JUL2022400PE,2020/07/02,13:31,300,319.8,298,298,2940
BANKNIFTY02JUL2022400PE,2020/07/02,13:32,295.85,313.75,288.25,305.55,880
BANKNIFTY02JUL2022400PE,2020/07/02,13:33,305.55,318,300,304.2,1800
BANKNIFTY02JUL2022400PE,2020/07/02,13:34,304.2,315,299,315,1620
BANKNIFTY02JUL2022400PE,2020/07/02,13:35,315,317.5,306.85,311.8,2340
BANKNIFTY02JUL2022400PE,2020/07/02,13:36,315.15,343.75,310.7,335.55,7340
BANKNIFTY02JUL2022400PE,2020/07/02,13:37,337.6,349.9,325,326.3,2320
BANKNIFTY02JUL2022400PE,2020/07/02,13:38,332,337.25,306,315.5,4280
BANKNIFTY02JUL2022400PE,2020/07/02,13:39,315.4,320,304.1,311.25,1920
BANKNIFTY02JUL2022400PE,2020/07/02,13:40,306.6,309.7,291.65,297.65,1980
BANKNIFTY02JUL2022400PE,2020/07/02,13:41,297.65,303.3,284.55,288,2220
BANKNIFTY02JUL2022400PE,2020/07/02,13:42,291.5,302.2,290,300,2260
BANKNIFTY02JUL2022400PE,2020/07/02,13:43,300,307.85,290.4,293.6,320
BANKNIFTY02JUL2022400PE,2020/07/02,13:44,293.6,308.2,293.6,295,2720
BANKNIFTY02JUL2022400PE,2020/07/02,13:45,295,295,234.3,234.3,18140
BANKNIFTY02JUL2022400PE,2020/07/02,13:46,230.85,247.4,227.95,247.4,5940
BANKNIFTY02JUL2022400PE,2020/07/02,13:47,246.85,247.7,238.7,247.7,4880
BANKNIFTY02JUL2022400PE,2020/07/02,13:48,247.7,256,233.95,244.2,3580
BANKNIFTY02JUL2022400PE,2020/07/02,13:49,244.2,245.1,235,236,1360
BANKNIFTY02JUL2022400PE,2020/07/02,13:50,235,235.7,211.05,220,6480
BANKNIFTY02JUL2022400PE,2020/07/02,13:51,220,225.7,212,221.15,3500
BANKNIFTY02JUL2022400PE,2020/07/02,13:52,221.15,231.45,211.95,230,2940
BANKNIFTY02JUL2022400PE,2020/07/02,13:53,233.9,234.45,224.85,224.95,2420
BANKNIFTY02JUL2022400PE,2020/07/02,13:54,227,227,208.2,208.2,2240
BANKNIFTY02JUL2022400PE,2020/07/02,13:55,208.2,209.2,195.9,206,12020
BANKNIFTY02JUL2022400PE,2020/07/02,13:56,206,219.75,203.9,212.5,3960
BANKNIFTY02JUL2022400PE,2020/07/02,13:57,212.5,213.5,200,213,5540
BANKNIFTY02JUL2022400PE,2020/07/02,13:58,211.7,222.55,184.8,191.05,10600
BANKNIFTY02JUL2022400PE,2020/07/02,13:59,194.4,205,190,196.05,9120
BANKNIFTY02JUL2022400PE,2020/07/02,14:00,196.6,196.6,176.65,177.95,9440
BANKNIFTY02JUL2022400PE,2020/07/02,14:01,178.2,184,169,179.8,12460
BANKNIFTY02JUL2022400PE,2020/07/02,14:02,179.45,196.45,173.05,192.5,12720
BANKNIFTY02JUL2022400PE,2020/07/02,14:03,192.2,227.3,189.5,227.3,12520
BANKNIFTY02JUL2022400PE,2020/07/02,14:04,226.3,248.35,220.45,232.15,15600
BANKNIFTY02JUL2022400PE,2020/07/02,14:05,231.65,231.65,208.4,216.65,8820
BANKNIFTY02JUL2022400PE,2020/07/02,14:06,219,239.6,211,239.6,6680
BANKNIFTY02JUL2022400PE,2020/07/02,14:07,239.6,239.6,209.05,209.05,10200
BANKNIFTY02JUL2022400PE,2020/07/02,14:08,206.85,210.65,197.1,205.5,5340
BANKNIFTY02JUL2022400PE,2020/07/02,14:09,207.8,209.9,200.05,204.5,6300
BANKNIFTY02JUL2022400PE,2020/07/02,14:10,206.65,217.5,204.6,206,4500
BANKNIFTY02JUL2022400PE,2020/07/02,14:11,207.5,225,203.2,219.65,4560
BANKNIFTY02JUL2022400PE,2020/07/02,14:12,216.65,231.35,214.25,225.8,10120
BANKNIFTY02JUL2022400PE,2020/07/02,14:13,225.8,227.5,192,198.4,8980
BANKNIFTY02JUL2022400PE,2020/07/02,14:14,199.1,204.25,177.7,180.65,9100
BANKNIFTY02JUL2022400PE,2020/07/02,14:15,176.2,179.4,165.5,178.25,8600
BANKNIFTY02JUL2022400PE,2020/07/02,14:16,178.25,195,175,183.6,9740
BANKNIFTY02JUL2022400PE,2020/07/02,14:17,183.6,183.6,164.75,169.75,6960
BANKNIFTY02JUL2022400PE,2020/07/02,14:18,171.4,190.3,170.85,184.55,7700
BANKNIFTY02JUL2022400PE,2020/07/02,14:19,184.55,192.95,173.7,187.6,4500
BANKNIFTY02JUL2022400PE,2020/07/02,14:20,187.6,192.45,175,192.45,4320
BANKNIFTY02JUL2022400PE,2020/07/02,14:21,192.7,201.05,181.8,181.8,8620
BANKNIFTY02JUL2022400PE,2020/07/02,14:22,182.95,191.9,175.25,189.5,8980
BANKNIFTY02JUL2022400PE,2020/07/02,14:23,189.5,197.6,184.3,191.05,3520
BANKNIFTY02JUL2022400PE,2020/07/02,14:24,185.85,209.2,183.45,209.2,11560
BANKNIFTY02JUL2022400PE,2020/07/02,14:25,212.3,212.3,183.15,193.2,9680
BANKNIFTY02JUL2022400PE,2020/07/02,14:26,192.1,206.9,190.8,198.25,7700
BANKNIFTY02JUL2022400PE,2020/07/02,14:27,198.25,206.75,197.05,203.15,5060
BANKNIFTY02JUL2022400PE,2020/07/02,14:28,202.65,206.7,177.75,183.4,6800
BANKNIFTY02JUL2022400PE,2020/07/02,14:29,183.4,194.1,181.45,194.1,2560
BANKNIFTY02JUL2022400PE,2020/07/02,14:30,194.1,203.5,183.5,185,8360
BANKNIFTY02JUL2022400PE,2020/07/02,14:31,185,292.3,185,280.45,45440
BANKNIFTY02JUL2022400PE,2020/07/02,14:32,283,336.05,270.3,311.95,36940
BANKNIFTY02JUL2022400PE,2020/07/02,14:33,311.05,314.8,292.15,297.35,13600
BANKNIFTY02JUL2022400PE,2020/07/02,14:34,297.35,307.85,273.8,273.8,12260
BANKNIFTY02JUL2022400PE,2020/07/02,14:35,284,288.25,268.85,272.8,10560
BANKNIFTY02JUL2022400PE,2020/07/02,14:36,272.45,309.5,269,309.5,8020
BANKNIFTY02JUL2022400PE,2020/07/02,14:37,311.2,314.65,291.15,308,9880
BANKNIFTY02JUL2022400PE,2020/07/02,14:38,304.35,354.5,301.7,335.35,18460
BANKNIFTY02JUL2022400PE,2020/07/02,14:39,329.05,354.65,329.05,342,9300
BANKNIFTY02JUL2022400PE,2020/07/02,14:40,345,345.25,309.7,318.7,10940
BANKNIFTY02JUL2022400PE,2020/07/02,14:41,313.65,319.9,303.15,308.65,25420
BANKNIFTY02JUL2022400PE,2020/07/02,14:42,302.55,313.95,301.4,312.9,24620
BANKNIFTY02JUL2022400PE,2020/07/02,14:43,312.9,329.7,306.5,328.55,16920
BANKNIFTY02JUL2022400PE,2020/07/02,14:44,329.75,365.15,329.75,352.75,22140
BANKNIFTY02JUL2022400PE,2020/07/02,14:45,352.75,393.7,352.75,391.05,14460
BANKNIFTY02JUL2022400PE,2020/07/02,14:46,393.8,421.05,378.5,379.8,19080
BANKNIFTY02JUL2022400PE,2020/07/02,14:47,378.4,385.15,361.05,366.5,13500
BANKNIFTY02JUL2022400PE,2020/07/02,14:48,364.95,394.65,364.95,377.25,10460
BANKNIFTY02JUL2022400PE,2020/07/02,14:49,377.25,382.75,350.35,351.85,8820
BANKNIFTY02JUL2022400PE,2020/07/02,14:50,351.9,354,334.25,350.75,5080
BANKNIFTY02JUL2022400PE,2020/07/02,14:51,347.7,368.85,344.25,364.95,4180
BANKNIFTY02JUL2022400PE,2020/07/02,14:52,366,366,341.85,343.85,2880
BANKNIFTY02JUL2022400PE,2020/07/02,14:53,343.85,356.4,341.85,350.95,1940
BANKNIFTY02JUL2022400PE,2020/07/02,14:54,351,367.65,351,351.3,3340
BANKNIFTY02JUL2022400PE,2020/07/02,14:55,351.3,369.95,351.3,357.5,5360
BANKNIFTY02JUL2022400PE,2020/07/02,14:56,357.5,357.5,334.1,347.45,3480
BANKNIFTY02JUL2022400PE,2020/07/02,14:57,347.45,367,340.8,363.6,1960
BANKNIFTY02JUL2022400PE,2020/07/02,14:58,364.55,397.25,362.6,389.05,11600
BANKNIFTY02JUL2022400PE,2020/07/02,14:59,393.65,408.25,386.65,406.95,3960
BANKNIFTY02JUL2022400PE,2020/07/02,15:00,406.95,406.95,381.45,398.5,2000
BANKNIFTY02JUL2022400PE,2020/07/02,15:01,395,401,388.6,396.55,3700
BANKNIFTY02JUL2022400PE,2020/07/02,15:02,396.55,406.7,387.45,402,10280
BANKNIFTY02JUL2022400PE,2020/07/02,15:03,402,414.1,395.45,414.1,6020
BANKNIFTY02JUL2022400PE,2020/07/02,15:04,415,448.75,415,437.45,6840
BANKNIFTY02JUL2022400PE,2020/07/02,15:05,437.45,437.45,412.1,421.35,8880
BANKNIFTY02JUL2022400PE,2020/07/02,15:06,421.35,437.35,421.35,437.35,1340
BANKNIFTY02JUL2022400PE,2020/07/02,15:07,437.35,445,418.25,425.3,7180
BANKNIFTY02JUL2022400PE,2020/07/02,15:08,424.2,426.8,416.7,421.75,4240
BANKNIFTY02JUL2022400PE,2020/07/02,15:09,421.75,422.05,395,400.35,4820
BANKNIFTY02JUL2022400PE,2020/07/02,15:10,402.45,418.8,398.55,416,3460
BANKNIFTY02JUL2022400PE,2020/07/02,15:11,416,422,410.8,414.75,6260
BANKNIFTY02JUL2022400PE,2020/07/02,15:12,414.75,423.35,414.75,418.4,1620
BANKNIFTY02JUL2022400PE,2020/07/02,15:13,418.4,438.1,418.4,436.9,4220
BANKNIFTY02JUL2022400PE,2020/07/02,15:14,435.35,444.15,431.6,444.05,2900
BANKNIFTY02JUL2022400PE,2020/07/02,15:15,444.25,451.85,441.65,451.55,5220
BANKNIFTY02JUL2022400PE,2020/07/02,15:16,451.55,462.35,451.55,455.2,6320
BANKNIFTY02JUL2022400PE,2020/07/02,15:17,455.2,461.4,450.1,456.6,3040
BANKNIFTY02JUL2022400PE,2020/07/02,15:18,456.6,461.45,454,461.45,3280
BANKNIFTY02JUL2022400PE,2020/07/02,15:19,462,466.35,454.8,455.7,3060
BANKNIFTY02JUL2022400PE,2020/07/02,15:20,455.7,455.95,447.1,448.8,4720
BANKNIFTY02JUL2022400PE,2020/07/02,15:21,449.2,449.2,440.7,447.7,4160
BANKNIFTY02JUL2022400PE,2020/07/02,15:22,447.7,447.7,441.25,443.2,1520
BANKNIFTY02JUL2022400PE,2020/07/02,15:23,443.2,444.85,442.2,442.95,420
BANKNIFTY02JUL2022400PE,2020/07/02,15:24,442.95,444.7,442.9,444.6,840
BANKNIFTY02JUL2022400PE,2020/07/02,15:25,444.6,444.8,441.3,444.75,1000
BANKNIFTY02JUL2022400PE,2020/07/02,15:26,444.75,445.85,444.3,445.65,800
BANKNIFTY02JUL2022400PE,2020/07/02,15:27,445.4,446.7,445.4,446.55,580
BANKNIFTY02JUL2022400PE,2020/07/02,15:28,446.55,446.55,444.2,444.2,260
BANKNIFTY02JUL2022400PE,2020/07/02,15:29,444.2,447.3,444.2,446.7,200
